vibration,temperature,noise,current,rpm,pressure,label
4.960015893759504,68.75225597903228,79.70282358195607,9.048964811346163,1390.9346147941305,5.9511361612669145,Misalignment
5.983198842495711,60.7347803621321,79.39698987431414,11.777791935428949,1431.9809209268365,6.350896482787213,Misalignment
1.5703537685583808,56.843753920412496,55.20558699585501,10.878450301307273,1479.0014817802748,5.926055054581896,Healthy
2.6112706693370153,54.227352589655986,57.85836088918447,9.64786644951177,1490.646183711067,6.146177625745631,Healthy
2.2154105015039414,65.70823800435231,57.967924918076925,9.487757270928462,1463.7245454350425,6.246391769030199,Healthy
1.9430262711725625,50.79921761518736,55.877593921543806,10.650592787824701,1494.8650834240689,6.217261707322078,Healthy
6.23216132306672,65.58342904570364,76.09344298364506,11.87142877794819,1436.7078664632404,6.171565425228758,Misalignment
2.1445596993449922,58.1564411291927,52.71422090072167,9.680328783642699,1470.5925469141441,5.744448860702663,Healthy
2.7474706556171977,50.670844421533786,64.84139177295741,8.317130228384196,1473.3022994002845,6.065101226042002,Healthy
7.853471895751426,74.76008341119955,82.90764956650938,11.30647231100315,1475.7392764377146,5.723478270047353,Bearing Wear
4.866712785996519,60.402738569991946,77.48580372026882,11.142425736070566,1450.714560622033,5.729098941465387,Misalignment
6.625590393967337,63.45326730139881,77.28387618778706,10.33807405893335,1419.1083846030479,5.747304842400669,Misalignment
3.3895779846284655,92.18358595878365,65.06247059363844,14.721119988358863,1417.8612470411977,5.766154043589115,Overheating
1.7883508439779232,54.601408945468,51.56332783020985,8.552887527576912,1453.546007752912,5.6011012689594075,Healthy
2.366164661247957,69.73102467576366,77.79536978671639,12.572483234726288,1478.4378892116772,3.733191159995062,Valve/Leak
1.5249889725447094,53.30483462049719,64.20154068728698,8.27267957680765,1488.6884728709172,6.095094240932911,Healthy
1.2769710728057726,55.360647538569346,57.35253645468099,10.232676211354704,1480.4370429104688,6.640711556528366,Healthy
2.181202005902508,96.0756538097379,66.09998341985883,16.038781362860654,1433.4044498365831,5.642748423659803,Overheating
1.4056184728385746,51.80124233625126,55.36712029297237,9.610190196844233,1452.4662770488737,6.254060378725762,Healthy
1.264596852748671,49.92210459396229,61.56756923725098,10.838126567894381,1519.9346178338358,7.1655449864029315,Healthy
2.307323315977695,59.207722315612145,71.60626877406301,12.024470685627609,1449.6160684955078,3.8939516004700963,Valve/Leak
2.532990115393822,55.785242837226725,59.20682581480656,8.964346247174188,1446.506341105913,5.8054768363706675,Healthy
2.140343383475713,63.839649567899414,60.65137260736443,10.982739511023057,1470.014088029217,5.5260224934331905,Healthy
1.6373869677321233,65.64234866217582,55.89306660387807,10.838489203736344,1461.9414564382594,6.372629205149698,Healthy
1.9216810511709548,54.79618736932283,56.72606152285305,10.44607220148208,1470.9003303931845,5.509757694493101,Healthy
3.1208115424054834,81.47454753846262,70.95994968144063,12.85763400866814,1467.1456534900635,4.853000870853412,Valve/Leak
5.589072769166263,70.53144355029944,77.14378219230807,12.535755991995991,1435.4970331166571,5.4102123873118,Misalignment
2.825463966115625,63.61832860391648,59.102403933587,9.616812678864012,1509.228885844844,5.557181727182605,Healthy
2.321663397344522,53.026974385702054,59.97439066639964,9.836557101475487,1486.7514909759786,6.562992744525487,Healthy
2.321969396638429,44.74913949484488,59.75640799034941,9.156769729707129,1455.6237387915273,5.6487390532285,Healthy
6.915902542356013,58.36803641130218,75.15315746297209,10.515830566666422,1420.1698071691412,6.301103130121842,Misalignment
4.0699184859541955,94.0729659245006,61.52028694164648,13.66421177467925,1409.6998716508488,5.570629343381484,Overheating
2.045244890813937,56.14114165069453,72.5873701876696,11.87684461128167,1462.9351329888236,5.88504665538033,Healthy
6.291151583243816,71.89363002154204,92.2351217253294,10.906374243384587,1430.3756067979662,4.941084388104538,Bearing Wear
5.725102705768524,66.82336343580356,79.73883533099448,11.858606168621165,1397.2681482593011,5.213181901843604,Bearing Wear
1.3562887093629845,49.5160721077268,69.18456764160658,12.905067169240407,1456.5686674234933,5.852700417284788,Healthy
2.864348822202796,50.065714607858816,58.77361077028945,10.777337576061743,1488.6953214893324,5.849537571507961,Healthy
1.312552095815009,53.80913128012667,58.66806254995522,10.232169889626256,1468.8934556236197,6.188615409018055,Healthy
3.1243434621347728,97.11053845039523,65.26577673788934,14.000126589637121,1371.1376786582862,5.626597704669323,Overheating
3.4070419316323917,65.46584154465297,67.86677451237621,10.385846552556501,1464.7388558061045,5.5550354112066325,Healthy
6.262749225147139,67.40071701695805,66.27707006512904,11.92743848155818,1443.6326101464308,5.455827726234209,Misalignment
6.26371720435652,65.26233399178122,73.53914407098223,10.896511731934039,1422.4406786537934,5.961025004840987,Misalignment
3.4333415590687024,63.81574867745158,75.88256210686224,11.2959939896871,1418.8425625603613,5.197311287008567,Misalignment
2.8636751070820923,47.33069297541931,64.31914006849094,9.671474776877107,1478.773513083423,5.57884059571842,Healthy
2.650022297349479,57.91327620993854,68.66155802704972,11.177411888977694,1488.7817335785915,6.697573810467117,Healthy
3.662390541437647,93.22057427879174,65.33272907929603,12.953864265049585,1439.583357383794,5.028678550754054,Overheating
2.8474791539958724,102.02748256080392,68.75434494365629,16.7309692364702,1429.2309876455458,4.871183897738703,Overheating
1.413996403702592,52.40860078816863,67.55614216638361,10.637533810897697,1466.021391428425,5.5945130534238405,Healthy
1.3917199253094361,51.64429861301709,61.56004735775622,11.155312036106697,1492.1752294444889,5.08348419656076,Healthy
7.0864402878790935,72.48334171223615,94.69725808990725,8.905142584792886,1432.2668972442668,6.0363625291173415,Bearing Wear
2.7379745240267543,56.84178306350329,64.23291992921702,9.429056338478205,1496.2752737993242,6.427388622395616,Healthy
3.1640806248890874,73.62205943569036,64.81992841156371,12.822965583711577,1456.186936688691,4.391696932176748,Valve/Leak
2.2590247426151135,71.24994581808254,78.88873328595383,12.107694125424922,1439.443749567742,4.301153095915597,Valve/Leak
7.013711266672791,77.97376354262194,90.14076389539916,13.262730100335093,1466.623495039723,6.731061240138434,Bearing Wear
1.3971821663467887,104.62552616910284,62.711502845215875,14.161820666514549,1452.3820273944211,4.85909618357643,Overheating
1.1993610314405732,51.02931854987288,62.19818303008497,10.52418784281277,1485.525483586571,5.4348936464430535,Healthy
3.0380475097732678,69.16934379816999,72.75631463029967,13.842344351465524,1463.4560358014671,4.580066542687927,Valve/Leak
3.3710452939210267,67.77196042278071,68.92233151701124,13.236131315988349,1480.5132118854356,4.003129413887714,Valve/Leak
2.7873289664676966,94.29474699603122,69.14759521012036,11.010409443418766,1348.1411068770096,4.9071258410228715,Overheating
5.321735559844823,68.7471694986387,73.57557966808713,11.197790081941852,1462.6765249013238,6.431074452907077,Misalignment
1.6152724165964378,61.76792944784699,60.46063329217055,9.162601776172538,1468.1119929560252,5.407785394973994,Healthy
1.8209916559627854,59.01792509689301,68.60384915582992,8.61781848462296,1487.8565493651984,5.583782424336986,Healthy
1.9344566746561367,45.84547087076235,64.64148495784242,9.394999287191268,1469.321995232529,5.572099035484124,Healthy
7.513468528833901,68.86453395438157,86.97197201369488,12.542882780893265,1489.619849665845,5.662885539654248,Bearing Wear
8.280666899886379,68.01107096741647,91.68755466746427,12.575065669773705,1446.0658740938998,5.939510357618518,Bearing Wear
9.492376634864504,70.41628681079668,85.96114355990245,13.614360236199579,1424.6301690169796,5.933228149047302,Bearing Wear
3.251126569166043,89.99978716430357,57.05216253345515,10.890524846013061,1355.3046354804158,5.3165298860242665,Overheating
2.9686155812147583,60.52996684953649,55.18954441829187,10.347708452450957,1471.8584352729936,5.886254464783962,Healthy
3.4953368935803146,92.9644490966959,70.31925766367179,12.287092660786394,1400.2535624944908,6.539069490638333,Overheating
8.719857407927407,70.54912106903924,88.48466257197877,11.914825208410962,1444.8877725650739,5.488207041309832,Bearing Wear
1.574231405407116,58.32792618156714,65.42643502222955,10.36653140723723,1474.2750253288862,6.181586231723479,Healthy
2.4677735627325745,45.84296957892438,58.32196315940677,8.009188004876002,1450.098783395456,6.545544891925564,Healthy
1.6402598833576048,47.487482719795516,45.177355810791745,9.456504492067365,1528.4083002449481,6.173953708585459,Healthy
2.232540104750153,47.195208235027785,58.513383186511824,10.099477473015739,1478.277986963579,6.316322448676032,Healthy
7.801991221729597,65.86976630661545,90.3868924504633,14.443405421435987,1420.8955144104575,5.444921737714176,Bearing Wear
2.866059209313458,80.42292835239934,67.3447857286469,14.746054691524854,1463.2871454201363,4.329114411661347,Valve/Leak
6.565875427066994,64.35326742445025,82.30861475182988,12.678500925964707,1403.0272278345847,6.054988361060448,Bearing Wear
8.377375192880276,55.63443817059717,80.280605349375,9.470297773148847,1425.2131160090814,5.899066360443577,Bearing Wear
2.797297944841588,94.04489077171964,66.01694120309972,12.487195937085339,1428.273985635962,5.765066388154193,Overheating
6.556533442751263,66.4820900040433,85.17536651365533,10.91290582894749,1420.7875034499627,5.598588967857049,Misalignment
4.755528212398925,60.55601343384541,74.64659809173965,11.334295128497715,1431.5342617565648,5.593785889028116,Misalignment
2.3697063361504735,54.20175846288991,56.73541927667644,10.5484279208298,1483.759471749722,5.420749096233981,Healthy
2.1310179060371905,50.50152606756123,60.949216964187215,8.54517751474221,1506.7237220002435,6.4991799940237724,Healthy
6.363454337839073,52.95039017100063,69.21826169867333,10.70622107984787,1397.8360093571941,6.185758593052264,Misalignment
2.0587082244565584,89.97521957548884,66.17724184154966,16.416674222749432,1351.1050274984038,5.599614448922777,Overheating
1.6785926814565861,87.313584758925,62.88196696769581,13.219117380716883,1432.5040515101457,5.596663887928335,Overheating
3.3607872820305675,68.5347666758661,77.64668330164743,12.246894956275696,1444.084617922444,4.470565805402266,Valve/Leak
6.448099363936204,56.57201341307596,77.69017219964125,9.9656919483256,1437.0582833476478,5.330506225840376,Misalignment
5.193401095692628,58.58682674869739,78.569100682412,11.24164452167675,1411.580695958213,6.480471539608426,Misalignment
6.032107673970935,66.34456723839301,71.90167032935693,11.47113629339993,1413.9964295850582,5.735344671113516,Misalignment
2.1675311579900534,80.52331801442305,73.05468497505947,17.823991928910505,1383.7892293820266,4.725264783751926,Overheating
1.8568885250796654,54.05038079488872,54.43305979039076,10.579561142476477,1490.4901475057218,5.402237752072278,Healthy
8.052684981945891,65.8598016621853,73.31337418965747,10.857996785592478,1448.4577030090568,5.207731357797113,Misalignment
1.804768025268595,64.23912506478023,59.12913633097521,11.66788761111952,1457.9251860443599,6.234903666721117,Healthy
1.565476376067609,55.8869805731847,66.062594184158,9.6762082957134,1446.1607470166048,5.9929748694090215,Healthy
6.589190873603341,69.51047338188927,74.7660867039069,9.576512491018983,1464.4620050657657,5.590912521532128,Bearing Wear
3.627875229286508,96.63421853164544,61.43062587981758,12.024754683412638,1433.4323158525735,5.639740249024172,Overheating
3.2695721835784184,74.52113159234962,72.3262188475721,12.799686483869722,1480.4193966800199,4.512542600624077,Valve/Leak
2.635073956953901,69.38755516233623,67.12538097452811,13.948962065414786,1497.4593610074182,3.97057975342535,Valve/Leak
3.2198540567088596,70.52543099992259,75.71232191883934,10.297867251257145,1439.3323738270776,3.8087918330192774,Valve/Leak
1.518180777815598,50.42421942077037,58.994476727405846,11.112965891660263,1475.098786976186,5.587674511891539,Healthy
2.524586810720675,50.12020591942547,55.44712558039276,10.558548959274223,1475.569277685384,6.25899387628379,Healthy
2.3508318240447834,49.824609429796794,59.93957674605866,9.789309985636843,1455.6821815179173,5.374608820852525,Healthy
1.824523808891011,49.888598591763355,59.51910531538334,11.128018857349304,1434.3852430925615,5.401344524038669,Healthy
4.168943093376264,96.69552189751577,68.83658620230614,12.289758621310654,1355.218564989179,5.679125486689085,Overheating
2.2743694094320634,54.061645045357736,61.390718632273135,10.15811908490511,1495.5553477816984,6.322803312777788,Healthy
0.8763657223295722,60.008726988257536,65.93862546630969,8.979376980486663,1442.8032918690874,6.03961392840288,Healthy
7.797594522434315,67.58148786050725,73.14141651707152,10.106869378415137,1430.3435387501197,5.780294118445898,Misalignment
9.458506781035943,80.71101041243278,91.81629210133256,10.618724403286308,1475.6505797289183,6.055850563799161,Bearing Wear
3.9997322136350215,98.81222685716766,68.70007118152168,14.955359425058315,1413.6316563200842,4.786555548114326,Overheating
1.7219040205754375,48.6007952117999,68.40908309650412,11.728995340885703,1507.1844120059122,6.10208536674235,Healthy
7.01446381672219,71.21678366138667,78.4391717772281,12.59548695674826,1451.8115778527326,5.278939153266214,Bearing Wear
1.9601352180715959,63.9878058332232,64.47106664256705,10.011445439091466,1484.9757461960216,6.017684951241679,Healthy
5.7010873631340555,69.09368873435842,80.52341046008492,10.12452669161528,1465.336654436426,5.956505863973294,Bearing Wear
5.877315362504873,69.97850692949962,80.2961186944816,12.025836842885239,1431.1673962070438,5.56198186881234,Misalignment
7.413525885700429,72.27568020619098,92.72398666963039,13.649969475513124,1446.0331403040648,5.302317648455652,Bearing Wear
2.1086155974052625,53.98958377305298,57.11052945961172,10.2528848149699,1469.9208451717877,5.7487735665098505,Healthy
2.7186051939095566,73.46462633387011,71.63922413711273,11.63268519869011,1447.9689719033647,4.918888469958231,Valve/Leak
6.318189487674578,59.18960243632856,64.41672775514735,9.13815484675749,1430.8732983973,5.91236691121308,Misalignment
8.457027794714202,53.96299340138238,87.37560324658494,14.34215730270536,1416.1665770532486,5.648077395284042,Bearing Wear
5.105653953922471,63.3686899748848,82.13742641842252,12.83738667548752,1419.9218232487956,6.662024085625788,Misalignment
2.8768455133505406,54.53350675173254,60.65528913023072,10.365474472642834,1543.5770735873507,6.340514229937916,Healthy
2.484498935137929,53.19083731457829,57.55124908549396,10.908601359892112,1480.6217117554231,6.111430365804722,Healthy
2.1682915633027173,57.12482948718075,50.31516533647292,10.666572668609534,1460.359611603394,5.423080345776236,Healthy
6.083981003314454,61.532469177138594,79.15515928833987,9.657824833629093,1417.7916875368232,5.6660503460268,Misalignment
2.1394321423236193,49.96053525188228,63.62141338728114,10.0630023683347,1442.1610749337617,5.216563423841188,Healthy
1.889516341106823,54.482899432126835,59.86008771734891,10.225559839510181,1498.952992196966,5.5555580396329765,Healthy
2.2346732994788323,73.73350000301224,77.46968427187868,12.482392674112587,1397.4575038960086,3.3480035686948124,Valve/Leak
2.5538168900038283,92.54966823647165,65.19290561490459,13.53238050376633,1441.9735844217362,5.229593077727452,Overheating
3.3831004308163695,85.78614758044328,66.9484585266,14.1538297755894,1394.1023004032734,6.135310442859705,Overheating
4.442208719366855,70.6474113046314,62.33790133017863,13.08390349719379,1433.0938699920307,3.82412207609325,Valve/Leak
2.2777910443250624,51.88916149872871,64.937025725232,11.157507758021135,1508.726035131266,6.211765362850289,Healthy
1.0596007860129713,53.410467256857686,55.66497371838287,10.119225861127392,1468.5710156160653,5.933536863220107,Healthy
6.796336244295546,72.48275390314129,83.60638402045458,12.11356993193525,1450.1805004130822,5.979329626389264,Bearing Wear
8.976872797123995,71.857720491455,88.53728131621361,10.27370323622165,1447.3636977275314,6.176115785953435,Bearing Wear
2.1058048663975253,59.43196979783976,62.45383354496909,11.200306258259321,1485.7871831391421,5.857720673771587,Healthy
0.5347028120736121,56.914428681925244,41.75793587392609,8.276536592594582,1489.0353720188198,6.191011734906718,Healthy
1.6439489790605306,61.85270494307066,57.57984934213662,12.242920312402985,1479.9616029364731,6.163214470752507,Healthy
2.06551355809671,49.98828009654599,59.45136274152855,9.96438926380991,1452.7051669559687,5.897667171463671,Healthy
2.462178878593717,55.173059370926275,58.58602125426215,9.893818069377424,1484.4624403681232,6.246725679875912,Healthy
1.4792061836893642,60.52339607701265,57.93831563897635,8.583157907403127,1488.8762541876622,6.185347922413075,Healthy
2.114740857731803,58.67791546214187,61.87193225853132,10.631981483761395,1451.914618038185,6.132416061998478,Healthy
3.4834499182443865,93.18428144317733,62.58604920637678,15.305833414129589,1459.1709804269692,6.217748021840143,Overheating
2.912212654695853,97.11632097815806,68.83411435892121,14.181766923949192,1405.2305675164619,5.829501252750473,Overheating
2.416570450901071,92.51316160498484,68.1695518886687,14.004489936799933,1413.6083990747336,5.768031696880876,Overheating
3.604998530903845,97.27305562075037,58.82593456544261,16.163457186779368,1379.9702102497233,4.837961862725926,Overheating
1.489477419660839,55.260866593287666,58.630747472268816,9.663168032359406,1492.3940393096495,6.135950144477081,Healthy
3.286879920130085,75.69680800801343,57.35227994933534,12.562674097282647,1405.4947483877631,4.218029963398898,Valve/Leak
3.836425819831744,102.12580635632672,66.01387524126184,13.249458383904651,1419.4064445018296,5.288832945070275,Overheating
3.6902954218725372,68.65337192406346,74.834071835455,13.812881642430764,1436.1302045717296,4.6869470641087005,Valve/Leak
7.122311064847189,65.42605925183409,79.84476388854658,11.193506134645466,1466.277833898759,5.417749933039441,Bearing Wear
2.130771129785125,70.77558849336691,70.65788652744405,15.9341561740707,1425.5671086119908,4.9360072832450665,Valve/Leak
3.3289375344127707,95.71008748032922,67.22363409097616,13.769472343456973,1458.1620072582982,5.317411542310111,Overheating
5.355632879786977,64.69874076799357,69.6401872385489,11.45502372034752,1473.353778707796,5.869057528071659,Misalignment
4.885383036932073,63.85353673223846,67.03602870139237,10.087122013281173,1436.8035813832741,6.427605279096559,Misalignment
2.5307319319432793,103.61180093987264,66.21876240200824,13.773128529880436,1417.303778069046,5.524766593471984,Overheating
2.7141667860213317,63.611342041206896,60.73824878486751,13.783893859937473,1453.0824977478571,3.901955550171917,Valve/Leak
7.953918703498753,71.08218365815839,81.06367038015419,13.839439433473425,1497.3755650894489,5.997822662129141,Bearing Wear
3.869371997769668,78.78059589842708,73.68459506267574,13.71801645648986,1472.9915143336625,3.6513311627264784,Valve/Leak
4.644186028873446,61.027002724374725,81.51782533904044,11.840220162694198,1474.621948690576,5.791330246525083,Misalignment
6.711475363515588,70.61218778344345,85.47393229804005,13.700520718135053,1439.1618872498966,5.94081378872117,Bearing Wear
2.2251586390219065,55.015542750928184,56.250933308577416,9.764170637825147,1476.3164850696955,5.891937948265162,Healthy
5.901553997692121,63.780519449113314,64.5127452119493,10.105792648020522,1422.1077972663095,5.625658929529343,Misalignment
1.9175311123018908,61.44222124659126,60.30852317025184,10.037227836421577,1478.22407104575,6.001518500648584,Healthy
4.216467127898538,57.99072553336793,81.74097501366332,12.021791822906353,1470.7031327429204,5.98923487921099,Bearing Wear
2.5095218466208813,60.15097701576366,60.920289156357825,10.962657572486842,1485.4529052686426,5.775406789286847,Healthy
2.055306561289339,55.00669923377244,67.36476786094786,7.5491278714599135,1451.6463165968087,5.525171829450252,Healthy
2.796313464187176,85.95604611336171,60.07420983844587,12.708737482214644,1498.2969636830358,6.2206967790988585,Overheating
1.8182083548466006,49.25398001405853,50.459347933873666,9.883119813591476,1460.0429603351195,5.966059787335196,Healthy
5.238025541689742,65.74313547651415,76.83104798891969,11.417471958742015,1390.3853304752888,6.241874292054225,Misalignment
3.5062863316858452,94.93616794029084,58.11806250461026,13.525703443128219,1414.6145496825507,5.74518615218984,Overheating
4.072245223420737,78.04506462591935,68.46007530160148,13.900146174564334,1508.3448371297047,5.180242300391514,Valve/Leak
1.5367334444214247,62.42459393366926,54.708594745811816,8.67745886670832,1470.276117386019,6.168090683789834,Healthy
1.6747181897972039,51.62893769137745,56.438314677936454,9.120490371341058,1525.6326575455212,6.119004428474222,Healthy
2.608738025504861,93.88425993688371,61.43223009314823,10.022437497621198,1344.8796289260854,4.775752528007843,Overheating
2.0437128205615176,102.94973407628979,64.77781916147823,15.93584564348176,1416.439303076035,5.813023530286063,Overheating
2.2619754770963354,58.64357117037173,57.116763538831535,10.559540370616165,1491.3237551714967,5.780178951547967,Healthy
2.1711101676712095,72.51903325152877,71.9620592127359,12.048969003450503,1460.6646335331525,4.485268518069243,Valve/Leak
2.7759400600612443,61.38490416099022,54.99354283621728,11.683586209538023,1469.3804699088857,6.417949124981771,Healthy
2.670280497234426,84.1538188413504,64.14217744891826,11.660925147041587,1438.691969433711,6.106717062855699,Overheating
7.362364891023125,65.64765086795215,81.22909161917926,13.161742055798058,1448.8438521446976,6.495859216772405,Bearing Wear
2.4996681662372446,55.48706706478891,63.97889004872117,9.552842342670054,1479.0088232489684,5.953800448280426,Healthy
6.662081534581753,68.25124502789183,77.96777347452783,12.536965653917644,1473.480344037089,5.750022124060346,Misalignment
2.563479517519251,72.14013189668734,66.40150330528681,14.94408437096326,1469.092453758574,4.090985435947789,Valve/Leak
1.2635076721636707,82.91538443080826,68.97919327609887,14.090702672176052,1410.0178520104305,4.969441558672581,Overheating
4.402456587280939,76.94519771877518,71.01823927085687,12.473135307874076,1450.135678703265,3.135401055399991,Valve/Leak
8.014579730178225,60.54628403697631,81.03149864615911,10.263803051649866,1421.039464155737,5.82139265072876,Bearing Wear
0.7269159325885683,58.07135219178532,63.76927534966841,9.748897411963087,1430.3858298003092,5.6014325495990445,Healthy
0.6110028596357138,53.262382939032406,54.099996107663706,10.804570301584837,1466.4977209571307,6.161581608294244,Healthy
2.9181129198650098,53.98529028162315,61.88022184811306,8.514944520872564,1503.808271265875,5.695796460771454,Healthy
2.9822017641206315,85.62269392796091,66.14385014464469,15.451199409387517,1411.7173529398917,4.8644409743285095,Overheating
2.3710144514897453,45.61005617017046,54.62616993091143,10.87654360408152,1485.4019086839457,6.164788632850701,Healthy
3.3279869449543416,75.94732806259907,86.26447316330996,12.743434530291411,1440.0529309095377,4.413898199123566,Valve/Leak
1.736642304026896,49.838014902225765,71.54922211045039,10.326843470388022,1465.3542923719585,6.36637212091184,Healthy
2.822982987577518,75.37363723148695,62.24870639060986,13.423152644700608,1507.8238701932937,4.433088831098655,Valve/Leak
6.39147366348611,67.53796015992934,83.47622393171332,11.433290200862592,1477.489343232237,5.106716358716406,Bearing Wear
1.8101567374287195,56.884738928476864,54.36506044899568,11.328631066849436,1504.9126992034376,6.3838362103000295,Healthy
6.829121071066053,67.02427543817855,66.97364376433717,10.975702616229185,1440.936034670998,6.122430109529261,Misalignment
7.349477700216855,78.84166835351857,92.35620345946408,7.699417569325885,1440.4768433548695,5.734139588982419,Bearing Wear
2.047091529116156,61.24378886205253,54.56716070204705,10.336400938689872,1461.6835304540712,5.731235190528129,Healthy
2.5659537439105398,97.77327493406375,55.64390941969506,16.79347634209232,1424.10609785226,5.427000062939896,Overheating
2.013126399736533,79.09518445051594,68.05609134702142,12.755116581941879,1447.708609625863,3.9096742986272077,Valve/Leak
7.307088220125068,73.91048884841824,84.94723186308657,12.769799716615772,1437.434537682249,6.691892736563819,Bearing Wear
7.260937323562985,71.83953725360486,70.73920597017204,13.229273610555973,1459.8647084883596,6.288455602729165,Misalignment
1.8913869208906617,53.95295586480196,61.95265298159759,11.401186275033897,1483.6262843572283,5.6354225507450835,Healthy
2.460575373197396,58.27329764223893,63.72749453262492,9.729071869842192,1461.4202166573884,5.652722627743688,Healthy
7.28433833385514,69.49930730064044,82.36007377282175,7.566571763482395,1412.580475909175,6.248336260561267,Bearing Wear
2.1802958388284206,48.04657285012372,67.19352741179615,9.855972339945323,1485.8008079296708,6.930311916752674,Healthy
6.632121254455531,66.44067889077785,83.0467299308828,12.764847372714804,1446.843275972474,5.641902341998611,Bearing Wear
1.9428950541110817,66.4979454651866,60.45371281876086,11.785318394224728,1487.1463884542125,6.385184229299779,Healthy
2.402368544188812,74.75823573008992,75.93131945479189,13.048307802400556,1427.8401666229076,3.5198708168553368,Valve/Leak
1.1161889435303096,55.54742679723544,65.62521960854012,9.986584213075192,1434.791704853243,5.92369581586618,Healthy
3.0479993751127195,47.71431043540222,58.04661198700402,11.705852680544565,1488.999566826931,6.22532522940657,Healthy
3.2309604770600853,76.66565718167122,65.1430820866434,14.053670294689839,1425.6749245778615,4.364183986415769,Valve/Leak
1.691853455903946,54.88657362337177,56.887299236672234,8.928298673138256,1472.927705167727,5.558404545851335,Healthy
4.849914505847637,68.55988511495525,69.0926046603559,10.433705084418994,1411.2618977535446,6.430058691549936,Misalignment
1.8941330987278029,57.493597205348614,49.46403826335156,9.956866410359092,1519.9502835560952,6.052938602561069,Healthy
2.274064189821098,59.47802621657173,50.0126665355507,8.317673518208974,1484.205825821723,5.714049375240996,Healthy
6.621790732137732,58.392815585721294,77.39191649893601,7.875485970554137,1442.9762338815126,5.724646349094247,Bearing Wear
7.078879039029738,70.99259918258346,74.14805788321945,8.865306332523144,1448.5184474147677,6.12214409140343,Misalignment
8.17777569916974,63.01103142123376,97.05253231711083,10.560858370287198,1472.4766878160256,5.125060922234659,Bearing Wear
4.061458052707735,70.4346010619949,75.03953563079679,13.284346466463095,1457.3760460999956,4.881925162466345,Valve/Leak
1.7534833247055708,67.18055944828977,73.30715037221016,13.474610927635009,1420.823543744114,3.8378287402958997,Valve/Leak
2.7441712841200427,63.744518468390694,66.22977335128313,12.125667417688566,1479.288331494048,4.604560655495122,Valve/Leak
1.8039801020646342,55.69962156019557,55.91712446272213,8.85316791783256,1461.1955758214856,5.746074734411417,Healthy
3.113441691344012,76.37829404270225,60.47741019521055,13.03015445345924,1454.5016051183416,4.370754342768402,Valve/Leak
1.2732003600341846,48.68805350571417,60.14711787792486,11.02878091974551,1435.71625257914,6.138290631920632,Healthy
1.9234870618968936,57.751012480132204,56.48465459551099,9.880633800723123,1447.5817296338369,5.06226267663245,Healthy
1.5075025361377792,52.722360774982846,53.06778873364903,8.590030296916124,1476.5232459981078,5.708169122345741,Healthy
3.3167768932857142,73.92509787794765,71.43160474557067,14.893321845918264,1433.3101557738778,4.172532566898541,Valve/Leak
2.6322699046690183,47.89118175327714,58.43822279172065,11.358121095867261,1490.1615821039813,6.078105212591909,Healthy
2.731339352004578,73.72931437854194,68.4857552500931,12.948905654746667,1461.9649676528759,3.8609642357532508,Valve/Leak
3.4571223242077096,46.11506680336962,61.6200626209499,9.239809911381094,1491.548051550385,6.018622989331145,Healthy
7.17550657650878,65.96210558884091,80.66026144207089,8.655702106211322,1477.7135689374807,6.0500248607569365,Misalignment
4.780124255158478,60.84615059197332,75.72969147072386,10.982962110662537,1438.4920576402997,6.333806064371987,Misalignment
3.779055257373847,95.04969145974756,63.98109069437726,11.793327148422664,1420.1219467350745,4.534356859587585,Overheating
1.2539470822635042,55.26728956308737,59.4041558133604,11.169538147293883,1476.4268966197221,5.722344575541734,Healthy
3.8910179381282646,75.21778181508536,67.68622011086103,12.716264296042583,1420.8205727353638,4.39423710042577,Valve/Leak
3.5262575260848195,72.7717295549476,84.32171079744353,11.679837335530832,1457.4334477239843,5.099143850461531,Valve/Leak
2.51265156389407,73.34380457024069,70.01199613849052,13.33834704087299,1442.5329891003792,4.155339798649633,Valve/Leak
3.0945864163076573,74.700124040531,68.6354835241367,11.061938931298254,1484.7132965712865,4.382262518996401,Valve/Leak
5.719399553161936,57.49665298609081,69.87294936111047,10.46218865364286,1466.8526243684046,5.6441986436450104,Misalignment
1.73084189856921,56.23973780425938,59.293022489280986,10.873056600092744,1469.3037732356288,5.370988699999024,Healthy
5.4681225060572425,58.754700146609736,77.05106007839775,10.534231835141922,1501.238196500793,5.2049141619451476,Misalignment
1.4360234882471654,52.53299329808661,60.70709736670272,7.674628625125713,1484.7365223357606,6.761162984909667,Healthy
2.1299039284027548,60.124608465627,59.18023249986502,9.419039811468517,1434.485271925565,6.2563962877579895,Healthy
1.4936580743059191,55.63298355138847,57.081598215969095,9.471573868884475,1492.125823122174,5.464647035470462,Healthy
1.3011569184407983,51.68649295822368,69.61473097033289,11.127354761642422,1481.9520798499088,5.6237879137995135,Healthy
7.087930377502835,70.2251393940376,84.45477442224423,11.953751228873724,1443.5687467088467,5.223208505743995,Bearing Wear
2.4573120269934234,48.15832851224441,59.05222244230361,9.180246071229156,1482.2270085879622,5.844546727573273,Healthy
2.2532915770951267,48.44098417111394,63.35614005806849,9.225348143737937,1468.4600725724492,6.125527608042849,Healthy
2.4464279081614775,51.127449692433025,56.905267237043184,9.34362910645189,1468.6872250328993,6.4396766222191255,Healthy
9.051932744814485,83.60586522339553,78.81569780840596,12.105628690990933,1414.713990500697,5.4889576289006925,Bearing Wear
2.1542761006893807,88.68867636260951,64.27857810739873,12.17492237242039,1433.6850783655052,5.1328985850329945,Overheating
2.638892439228484,95.43210585150231,58.523294077669824,16.55913763719146,1444.7800272321167,5.618766348294445,Overheating
7.252800253269545,63.27141372389647,93.77413158084016,13.21379209777976,1452.863171154632,4.8254497347010705,Bearing Wear
3.481432792119911,79.27730215033894,76.6550188689528,11.089584397310254,1467.5388076703225,4.707757608241465,Valve/Leak
1.9960477423133818,56.36921199154228,58.496177075766326,8.147838144598799,1473.4860377985253,5.86907782789799,Healthy
1.7182642872874652,52.78493923379266,59.80146858826511,10.442454604969711,1473.9114647428667,5.836140428652799,Healthy
4.079084074104818,67.38517563613229,74.99718451438521,11.039693526597562,1458.8220292278338,5.118873787980701,Misalignment
2.13690192266176,54.96441572435742,60.85088471595966,9.537872924827555,1493.2870734847986,6.373055537196448,Healthy
6.687005849914501,57.35386367431359,89.61541724822277,13.832592999326389,1469.3367523595193,5.448143029052997,Bearing Wear
2.430264853980723,62.79408123899543,55.619450378860215,9.773545415455862,1494.945441022869,6.022964028575263,Healthy
2.2073081425133516,57.89330816907584,60.43981448165501,10.219584927179945,1474.8258819662854,6.591311574286424,Healthy
1.7063396186181106,55.05492756763763,64.39477013850447,8.502626829905463,1453.7940650046912,5.184908596906113,Healthy
4.881694182793456,63.07724944991042,78.30689094945853,10.358457279217154,1436.938460682301,5.7802648368993115,Misalignment
2.2375640336740044,51.54033151912695,59.15674123299774,11.043743397720494,1487.867537405082,5.441215176899547,Healthy
1.457694688781881,62.06256534980503,65.12049419920513,10.289885475918402,1483.1446568687238,5.916387097589032,Healthy
2.740455281376557,73.41341922383937,75.23160619911671,12.325832147769292,1444.5951815002327,3.6028172596377708,Valve/Leak
1.7201232819909484,76.37897273409318,80.85348725249662,14.710394732164367,1419.347887784337,4.5624273357781,Valve/Leak
1.771595009630668,55.507237153250244,49.960534745976645,10.266736167976642,1458.7288054113058,6.079854007164606,Healthy
6.542858224477596,70.12256337713345,71.08410069142417,9.863077418589565,1365.3193087235006,5.79343458636993,Misalignment
1.2244902938259727,57.26509378156086,57.75014809067675,8.924264041354768,1468.9085518871912,6.428521815571846,Healthy
2.908981756951057,75.71463011078912,63.03452826167957,13.038844120872437,1463.6830582621617,3.965081745750637,Valve/Leak
2.453696581748884,75.0589242466567,73.31115262918775,9.499408143163521,1489.757642587753,2.676183717323623,Valve/Leak
2.5126740171288775,53.413566373737794,52.66907008765229,8.90626293828333,1500.5381149264124,5.231398187780544,Healthy
6.933877481149253,62.8456280173454,81.50130956618385,10.474163488347537,1475.9867560257558,6.092971123905135,Bearing Wear
1.798203940740333,50.684071688278614,66.46754984229685,8.64990088187358,1512.0845820937002,5.986682104193225,Healthy
5.322725815990722,60.991905796157745,68.62690798992247,11.094826859730375,1393.1625334792448,5.027853516504725,Misalignment
1.0985719017910587,51.2391956596624,55.45448555698322,9.128783927974187,1520.019262031803,6.022564626867828,Healthy
1.1118008518288527,51.73018433181539,61.07651314970756,8.975471087086994,1498.1612568703597,5.518921365639588,Healthy
2.531158688019553,95.9859239562915,61.79754964072287,13.593659559393593,1390.5547963288807,5.206244897043479,Overheating
2.119194187418713,54.55693027373416,57.84770833269021,10.796544030519996,1475.2833151237164,5.877321084869625,Healthy
2.8482933414854252,48.29821895989398,63.849284465276774,8.106828838761896,1484.3454631645725,6.630033131043493,Healthy
7.204750094247752,66.63730318718154,85.18628320293132,11.621905776894966,1426.4207017620593,5.684049753810052,Bearing Wear
6.0793395177632314,65.1623090758919,76.83853937444695,12.586087539133343,1466.3596978590117,5.8926641776946065,Bearing Wear
3.070294109664582,97.35206562419454,66.51918712818781,13.862689970872689,1378.767126874814,6.3856610463167645,Overheating
1.6670611444397818,57.170049117250535,61.25927207647503,8.595208452389672,1502.4535650912749,5.962322169859666,Healthy
8.42654093722465,73.75405342957693,77.41274804831252,14.665774260386586,1469.7639210509858,5.795921553749982,Bearing Wear
3.1115084486807483,71.8315015493758,66.03819930386807,13.698220527168495,1471.9150741830995,4.2073400699448555,Valve/Leak
3.090950897916252,71.58120728542717,61.99915408759479,11.233825178410978,1474.1288344702443,2.899055842474156,Valve/Leak
1.7609584711230877,61.54123303439955,57.53265895423062,10.659484214251895,1472.0617231752442,6.045499261394458,Healthy
1.76872214183771,59.98277442249202,55.031510614467585,10.294592842558378,1498.4527944557572,6.264014996716134,Healthy
2.3892485461514714,86.72510449190847,60.028324457524405,14.990663849822656,1419.916917370775,5.540902663858966,Overheating
2.3834336466645305,48.876476111747294,65.7947479118845,12.857438423139865,1487.329022931431,6.2332432542630976,Healthy
1.7328506752392288,68.38368382181866,63.4426285534075,11.263594508301981,1503.0589985498912,4.336431259012887,Valve/Leak
6.6291731617645,68.96277350533938,90.787304093436,11.951494321957178,1465.920818140742,5.721598280861993,Bearing Wear
1.296542917199069,45.11125468816436,58.69219049466799,10.056496691993233,1454.2773992658242,5.986210053986147,Healthy
0.9219959969703104,50.424376702602494,62.03631946867734,10.387058729395743,1456.9265016720049,6.063379220199894,Healthy
3.5439510712936286,71.42828527791639,67.19214212005424,12.244786618798594,1471.6954945727414,4.297551986571444,Valve/Leak
6.131873813121152,69.09381975173721,75.4729626647885,11.784688716131686,1456.124683110999,5.578189347910075,Misalignment
2.7717464280072766,56.28329365356131,51.42757052251939,9.286180502781288,1495.4374858473966,5.888129267546843,Healthy
7.400881860312967,59.76356426808095,71.00923321122583,11.211386475048268,1441.7136479616165,6.098537213736293,Misalignment
2.0992893103407586,57.44691969469204,58.70395370342458,10.062698303236715,1482.1506836010726,6.0860392543276145,Healthy
2.2775728409724154,55.221085014500915,55.954370075294804,10.06767125806271,1479.439644302085,6.077272631925279,Healthy
1.7381136107293824,57.1114450956268,65.34231033622149,10.098001914099383,1526.7569023834433,5.84878428330741,Healthy
2.4408359785749125,69.89085158914024,71.49360346237995,14.015564874769275,1467.9773708505893,4.829557424667368,Valve/Leak
1.8339157350804973,68.51992553639693,61.97118824721015,9.280518454021452,1466.1147247550387,5.6229280341874635,Healthy
5.635622707106759,65.63681237828243,74.68245662780866,11.731492407940934,1404.5976772134793,5.469771085542794,Misalignment
3.420671499289928,73.99519387858584,65.14327762541603,13.812981810509672,1441.403476822609,3.9392306776068087,Valve/Leak
2.6505791743260154,58.16710770513674,63.024966878394366,11.24721142114245,1536.2529849647744,5.316309558435938,Healthy
2.5686774410778335,66.89508226570385,63.534500514377726,12.640416323133561,1429.584907117765,4.367521183768707,Valve/Leak
2.2405143323818275,57.53864225819126,63.01503426713338,9.626591063176118,1522.4228680526733,6.093772446592839,Healthy
1.4988121271168913,46.29748505486092,60.086673145756535,9.878194775946666,1470.631486042011,6.804370444960206,Healthy
7.8713180337356015,64.41355907234738,79.00513065201393,12.055208248645432,1455.1902141895669,5.057475373154217,Bearing Wear
2.0070360414367525,53.924254171144355,55.93304793826662,9.46046481807886,1476.462816128544,6.036320009444019,Healthy
8.297027445941046,68.2339136588365,82.26306282330785,12.65648351030146,1468.3253474923256,5.626319826696445,Bearing Wear
3.7836682729247784,102.75011879395204,73.89160453359911,12.700375792010842,1400.5559283733005,5.5045110786474645,Overheating
6.2208844964678365,61.08662798061357,85.55607667617403,10.847466510678132,1452.5798044224287,5.482382583320458,Bearing Wear
6.234298360376898,65.75460763403248,77.89640985660466,13.185863766417626,1438.3186859363254,6.094032706825653,Misalignment
1.3565462797318126,62.91414723386667,55.38260110033348,8.956055928531358,1479.218021575669,5.963923034649045,Healthy
1.84751339064345,61.14687858825052,55.97003195584101,8.60632751563383,1498.8518724179958,6.196918764775215,Healthy
1.2089164919365412,51.27688321780718,59.72647781575365,11.165672089883818,1459.2683605026068,5.966192047395411,Healthy
4.142479191853695,76.2027170076334,77.90529656676138,12.497993240185401,1457.4004944883222,6.2338345565855375,Bearing Wear
1.3358966557890133,67.29132451706406,70.82923077611969,12.766024136656256,1471.9402682439193,4.594683277834853,Valve/Leak
1.8928625287227674,45.7683149443976,57.72259375572591,10.416368148138956,1458.1910549489905,6.25250989204863,Healthy
2.0634334881479215,39.68110066843802,53.609558186440985,11.886189158556082,1469.0692441394324,5.206342710748402,Healthy
7.016026709852407,76.62964293374635,86.66175205131618,12.687838704318253,1460.8902774314356,6.0789953247684,Bearing Wear
2.4855031679795943,47.098303410772324,62.233307576394516,11.141480768103218,1504.0540161307229,5.82935800677636,Healthy
3.742193919640964,110.43510462181838,61.249991318757445,13.238899135399363,1387.7552380616019,5.30391113998449,Overheating
3.237324494326257,62.82650263138433,76.84679029849953,10.50677815449409,1488.0614355058733,5.905350325086346,Misalignment
3.1829942889109777,76.95844385935955,71.67544932360137,14.642541558284275,1461.39848375331,4.448060354044393,Valve/Leak
2.769371633498145,97.42989391354806,76.1719312309884,13.594404586856838,1416.77859571413,6.0031115803477775,Overheating
2.005858208859683,43.08305648521319,62.58351409324233,7.780525741376947,1509.3987446188246,6.067789548477304,Healthy
2.2783110894551593,85.68495516019968,66.30377192070584,13.949594840065787,1380.3383669537134,5.533864512293105,Overheating
3.58416788315834,78.29699163517991,75.06362134932013,14.775354572622632,1455.2482081774813,3.172619346162353,Valve/Leak
2.405867854998251,50.15099802442463,59.11817024755335,9.308230256997687,1510.0405850368627,6.299782806162625,Healthy
7.745921575745165,69.77650448468724,86.18533769516502,10.222223129201524,1384.406740637483,5.860032452138009,Bearing Wear
2.6046322842126886,62.85667908041184,67.84999242499474,9.001976406706122,1472.9546993010047,6.192133718352552,Healthy
8.7761190444567,76.71638297199029,82.67327226670426,10.675200553267313,1473.6672365014972,5.359735494306256,Bearing Wear
1.9426110254990387,62.96456044561404,58.226513485201615,7.5607503614273845,1490.0888929532493,5.720391258758429,Healthy
2.9306362393263012,93.35777602509339,68.95170290892352,11.70070268247094,1379.3194310018257,5.7736151652469525,Overheating
1.8738353035110198,76.01133205954042,76.73856778264923,12.946005750828393,1410.9788600382617,4.552984873349408,Valve/Leak
2.1543996384240827,50.5626808762892,54.200803571165174,9.55808998292031,1476.3340488714548,5.7423166998454205,Healthy
6.464716745849399,75.88114523003094,86.68703899386088,10.953664190105538,1424.0218034850313,5.141001480381024,Bearing Wear
1.822706226374321,43.13902235968243,57.321425636153,9.098965970745049,1511.513551843413,5.318888555242676,Healthy
3.88797571448456,103.14057894478378,61.27508530637179,13.051871265786634,1424.6494158621326,4.569160081221876,Overheating
2.7754132793194306,104.29934339677476,62.8213495591663,14.151405187602732,1445.3515709025605,6.342753893311259,Overheating
2.988214293386602,82.93233132805706,60.86680434885143,14.233097284664586,1434.5421116909686,4.251236183551579,Valve/Leak
5.041988399298771,60.084490361708625,76.38207182126877,11.995539328162682,1426.107913904345,5.928045263493287,Misalignment
5.8340574723844485,74.43815505047753,89.91605858235849,15.905439448125616,1438.7168742832125,5.616767279332748,Bearing Wear
3.573372918238497,68.78947707973973,67.5810239384197,13.64935700586165,1439.3103939816335,3.994733005992493,Valve/Leak
3.7967509478578068,91.37240830292275,55.78807768984664,11.125103798722684,1349.6234773317547,4.974732912720025,Overheating
1.4055599232011975,51.48622520089398,56.12957057508975,9.559492139152006,1506.4500866304625,6.264779035772206,Healthy
2.6311789755353296,92.40060406026187,66.63873234975975,14.876253610028435,1363.695299755976,5.514592302245693,Overheating
3.1693710273364775,99.57289545175212,63.59965686559562,16.724790494210158,1364.750462102558,5.586976166121304,Overheating
1.9498511662782958,54.42838915997626,60.535525150047356,10.8479587434637,1507.554724725495,5.999099902198337,Healthy
2.5087631376132524,76.5957327163574,65.42805085703806,14.308791923305758,1515.266021934831,4.138958056014304,Valve/Leak
2.616348946728624,79.39125080573582,73.31846072215147,13.298696318410036,1485.216708898871,4.442226719624212,Valve/Leak
3.7355389413175883,104.13020271642175,66.79398041953127,15.357889102240932,1387.7149170765686,5.259415675376397,Overheating
2.108102338161344,59.024402829311896,60.61870007205695,9.413484349080036,1480.219657851648,6.574397607107086,Healthy
4.946232208323449,68.70853326054308,95.69376275622827,11.679304707225066,1395.9856392479746,6.557219554169017,Bearing Wear
1.9649935705935997,53.14291131958966,65.41175964895868,9.458016599773808,1502.9651284903198,6.2168781142897025,Healthy
6.145514805335595,64.1251598164291,80.22820060104632,10.134657167898165,1381.3422461950938,6.14577604915699,Misalignment
3.336168806758237,74.44637021770824,68.07675772997472,13.94497924526263,1458.8610468311365,3.956443219592411,Valve/Leak
3.010319849387916,46.32511958977284,62.49894052147899,8.320889572376283,1477.8353332335405,5.826549005938325,Healthy
7.466845108520515,67.71977162684682,72.40476194463254,13.259352136161379,1493.0501853396681,6.396049736918629,Bearing Wear
3.032240697003981,79.96893972537478,80.09430151204059,14.36028244345075,1436.461559944255,4.300672426607461,Valve/Leak
4.828459637299325,72.81616395772464,98.63795095587633,12.959904248701188,1494.2023924432526,5.873165892051482,Bearing Wear
3.3050171120647804,90.1050401120934,60.18112406382806,15.899456835754048,1454.8936937146607,5.1035574737650595,Overheating
2.9304320195151834,97.03885144694259,67.30109319717532,15.491525702186477,1403.3087280745276,6.064064798120774,Overheating
6.624184272469533,60.83368704231377,85.79329505352418,11.469824923204966,1451.3899227603529,5.2567256755153835,Misalignment
8.485460425502477,71.72134670975562,73.51732159102644,13.557434893475728,1433.6865158694184,6.3645267943506845,Bearing Wear
2.102353343010265,60.894772892958244,55.51253514572669,9.00715319216606,1476.0700315920378,6.330869119848489,Healthy
4.998358480133084,74.94232556226275,81.38213012459798,11.411660980619576,1394.295687941795,5.528408274259207,Bearing Wear
8.116453429147471,65.37261900259216,94.94425672139498,10.973165963730299,1429.5072459524447,6.414943020759121,Bearing Wear
1.7239876354942116,54.22433434409703,66.7653678877103,11.466202819625682,1463.6641364145949,5.983026475968357,Healthy
5.816511867380083,69.66588968410004,85.03193716271021,13.710314218405104,1486.222750849336,5.668316240656397,Bearing Wear
2.3321461510278176,52.07405775536494,62.94320075868701,9.912093512630785,1460.6120284452277,5.617265314848141,Healthy
6.812294225028042,79.84212456338986,81.91818243571053,12.43680780169724,1521.7803016905473,5.377045302134688,Bearing Wear
2.0812570398368235,61.43295065643616,55.865954473034634,9.979293635893766,1468.2816357909683,6.107265112382127,Healthy
6.784071894540033,72.6988919593392,78.95014668235443,10.949873955531167,1439.5785149920441,5.2284738263094885,Bearing Wear
6.118796539902902,63.00225529205786,73.64311753534137,10.980098329093414,1410.3276961270305,6.1764250263467515,Misalignment
1.7678098039022758,57.42599115738854,58.80191422282677,10.365487345038504,1511.3155906240652,6.20346381720724,Healthy
2.2269978157234793,61.16431871654505,58.89201915000949,10.995634806117833,1466.1976891769611,5.405784336191091,Healthy
1.1217616396268428,53.801144935532044,66.43421131322751,8.09023709425372,1454.410064081722,5.587187101935369,Healthy
2.7439982500476536,80.39481829017652,75.72608997455018,13.594327535282318,1463.6407578585972,4.396614888492413,Valve/Leak
3.600047247489629,65.3277344738448,75.01226196341338,14.423371002542597,1465.2716150522022,4.111893470519012,Valve/Leak
3.138481629899327,66.5112910924273,74.43323001080097,10.949371886943009,1451.1959753869348,5.870092431374109,Misalignment
1.929298664587311,55.33777742040412,60.57466955790506,10.161919367285067,1500.787380898371,5.565586178786341,Healthy
4.0319437588945926,84.59233101837683,65.89823340390026,13.121932247040435,1385.171584621076,5.138076998714231,Overheating
2.920627807213452,48.677848194113935,54.15194998760586,8.698065429836495,1514.548365732562,5.8150641177914855,Healthy
2.677773647115008,89.33346272958146,63.82424676692782,17.68736540860484,1455.6828368389702,5.158824872883091,Overheating
6.002172672800349,59.341794166922675,91.11706550598778,13.740139269965326,1481.381567531437,5.612053900312171,Bearing Wear
2.3748827768290615,56.95748018674053,58.031812643514776,8.380928179881835,1482.2775038828402,6.431603855694445,Healthy
2.3193796908379887,56.657708475668464,63.750741316161665,10.871975499719007,1466.110695161493,5.353216239934022,Healthy
3.711301854021606,91.74797657884417,61.52978338071179,11.267974487113042,1470.1059021820377,5.830285456570124,Overheating
8.161270464135368,73.4602501692604,83.53402686892282,11.754353843816698,1437.1730690622362,6.8538963017659995,Bearing Wear
1.7680997793242827,57.3274838708314,54.945655410718416,11.504506718589226,1466.7786180838573,6.200434173048986,Healthy
2.192384272102496,55.47234995909819,60.05401042428007,9.943558903112892,1468.46603022145,5.8202066280921185,Healthy
1.9457316836574217,51.071018653086135,57.41851201569246,11.100370680697223,1493.5121326632895,6.224131671292903,Healthy
7.688034964207534,66.13863325029611,83.44231581192535,13.454706731087619,1476.228330367572,5.407236061619678,Bearing Wear
3.076091506969387,82.35679424801705,58.506609013186036,13.333999527484606,1425.5989167106713,3.8828345032372273,Valve/Leak
1.7897458282815546,52.33102030170396,60.03603530188185,9.464744433369422,1450.7508523029169,6.311947845009111,Healthy
2.4215871550113346,47.29632751867959,61.49459076292075,10.675978855806923,1459.3759586312083,6.003669299272851,Healthy
2.9210753292841316,64.62248018506287,51.678218033349,12.49392700572799,1461.6954855769336,6.39226931773097,Healthy
1.5021548865790966,57.4663389691955,59.46233127866968,10.55433000463239,1484.6134460476126,6.478535794148099,Healthy
1.9160629652868444,60.4803211652859,62.901979824293015,10.731813394320888,1466.708266554828,5.58189488744061,Healthy
1.6895893071597057,58.930996343264574,64.87992025147025,9.8448697104676,1508.618380376487,6.547387757506052,Healthy
1.58905411422848,62.8768832471777,59.69491324485796,10.126165196430975,1473.2078994878686,5.644083869481121,Healthy
7.759441988268746,65.29959367662028,103.35718737398093,10.370889626081281,1412.2785257505589,6.0040554862453765,Bearing Wear
7.077507588331866,73.43345452112365,73.93871549524775,10.98373268146235,1417.791528125873,5.041981660020848,Bearing Wear
0.8785861891947833,48.389020169562755,57.31403102993291,9.168714164048923,1487.9281700441413,6.122232076760992,Healthy
2.376191866356339,60.704063946806905,59.990407999954726,10.30346690081667,1490.2302740383839,6.05666267895641,Healthy
2.767290225962161,67.09464961002021,72.52970097945898,12.887181791097813,1443.420656234081,3.868877590337704,Valve/Leak
2.4894206706185997,55.39308834765894,55.68599990213365,10.808547749602019,1468.7910238041125,5.437399749195107,Healthy
1.7314515052169435,52.95550454895605,60.20590010174589,11.142589222790114,1480.4007458173262,5.520353149541908,Healthy
2.6120082205906208,106.32754382917679,64.99440139001055,10.647446753152,1414.294598886227,6.277839116904092,Overheating
4.464763431005252,88.88143888771123,69.56076197988389,12.917008190394933,1408.971575976677,4.990819028504107,Overheating
5.323753302636384,69.49277640071308,79.00359560834828,11.276819729330821,1389.4873574583385,5.7753442264201125,Misalignment
2.4348378783472455,60.890924264085925,65.28192793015441,9.24478058058298,1425.2093375542104,5.293215240747978,Healthy
1.799372530340088,51.246376908674435,68.21330146718117,11.265159945488326,1480.4889744383956,5.882638763574411,Healthy
3.1590139588712263,81.60028368791765,72.53480454542336,13.87123483964697,1489.2317527267544,3.615161999487791,Valve/Leak
1.8527156226691943,42.41952402113617,49.35915229007094,8.981882388481313,1490.6244645718516,6.045519826136118,Healthy
2.975471741343346,48.654551925700936,59.86283322908138,10.304435522813815,1465.2745376692333,6.011330698033176,Healthy
2.704953108637514,51.59192723734783,70.15700082389252,9.967525676082545,1500.5610713079836,5.978678852403538,Healthy
1.707985333388996,55.59561964683139,61.58999347207024,9.21574149108482,1477.4991116828023,5.7559604535771545,Healthy
1.9551346150441908,62.7261607584828,59.02188834596156,10.259287641534907,1453.5727185670946,5.821170963252854,Healthy
2.7930019154799335,56.10991388838136,66.918601805965,10.640729110202921,1512.5480267892938,5.976383113077977,Healthy
1.7573018985429385,51.167690829011654,53.949735751554826,12.33102467155807,1496.388951452358,5.866351706647877,Healthy
3.4813845295824475,83.79676482825354,60.71300300356053,12.681567870022894,1448.4369654014295,3.2131586617956995,Valve/Leak
2.7836827553573134,99.43778722991938,76.79885967164806,13.470134462258587,1383.1538806937137,5.547465667889599,Overheating
1.716643487344925,51.84519201433935,65.28594635120683,10.378639323838035,1439.1054347399036,5.5098432802123565,Healthy
7.482313939694575,65.4268244137765,83.97754205659011,12.019855009202505,1472.072000808405,5.256694642056484,Bearing Wear
3.1910690284043723,71.4009925170273,73.43115509582026,11.524591123168483,1468.928216906783,4.745791809688736,Valve/Leak
3.097378217833114,71.42469838460417,64.99089308337099,12.913601689072253,1491.4926463220102,4.140485746699937,Valve/Leak
1.7538764556173068,56.00425148637965,58.13243001409577,10.485303283063141,1490.4568752149805,6.355593272161859,Healthy
8.195030469246833,64.39456561511224,79.57879332054236,11.886342785310264,1436.4647392828176,5.3446693092156226,Bearing Wear
1.7627435331904806,51.64076130119397,58.42105256922497,11.178450850318331,1483.9847608249847,6.988723630422188,Healthy
1.854967113031374,55.02066441327433,61.2824598922177,10.435253957171064,1521.5342265171805,5.661871814008973,Healthy
6.207750597614124,57.14451128714691,78.85349391047382,12.267623560803905,1404.284707886677,5.896426452843212,Misalignment
5.4894322483787965,76.28817746570351,82.2015009639554,10.336795537592941,1456.8838109337528,5.591035027427591,Bearing Wear
3.517528217972432,65.02959984639392,64.56780872390901,13.184895990578642,1484.2352447687051,4.8190801507449255,Valve/Leak
3.7499015735357184,90.29514623917754,74.131046734534,12.299343461870407,1453.1391524316693,5.237405557272511,Overheating
3.4730565830819877,88.90390082355067,62.388807602287464,15.171771807835613,1442.1057767046225,5.471713763310215,Overheating
7.910023639172879,70.79079056206491,77.23897084396975,10.78053896303973,1457.05359829455,6.286192966599077,Bearing Wear
3.6236235366171603,96.72374456621819,68.74406942991239,12.999873724689717,1393.8707615896715,5.17034771146421,Overheating
3.266839209308964,96.11307983950846,68.43826242254507,14.819167746338671,1409.7057708529544,5.722646666271022,Overheating
6.412891395222401,61.3692779865682,76.84852962819565,11.668417685286009,1409.909557157834,5.9207328395971395,Misalignment
1.7367466517419425,49.375353224489224,66.32887462583278,11.065685174720048,1490.7486770845467,6.7888783807775255,Healthy
3.515881207555317,53.8623529231839,61.27596675878008,9.602222086059792,1487.446511201206,6.334245971154498,Healthy
7.77671984711762,66.19574642316731,76.35242693055099,10.091002305486283,1442.5549722365115,5.846389111676254,Misalignment
6.068230710221964,86.03058027854011,83.41913649892578,9.814521868828098,1429.053356208023,5.779372864209514,Bearing Wear
3.3883575652077194,76.05968731065916,66.13083816017603,13.408528532201855,1438.0985133972356,3.8901785084929945,Valve/Leak
1.4058055727008654,60.321047444290045,63.44305850489444,10.97666536997813,1480.786261320486,6.310723079546059,Healthy
3.6041612626317487,73.06271898003018,73.762657600895,13.456027958858336,1435.323621136578,3.4509801123044768,Valve/Leak
2.282458640636456,58.450457075876976,53.160288613090685,9.018900632531786,1465.5352862811833,5.857077975893274,Healthy
1.2889741169299338,50.89082351796223,60.43126918112503,8.81940566024651,1477.6839298005648,6.423421126456726,Healthy
6.752265089907352,76.14854040250464,82.49038965781715,11.139495463712372,1484.9048744291943,5.677519168411381,Bearing Wear
2.2144826955635994,53.28577673545082,62.39845265298765,10.320449513846038,1500.4176564200495,5.780661784853993,Healthy
2.95078745631629,99.2248888498387,59.87410402777912,15.525465572356783,1418.6531508868165,4.9732299705468215,Overheating
9.680911696957278,76.01100381729644,93.56190860335882,12.128057072403882,1400.1548524078446,5.0623518195329895,Bearing Wear
1.70401059613501,50.427118608363244,59.68626658015663,10.615585287861288,1450.9448490647571,5.820448951887846,Healthy
5.7096539437343505,75.21856712298974,82.09161543070604,12.818690639774928,1482.919825216086,6.096512706794009,Bearing Wear
1.424203233296022,60.568298533706496,55.7365344268259,10.259541765571539,1485.1649237399445,6.194049023547833,Healthy
2.3249520171802214,86.9007955262257,69.36174339980884,14.278751866278373,1445.9750736383128,5.482106826324853,Overheating
2.483064840502053,53.148146951694464,61.7100172871051,9.35254057152048,1512.8860342046737,5.649374070326721,Healthy
7.1289384432367795,63.44690603747825,86.98311717152558,14.417865716201234,1435.2861351791887,5.95805712761269,Bearing Wear
1.9805353997575796,53.43478857036897,55.90751198794808,11.081450469628532,1473.4751263675234,5.929009005162565,Healthy
1.0415920641174616,49.3400677996152,64.80546743060108,7.890049353120029,1464.6736930076859,5.840111977484095,Healthy
7.922324518595643,66.6569768376814,92.8270821826933,10.88922626924832,1480.2729941120201,5.2564491016307935,Bearing Wear
1.7969331772645072,49.85747879529365,58.91428193461843,10.277344179720215,1470.1050313894857,6.2215814023981295,Healthy
2.310186196965679,57.211110310182995,59.695384726460325,9.558617687634051,1483.0308159153053,6.22010149721348,Healthy
8.127304506157817,75.85593969889504,103.5310731691617,12.773937715151765,1464.5393053393511,6.081606029728661,Bearing Wear
2.644878690864995,91.962984399846,68.2380698860978,13.738738156668202,1405.528937018972,5.934981848059386,Overheating
2.886795297871127,67.98002941873067,76.81164838991913,13.92866941709184,1419.8435795426155,4.04342303054586,Valve/Leak
3.623063773696825,100.46060896963863,66.41953000587736,14.877871297038284,1402.565472095126,5.230459324727776,Overheating
7.02278942396813,69.79192449988847,73.68656257333917,11.403774997605852,1451.6861695926746,5.68745200323772,Bearing Wear
2.2439956854022935,49.60521406475683,51.859788930243944,9.651830209163325,1495.2822881100358,6.675021215794655,Healthy
4.531736240131153,63.838163803116146,76.28317190540764,11.177591116923592,1446.1791365882862,5.533180421415696,Misalignment
3.29422598084329,76.95402571982196,65.16569100032325,12.585811759308523,1392.4045579981664,3.889269016211113,Valve/Leak
5.776498590199068,70.99367290139591,84.6643274077284,8.611179183633583,1456.4652390790527,5.428670347684389,Bearing Wear
1.3590743761356672,55.1500326926547,58.58418335556747,10.30310188495033,1482.4939455530268,5.897934329991418,Healthy
4.522792036538968,62.08056530453891,74.95860058035207,10.391752052800882,1448.7563579173839,5.7883116323153265,Misalignment
2.8053325949084633,73.35515901789931,71.94930831294751,15.254054958391755,1443.2772664999145,4.1632606692048,Valve/Leak
1.9882885203995924,52.49690927005673,52.25371411827878,9.489165440946984,1458.525951745644,5.309357327550488,Healthy
1.4764541396167727,57.91893272646474,63.005459187071466,9.096120710419125,1474.7954273887376,5.256702935154986,Healthy
3.279287330491642,76.94962733768462,65.72171750985211,14.262225832633023,1422.1077019621632,3.576186100428104,Valve/Leak
4.336896982850598,97.96059192910218,64.79828806732993,10.707224380216687,1319.1021177582609,5.551763814758347,Overheating
4.894164817847882,65.32766290415026,75.57565683753904,11.944415868540272,1434.098068490381,6.391357747333754,Misalignment
1.942332502596332,60.32156093123591,55.10779559979283,12.814447453266162,1487.5051495633347,6.152331701135069,Healthy
2.9385682376658213,58.96253705836303,51.97472010498038,11.403470384767504,1473.1820684110996,6.04286202913573,Healthy
3.4209616144991166,91.0917542595947,65.50084818996737,13.573851491958825,1477.000512069434,6.292904120058235,Overheating
2.0319888556844274,53.132785168252425,65.53003145751393,9.671080129666622,1471.573254507086,6.391437145465986,Healthy
1.9811224827757348,47.093446092445035,63.52095172561584,11.940866939181868,1494.4245074559958,6.584719667018922,Healthy
7.2835891384338405,64.34104045378366,83.63340672651194,13.158317216028758,1453.054618393099,5.234943590959511,Bearing Wear
1.3094180342546131,57.45726294969795,70.31947267828335,11.362458244000212,1442.0802960170788,6.568430375227914,Healthy
5.145640065365491,68.18079029973701,91.57313446897486,12.825650266402178,1410.7271484283604,6.044296862318477,Bearing Wear
2.821742259394231,101.82774061640029,65.0919710778566,13.251593675057082,1435.573850150894,5.889900726034632,Overheating
6.874342428446387,70.40687396968573,78.66454278718767,11.265528649116472,1432.6852699929145,5.805096112361039,Misalignment
1.5223442455900957,53.58992759032395,61.20726079801214,11.440812598004264,1479.1640554424898,6.401390516351066,Healthy
1.8842766011556045,57.97345105685092,58.78235979137569,11.322135894078476,1492.7168667653186,5.5238064981246575,Healthy
2.82405608091194,54.093844827266494,62.23857515047534,10.545878837739146,1459.267542016708,6.204283179685405,Healthy
1.6871879467993018,60.37861483747096,61.78378145154179,9.695522192253472,1488.9292204249039,5.975963100897947,Healthy
7.788182232064165,65.63579355604521,85.24201843332814,11.53159770809002,1402.4318987619922,5.43181769750028,Bearing Wear
2.1923616572926172,48.38205849299305,52.29822812075795,9.887836099889416,1511.2237306635298,5.925296746078259,Healthy
2.1759653854093286,57.35625228922947,53.321397453477154,10.937522921749757,1473.3013592545278,6.345236981444363,Healthy
6.177049347509913,66.76001476968815,74.22983341712067,11.404545193086157,1422.0080877442247,5.640376098783489,Misalignment
2.524476433180721,51.195676274759116,62.84222152797307,9.257321145298848,1456.3063071267536,6.4135237765595905,Healthy
2.4634279567882706,53.73638843713471,58.94226698459736,10.40975121962329,1491.623976239885,5.669462729268437,Healthy
2.0566852690126116,48.71972603565981,59.1506275821013,11.381279015558926,1513.531895964914,6.286939383043471,Healthy
2.245303451227944,59.254304519295964,63.62853991659361,10.784954288687919,1487.2652615849506,5.971035064467783,Healthy
1.0510322407492518,56.69820883356675,60.930264218260945,10.557575842824816,1453.2491261341422,6.258006675726024,Healthy
2.0392250653889556,54.69167340396729,61.5450117804285,12.032337024710337,1459.5270447660023,6.081282773357562,Healthy
1.7264976395775025,54.7520484605903,66.7366162080678,11.800990600688737,1488.9628428925341,5.849362110790606,Healthy
2.657956414936384,91.57318451384158,56.125284777106366,16.094137353867115,1438.7298236948518,6.4671222144465785,Overheating
4.020719565235376,72.42081311019676,74.83660130080082,11.022667430674634,1496.7020455666325,4.593258375665916,Valve/Leak
6.645112687661121,61.172523494788756,72.1027995720915,10.536555386374603,1374.4181641492917,6.244703397681347,Misalignment
2.4389246801889266,97.08921809566891,63.67229762685382,14.492410943121545,1374.8969103515587,5.146629937564946,Overheating
5.9361294148755075,75.11054475426738,75.2315498239707,10.073921959649507,1466.8082262930782,6.152320065658408,Misalignment
7.190600678867918,61.73601853077103,74.36373345507356,10.828550168512207,1391.2776038925315,5.794563939936703,Misalignment
6.237338103793847,58.269693360775065,67.22080294167533,12.664776058748272,1427.2904296923462,5.641035917719353,Misalignment
1.9658845719778677,80.53857089706972,67.64168237448382,14.640881833286107,1461.291292861183,4.91476598728422,Valve/Leak
6.853232662869076,68.59546523044169,78.11645533125986,11.34793447718271,1423.0144785165326,6.666173876629145,Misalignment
3.003446113874528,95.08931525124557,67.0122037667176,13.355791031158248,1412.5898522235834,5.4324629659188135,Overheating
7.011462743508216,63.39660800181909,74.59368542530659,12.205309981034077,1464.636500260587,6.01067921684183,Bearing Wear
1.0337054895296949,48.19491536046265,69.86760718406836,8.952791239922965,1492.2168206227338,5.7252249513336615,Healthy
6.240094957271687,73.36924692771787,85.8206447039002,11.327565339533649,1418.4948364095787,5.907109678997005,Bearing Wear
6.427481042120839,78.1324245451845,81.75085025631006,11.718347886894163,1427.4317810677655,5.12449894919859,Misalignment
2.641396428051357,51.051219599376104,56.503739509179766,9.834349524315979,1458.7590748230689,5.509292506179346,Healthy
1.5542352726639819,51.29490710110552,56.09404486926497,10.52236021383447,1475.357486190093,5.928571212842458,Healthy
6.829552470120472,68.33047738925697,87.82270213342102,13.002296765336446,1445.587795014742,5.832243110248209,Bearing Wear
1.5696584784177372,58.84573750983404,62.22471031272311,10.455298438416577,1485.6170869745104,6.018481310325981,Healthy
3.6545761327159485,77.46736803114389,69.39533250432407,14.664391275890605,1465.711517043308,4.5161880962828995,Valve/Leak
2.123503353742087,51.3212400487484,63.50675419172413,12.84529439490764,1472.5040985041983,6.028397886169979,Healthy
6.414376118125679,79.26669686871203,80.96217389363521,11.288879289950458,1402.3752152880609,5.496955310183101,Bearing Wear
3.505443759369543,111.79818333102386,63.16660603174739,11.499863100514645,1435.9999865771892,5.209230016427937,Overheating
2.7743767617680444,91.20910586550332,64.11021222127157,15.136665141404281,1390.9031747697738,5.301310118882518,Overheating
2.8841456698758394,87.3688688929947,66.9851580114699,11.319910109232634,1382.2351418253793,5.803754083532297,Overheating
2.295160286493195,54.67477163640596,65.84873090492758,10.924699196769792,1488.9228200849534,6.371018310925417,Healthy
2.6484291893224876,86.936606529852,67.10181062921312,14.819133846247142,1443.6188796455426,5.125471489981883,Overheating
2.2299501331538853,54.64416505573457,50.57119194714436,10.375108163754192,1442.951541700221,5.621897379250649,Healthy
2.9124395089035575,48.92171815764019,58.35304231293653,10.042622523078705,1515.6245385516313,5.80285242087024,Healthy
2.774362779231431,53.12605423640871,63.61100854483229,8.522857034887572,1476.5753451181536,5.336161264669438,Healthy
6.839201355152263,64.75047304456643,73.40447129723513,10.251250376019083,1423.3803178027615,6.0204452668402775,Misalignment
1.1623973211322385,67.00943295442315,70.95457745313404,12.881364260845256,1470.0844060631682,4.333770143063277,Valve/Leak
5.473146804012823,63.77249255132249,80.74371174911371,10.267992067094285,1428.1157983056814,5.973336885599369,Misalignment
5.6996917417636865,69.7940332800548,81.15989701632512,10.936245735009352,1423.678430627697,5.768378531180714,Misalignment
8.025087832692199,71.38605986353308,86.41173825501922,10.312164734430247,1420.975297678743,6.657378729910792,Bearing Wear
2.4576596030951476,80.58659499353578,71.69085129210131,13.693785900237426,1456.5488231179615,4.0406634547115985,Valve/Leak
5.340714195641648,69.47243554348061,86.7761984622557,14.775694850765632,1452.5799719501565,4.8663291831158775,Bearing Wear
5.191603306486645,100.19819740991024,60.94555528095706,14.886659771645835,1370.3194630044104,4.958476992181257,Overheating
2.0457632196194306,45.639222487833024,54.25420354730682,10.010335563182355,1471.836536480221,6.157924508458437,Healthy
3.4998796239873107,64.89744541763883,79.85640581162578,10.94109005874602,1432.6861432404146,4.408685401515915,Valve/Leak
2.1575215180580853,57.814289600911955,60.08768450836529,8.973601545884806,1470.1972330352123,5.515236112007489,Healthy
2.200874459659873,49.384110089560195,61.597770033616804,8.698177247778903,1485.927660402335,5.8045269724148145,Healthy
2.1618594477895323,61.17891446497071,56.221766417874036,10.056143340244168,1460.3782568376744,5.834557902902233,Healthy
1.6370708896564303,48.92248570577152,52.93241338173674,7.660251884292602,1458.8730707299308,6.250997558668738,Healthy
5.358252584496034,80.7453914273975,81.18102370091047,12.481569013747254,1469.2695143950148,6.065010451912512,Bearing Wear
1.884470160050255,46.90886365240804,72.23158929455161,8.4051247359844,1459.0431956226037,5.583759658063398,Healthy
2.6762969548782727,67.11223950541748,57.621254403436915,8.67957685315559,1435.2614900254796,5.902356512591159,Healthy
1.6743519368199278,56.10687626988114,61.97586571407743,10.3230832579379,1473.6775025606303,5.559351268170295,Healthy
7.015016511305837,75.3301451490079,89.7404532968334,9.867356896429326,1406.9733337762718,5.4977837125037885,Bearing Wear
2.3776258879880503,56.75654837993959,65.49591996892656,10.396486817410919,1484.1729916374675,6.479891912137668,Healthy
3.0476706744064033,80.88271820358412,70.69108529891675,12.634791274098495,1439.0544185305587,4.551512729522706,Valve/Leak
5.94941259856657,71.53957811889919,65.14992484014212,10.944546625192086,1428.797152636867,5.609202251037061,Misalignment
6.920568840773487,67.5536153703734,85.15577268060103,8.995779392211256,1427.2039622396526,6.1932959877781615,Bearing Wear
6.005349804639675,77.8571538190864,93.04152640571097,12.775485708241712,1436.34647997884,5.7042115739534704,Bearing Wear
5.005226880971355,59.77791755845784,71.90972796607396,9.965279009315255,1383.0888464437055,5.9877610679015625,Misalignment
2.8503963792141582,51.65830815822649,61.48050294811635,10.312712579274802,1474.9232487774893,6.297733435499871,Healthy
2.16370554759877,53.72180147476102,58.212349457227326,8.632246101202941,1463.8816444276463,5.7511969904393245,Healthy
2.219961983343832,60.98313934493505,55.45968783835425,10.283441435744637,1459.317777209406,5.878031131624335,Healthy
3.481516518885153,90.92727095694693,70.05830206853324,13.6314188395067,1374.0158516162069,4.998677895061935,Overheating
2.44760920111309,56.36660628268437,71.19415833207212,11.429787452470418,1473.8494447056596,5.8727890264771725,Healthy
2.3295846556594517,101.99772983919492,66.80800260921792,14.384688366287799,1427.4781467108326,6.189131953347624,Overheating
2.920871740390031,81.05231773993548,75.80530249594682,12.614824191539533,1460.1296612164756,4.2976904579693995,Valve/Leak
1.321700074530443,47.2875769609922,55.56304988998773,9.035261556988658,1467.12351972055,6.253884256836002,Healthy
3.137476223507132,64.65417953974642,67.23014678247434,13.704709194093809,1474.87381145442,3.837713085906046,Valve/Leak
4.5391934974376325,71.89441242446617,65.84087832314533,12.791485132765407,1462.3044276881708,4.124415809654725,Valve/Leak
5.2678638436757925,64.22421714948429,84.10398857757102,11.752098044966345,1433.0143217542,5.729194565569425,Bearing Wear
2.4447067282622625,54.503941323869746,61.995516026491266,9.45839969856608,1491.4419144719695,6.150292119044943,Healthy
1.8063085968668657,59.329085015899096,63.56730231222244,10.588735622881146,1478.0316518268444,6.097975690817787,Healthy
1.6739627152986027,51.857961106515674,60.90715698975181,10.415279690265454,1463.5178700147198,5.9700949746346765,Healthy
1.2277759075172234,93.68243606444744,64.21341083575767,13.759560585765472,1456.6365709830907,5.01368068059645,Overheating
0.9102433613445329,92.11450000295515,63.02178222937,13.235034235498615,1444.3070935793503,5.8442470089347855,Overheating
2.7035095571681103,101.15713800864118,64.90121070082074,12.772594941622312,1331.350052900618,5.3234742024417265,Overheating
8.27653868954309,65.30805173094738,71.17322242439847,9.815034791715785,1446.558646889168,5.194153579046293,Misalignment
7.981253927515494,72.61767671939718,83.68202996836865,12.847410980320221,1455.128151133849,5.488750463255763,Bearing Wear
1.824160310194742,58.878761502249546,47.90692858652143,11.276470882780929,1509.3752748930917,6.011933514850655,Healthy
2.2792575908037813,51.78608215179638,62.7356115271967,9.191369530127444,1467.8248615270934,6.450777257284919,Healthy
1.6468122489421038,51.3321182824948,56.77201698771164,10.73263956646549,1460.0003043837921,6.142685055614381,Healthy
1.9558772748534499,60.050318484324634,58.478449152551036,9.786144399006085,1460.4550753773628,6.4068709390480825,Healthy
2.1748859088575294,54.64341966437033,54.736084684441686,9.39089685617668,1507.6574447808148,6.0806630170537925,Healthy
2.152664143674346,54.26942984202727,77.27023201122091,10.285123841342273,1472.3875030586728,6.568011167114841,Healthy
7.113184187657317,81.96657096808644,84.30280429384148,9.400048433027882,1438.122461067682,6.381807216383614,Bearing Wear
5.161143890487482,61.57378596410488,72.20149864425093,11.361197884053997,1470.1458839881595,6.320969205119669,Misalignment
1.3341776199712583,48.36033743003279,62.66626010606882,8.654528902067106,1475.488659578628,6.121660178474471,Healthy
4.9757376656411365,64.52939467716091,77.51825143762026,12.061518770413757,1448.2116030431166,5.9294626379968784,Misalignment
2.3821017648537293,67.52283147865771,63.574558024932884,12.386947494005023,1470.2483896245142,4.3683118533136716,Valve/Leak
5.214322971732497,71.02253775803078,75.3960752390207,9.582991086897014,1500.6746354479446,5.888423307074095,Misalignment
3.279667329231594,69.79442720303888,65.63455790907163,15.546009982079129,1485.0801467404438,4.610968600554338,Valve/Leak
1.4983413048191578,61.38765095870137,55.78433670994126,10.283286798150646,1447.2122018907087,5.183656459740992,Healthy
6.02908087936611,58.064994572216364,88.24365701768245,15.180121156576185,1491.6868077574018,5.6970728458937305,Bearing Wear
2.4438531283919565,60.61064009917453,58.28232140587151,10.034177715724574,1486.0122961352906,6.221550528111533,Healthy
1.9399573774656278,61.89916164877194,66.04760351221444,10.477410573436089,1514.3821814004586,5.845421695109433,Healthy
6.54251544353555,81.35513061107295,69.03759036608761,10.310654747782658,1442.5639348460165,6.058893621191597,Misalignment
2.4653002533603727,100.42951111216331,70.81231502340998,15.056971748330971,1361.5601463230273,6.063103522101679,Overheating
6.599584519790377,66.02173843604477,76.13054005022185,10.921264207760622,1449.2235540275792,5.912453941177992,Misalignment
1.4394106679435494,50.75737512323679,54.75704177586204,9.247963746347708,1484.442644850989,5.989217665425917,Healthy
7.600975760255333,66.23607444449873,93.79396101007208,11.598433759428788,1436.9971904565548,5.992954494932981,Bearing Wear
2.3675724402216645,100.886436792151,56.31289035468944,15.676361295399733,1460.4454626543654,5.352217864870501,Overheating
3.895269667880821,92.19926487173888,69.3388776026309,12.993276807303992,1380.895908266673,5.180265414270011,Overheating
2.578984526282775,54.079435339414175,53.64375420043798,8.917293177713184,1487.8919884274108,6.737646565357708,Healthy
1.8065517246743736,58.83091983425142,58.80250682206627,9.621714782635793,1460.8308178860948,6.563379537698542,Healthy
6.7978592002792695,62.681275311012314,72.94829634274194,12.692315156117813,1408.5760672339984,5.627972338388636,Misalignment
6.413847385812238,62.790721088535655,67.13070534732057,10.134301819118235,1468.4400156939355,5.929910715654205,Misalignment
1.8692893964134811,51.70251151913365,68.38784724937706,9.81180814294892,1471.1326024094574,6.438456946542136,Healthy
6.286327187471204,70.06148010410139,85.00162062452908,12.389417021854822,1512.7500726818646,5.934499298540948,Bearing Wear
3.261039154745249,95.22727996693759,65.21725012175729,14.368920964094256,1398.852868493008,5.478955162777845,Overheating
1.7289596014027495,50.26156832180412,75.11890726311195,9.284142556218766,1482.0028582492016,5.401735899649853,Healthy
1.5333872246553324,52.78763528574994,65.22532332885562,10.472009568378073,1491.3681904914963,5.291518064643255,Healthy
5.56974242686975,79.17136488576318,91.12926319588891,12.86599911267702,1424.3504565727485,5.860635937927809,Bearing Wear
2.014519785752646,53.750638704572204,49.80694746713796,11.121784150984588,1478.3778568690127,5.806079840199105,Healthy
7.430151491640122,64.63746197023316,71.46894664915574,12.610694704812413,1465.5730899387047,5.720147270128947,Bearing Wear
2.044467770444643,47.67733815843206,54.86384701656171,9.249302063495838,1496.878781417831,5.854955619825233,Healthy
2.977346257705623,56.76231248594357,61.69497255237413,9.630299254791225,1468.0725666472645,5.12543742399314,Healthy
2.2241548528781894,54.10417003393293,59.31386649081872,10.736144262261055,1448.905798538403,5.764047467378478,Healthy
9.125811138984096,75.2539331911198,71.78384415318781,9.729357560040036,1446.0296297992754,5.61102391517103,Bearing Wear
2.9723811188252447,56.562699569912894,62.37408161431546,9.307985050767787,1494.4454829435601,5.847826895607195,Healthy
7.733202351790312,60.2260146096382,94.5821671591059,12.273583822085813,1488.4283262634128,5.3698320973524725,Bearing Wear
5.605719734080226,71.50178603598903,85.39589981150948,11.303382271153229,1419.5779242134415,5.293361492107663,Bearing Wear
1.7672066102057,51.57196503820869,67.73544743065804,9.917674321807267,1505.4008586785385,5.786699126926921,Healthy
6.933428780492398,59.81426614289126,93.57002983758348,11.797269589451377,1472.3925465889888,5.499188511015376,Bearing Wear
5.133147640076645,71.17999241381696,76.55704673725337,11.367053526680888,1470.7455244131493,6.36253651875961,Misalignment
5.293927183555045,65.8259252828999,78.97667118393188,13.091300540438699,1455.1195582525015,5.243795026547762,Bearing Wear
1.8047101314249772,94.68106107158144,56.723137480064075,14.79324124007692,1415.118505041363,6.263179397338753,Overheating
1.7885428720887486,59.09035046637243,53.01168059527411,9.037527396318914,1486.6628506415022,5.136700134900829,Healthy
1.4898683539407895,55.50653527576632,54.61131820976368,10.424248137455189,1480.3865484733478,6.560146366752532,Healthy
1.615678597519267,53.765570720863586,53.27881801491634,10.40613725470544,1491.7970049263054,6.987678414677127,Healthy
1.8661027131624086,52.12120737780892,61.06056850565612,10.381690534479613,1478.9325031114297,6.434530366749213,Healthy
8.183408857468855,73.2309871218465,84.92782048060631,11.527595038864282,1522.800032761941,5.473196539703168,Bearing Wear
1.6248904648789337,63.92810374310653,64.43413164399601,9.321650121158855,1490.2518998686246,6.1030782885106225,Healthy
6.758164217228173,66.94652695552205,76.07849356942977,10.958080288757671,1442.9316347779895,5.991755064596984,Misalignment
2.5512888588087055,82.16259744457496,63.697480339908715,13.513163462655694,1451.9939814424642,5.07977363472465,Valve/Leak
1.6323683691198339,50.15090968369087,61.61732525475305,8.626949340431358,1470.4294301048446,5.139053670858286,Healthy
2.59982811299499,86.07165953640889,70.42804701487029,12.03849965242259,1431.8777476011287,5.219583670404878,Overheating
6.7495505389261465,59.959760645629856,70.41458723894847,11.60552520522431,1422.128656078695,5.832262997191454,Misalignment
6.101573351956052,70.54776263305273,90.72776676191384,13.2136762325784,1445.2116199743798,5.684437647658936,Bearing Wear
1.471877503667402,56.59179613287367,59.310589055288816,10.074927078566226,1500.7850721926811,5.52507075637509,Healthy
2.094355481705609,51.47920031212742,67.15738556963709,10.908586801613147,1485.8026665417751,6.717692711731434,Healthy
1.9961368594471591,56.831684844670306,55.42722476603039,10.300714541817728,1457.8683501242424,6.276222927309702,Healthy
2.1361667005641642,45.73601092467527,55.166032394169825,10.564710003213161,1480.4239728702473,4.922398952923005,Healthy
3.095659554377683,67.08555201599972,75.96973358539998,12.18695198451172,1442.7886970598947,4.379176325507018,Valve/Leak
8.948304613567464,72.15826899342464,87.77431395310192,13.187248398127238,1412.2904897389196,6.0576593348607926,Bearing Wear
2.1592390333982903,53.86266186196331,62.50604163557107,10.11810346500646,1418.539394583574,6.071556684682072,Healthy
2.2229641741692268,54.487070268957105,68.21080845965203,10.31137312912166,1488.753466003862,6.417796757620227,Healthy
2.281585797268637,80.36997551732227,62.61439548990959,15.141418288821676,1385.8761467432878,5.820471348912692,Overheating
2.644033035131092,53.52391646439669,62.33807413283844,10.50588506453536,1510.0320374526239,5.317345077466289,Healthy
1.9100399429476085,59.24258052694252,67.72948239889324,10.24007151264208,1474.1459167115702,6.302847347469778,Healthy
2.712270657066154,96.98184387306527,70.90263631205984,16.83568848991168,1429.7041983694116,5.517655558666237,Overheating
2.2786982785968113,54.421635787602746,60.94820249511194,8.942123735469124,1505.9411439298233,5.5439261091405285,Healthy
6.097593260851814,74.95493439944319,72.88658507573837,10.333984186039604,1413.475492479986,6.5635588670445255,Misalignment
1.4986309939257065,68.65644354579776,62.95441036745819,8.89401505066078,1479.1616403565047,6.026981826427145,Healthy
2.9197510014112815,56.94275840639608,57.3010584849352,10.787084442098203,1466.0349460627428,5.586665001604389,Healthy
1.7478972843996792,89.62132906325436,59.111051161495645,14.469854791062076,1352.0239269670385,4.242533479190103,Overheating
2.6696982465950065,68.36730307276821,79.11714807585511,12.263748928853019,1482.02308657998,4.190508700159569,Valve/Leak
5.997543653382356,69.64730409051539,80.4094232386155,12.255036471381855,1442.9125110212894,5.42214882672336,Bearing Wear
2.213420240010713,52.75968632928876,60.72746523517655,9.916177478498037,1462.6481812547345,6.028198491608466,Healthy
1.5275330821899504,46.886163348667374,58.20696323230685,10.566970659583724,1466.1068129324228,7.008283476863188,Healthy
3.913031092862335,76.77145807244256,81.11718984963144,12.05559761983295,1395.9815653585345,3.9769371958235586,Valve/Leak
7.181820366097575,71.6528356658067,92.92546001601923,12.573086361693749,1473.9673878277306,5.424174903258896,Bearing Wear
8.936936707629386,70.60540921088241,81.26062489932319,11.067908259679323,1430.5263063508523,5.5164163915816635,Bearing Wear
4.4995795977794915,64.0249781117279,72.035370648398,12.107159285443295,1438.7922995980075,6.006127072031194,Misalignment
2.9031772673760194,97.16600662178864,68.58097869856337,13.859162260222451,1443.1649511729684,5.503195723563177,Overheating
6.412177349693019,59.12446980058815,86.61015392811113,13.087986094719938,1467.260419954227,5.968874664574976,Bearing Wear
1.5966268742772038,57.758641345218905,62.13223708099137,9.439100909156174,1502.188483783841,5.646853794180959,Healthy
4.3091401698733325,100.21149162640347,63.20995347054489,14.431071064465325,1406.1916897809535,4.4017544540090485,Overheating
1.9745766914453593,53.21694261720347,61.2355128241521,11.12948231294792,1473.5692843069214,5.576938081550854,Healthy
1.8366883332160984,54.21968249589049,58.541131404234605,12.241837800010986,1435.185914780041,5.844666438746941,Healthy
1.6094287538586105,59.49912916064142,64.0662883935982,9.95224538151146,1474.5865248931261,5.955217266307341,Healthy
6.9059523662490845,68.8720053908992,86.51469588755435,13.129818097241797,1413.0921955720428,5.37973444030674,Bearing Wear
2.4331987001788,56.25161646595232,62.52633757966385,8.570501761636532,1515.6989624576029,5.756459636741857,Healthy
8.025261592814047,64.07812146522357,81.722053848924,12.268757661901311,1535.7241922639412,5.920449897140809,Bearing Wear
8.446807774230347,72.20806021896712,79.06482537021593,13.589630416227353,1405.0566897505587,6.440350049470837,Bearing Wear
0.674888226350912,53.29746952484081,63.2697391046147,9.762976126960233,1494.3001162198714,5.659990332915082,Healthy
1.9642772984761974,55.157828336449576,58.25807824468839,11.227291146642193,1462.995852497219,6.125266242932939,Healthy
1.9102988335047417,64.08581889798893,70.0714660974918,15.377439998424357,1474.4817452974703,3.3371825874276837,Valve/Leak
2.36652679650219,54.518932585359,65.70632984755184,9.119282079288558,1487.0042499571705,6.338469385211145,Healthy
2.701740100838254,72.15157698659034,73.25605807936198,12.982799194585708,1484.3499084439873,3.969032405366485,Valve/Leak
2.98848768405659,51.97683131728777,57.157789581411265,9.934196678927815,1481.3436221930797,5.845326543004687,Healthy
1.980118884285913,55.87409663510403,48.21256270506342,11.88087630700785,1477.0542337293089,6.232249047778794,Healthy
5.52899973875075,61.63842066839793,82.34861882254273,10.414186393164117,1452.7423996082027,5.639831818930722,Misalignment
5.754449834799314,71.4192256341465,65.55073670484941,9.684336444725567,1371.5808450293055,5.46499915209542,Misalignment
1.1927593729548054,51.32926126692666,49.926427595332925,8.982011276232319,1504.0084079982041,6.161435228112441,Healthy
1.4986107218604428,47.31957520477638,54.304219622328596,9.956790173103984,1497.3635355945335,6.3609469668541285,Healthy
1.631221567966028,55.12274916201994,58.39328734981377,9.79881023650525,1520.7425579391963,5.2951999051985545,Healthy
2.6058744535980782,47.67054252483231,56.78126287366875,9.47096150243236,1475.5342055589203,5.361617136157513,Healthy
2.333143641256572,57.54187662508974,55.64813162854459,10.086510790787296,1462.0111952086183,5.8669613356913946,Healthy
2.047847688798128,49.06236712006413,60.901676703319566,8.64820407393669,1456.0197921496997,5.583550745620483,Healthy
2.4684844977946008,57.891990990084196,62.614976641236645,8.901075434409458,1469.173712891287,6.108800442753275,Healthy
1.8608167798494508,57.20679346264975,58.25613659399349,10.226059589102025,1511.8545691203913,5.931256480405201,Healthy
2.279685033653679,47.66379003256617,54.48931485368238,9.166404116930103,1462.9033016613444,5.963884101557274,Healthy
8.506190100045668,71.84905053235049,82.32592266368074,8.876638134555188,1452.1176872625201,5.8103080774779965,Bearing Wear
4.684992238162666,102.44357927715843,68.92530459124993,12.5568843048926,1379.4802100321303,5.4620621572285994,Overheating
6.500464524985118,66.78454424607853,69.55846103472653,12.196816709096124,1433.0693100142657,5.2083715413031,Misalignment
3.1968445191460333,77.83675416861445,67.97514158124031,13.993525920936648,1464.6785496692553,3.5424726954812105,Valve/Leak
3.785791909104544,79.17590507029061,71.93745538242834,14.794848065416033,1486.4152462260402,4.541814364739861,Valve/Leak
9.077714501238813,73.21780859324964,82.68496735233028,10.997594992042053,1457.7035134454156,5.131576366064618,Bearing Wear
1.5232145926529865,56.853040544121434,57.391898313209204,9.735581287275297,1464.8618025446988,5.93550822752768,Healthy
4.108047701638912,97.12687372997274,64.87352867217524,15.266301786039328,1445.1988157643023,5.168072647116988,Overheating
4.813650124518304,76.73861266156537,97.39014554620513,12.120123936934629,1386.2496962529094,6.043556206630813,Bearing Wear
1.66832527916777,58.13288194895502,61.272770627563624,9.5118912246614,1467.0078873479667,6.0503344220883335,Healthy
1.4453814331984964,53.3371840926082,61.69796311627592,9.821896533180366,1451.7298280350362,6.395625848550216,Healthy
2.6875443914800954,68.27880927267651,70.88907326722848,13.673994169363283,1488.1691202065258,3.8437975633239203,Valve/Leak
2.0979091939407306,46.442303124083885,69.50270127717054,8.561224872759801,1488.3899454461944,6.155983977679099,Healthy
6.406507741406071,74.96351590684301,75.63779515634143,11.901256816989116,1433.0837597034263,5.529080823173187,Bearing Wear
3.754234979903778,69.9404654289788,74.68408653955467,13.059688798533518,1437.6816947690497,4.071023953379468,Valve/Leak
1.6516700437472767,57.14241464327917,61.173230938523794,8.409350301730582,1446.969480095213,6.169873781282302,Healthy
3.211428808570227,76.68558946865512,62.37428297556664,11.306155294508578,1501.8607920598824,4.37578539148123,Valve/Leak
1.5330297736768683,52.4477957554636,54.04713831943345,10.88341217409059,1464.4649769278735,6.437413835286507,Healthy
1.4783249081913428,52.86849205993099,46.87916611249292,9.879231423325994,1476.5976161773967,6.329897098619187,Healthy
2.580933180431774,59.10299647498828,66.26021781849332,9.947278623995862,1500.277936682055,5.411502386037238,Healthy
6.0746046854800655,60.09158900546238,78.25515689101384,12.008296707943906,1425.2710237534718,5.95042941267832,Bearing Wear
1.2983219651073106,103.23432460486146,69.51900064700718,12.426054746129289,1399.8800142611785,5.907802824080529,Overheating
2.0741115480917394,60.47577040656299,56.3464376239939,10.031178448664628,1479.6430272341522,5.890895180931583,Healthy
3.0582945902627925,95.20644497591317,59.75786178732737,15.202693864850671,1360.9445916893496,5.412706622181131,Overheating
7.429724335191059,57.285376358696,90.34545888957675,10.984514478581755,1486.5988988433116,5.6087340301935384,Bearing Wear
4.339650228047897,70.335970747238,77.43309930804075,13.046854102677472,1470.3854707573373,4.2349792947056875,Valve/Leak
1.6572341935734745,50.07975738490407,56.80711904811489,10.099710376324092,1475.5836242889934,6.284109950588471,Healthy
1.5120808313824958,51.33025604193034,52.81880290843573,12.030372990759105,1486.0933899824365,6.191920928020631,Healthy
1.9994150054965627,57.546239922065425,58.736211547327876,11.075705624826394,1526.2366225128567,5.621174869162419,Healthy
1.5611219672357117,63.03099580008245,65.21177658514843,9.864472182206352,1480.7311932880175,5.673382549521311,Healthy
1.8100490879457232,53.699617302725,63.043948857646285,9.812005061916778,1475.300680130043,6.00423008221163,Healthy
2.8232465377419165,57.92743116123041,64.01657111812133,9.800145937898876,1465.8440427366256,6.261594492894046,Healthy
1.2886856756251253,53.35965188287201,59.585514882592236,9.489542132971522,1509.6347118908425,6.191935614760887,Healthy
7.316110313982591,70.48832701855046,79.38041309433851,12.01789429979485,1450.391617770263,5.253154446386307,Bearing Wear
1.8383587007418187,57.067397720278606,62.30675055992853,9.418681518034795,1489.3773920508377,5.927168428260593,Healthy
1.7576489840242289,60.39494320071189,51.590971216861604,10.11269120041554,1511.7052242837058,5.695754818795808,Healthy
2.0871886199404552,81.76338684998143,69.50000423802031,13.055952211352821,1493.8575116376405,4.530739197322741,Valve/Leak
1.676361037956342,57.47465652261649,56.8793947246853,7.882756687879473,1478.9351840272184,5.407914935550076,Healthy
2.0883938188815763,50.47412471628212,56.50683792668773,8.11060241212608,1458.01076226439,6.4065292810162795,Healthy
6.726396513198958,64.53978730689485,72.84020312173041,10.043504186423638,1491.7929769801922,5.824500519254251,Misalignment
2.6967597548050306,46.29601784326863,56.67023802120354,9.330954875826178,1478.4030727178852,5.975874298754499,Healthy
3.2697125106218805,65.53663275315145,71.37381961398634,13.739809290961364,1459.96069988827,4.255090288890679,Valve/Leak
2.053243097301341,57.55699498087186,61.63800292135564,10.570200903912092,1508.2521580127247,6.3747866167657365,Healthy
2.0625933184933776,91.39996835173328,63.90184424041292,14.378518747012171,1380.8666895400243,5.125706720326259,Overheating
1.1744111204722345,53.82524648112715,52.65167278964847,8.999474315842608,1472.121962543114,5.465633076243426,Healthy
6.740223063605687,62.252864901123004,72.81486346195,11.537429770139077,1408.5801470829597,5.586906435361082,Misalignment
6.884187738712787,68.0077500117196,79.62822310697047,9.022721274632637,1470.6150664037932,6.056824846633497,Misalignment
2.193580889558181,55.24462412340078,58.623453938189726,10.367144376886205,1473.7650418219089,6.347150440026045,Healthy
6.350108965846867,82.26893949085988,81.24351721856564,11.641974415404784,1423.5225719994978,5.934338269154329,Bearing Wear
2.870072345635065,77.09319921621042,65.8074194871111,13.946333343118265,1480.5557328890088,4.727478047359647,Valve/Leak
3.6206295384883926,60.27266848271041,61.624388122034134,9.124075585918265,1478.0588174825173,6.570530790760014,Healthy
2.7391645502201145,58.9259615336481,53.72169896852214,10.48716181782567,1455.17195243894,5.405011522647697,Healthy
6.52319944726975,69.51688549240403,77.48568120193048,11.531585985742748,1400.4604224502286,5.858009326126134,Misalignment
1.597641609419863,76.44385625905845,65.48125363725424,14.046998202571665,1487.708689447001,3.8903413376884015,Valve/Leak
1.6694216356931793,45.77060562686588,60.616547022212295,9.52912612028424,1471.1982197882573,6.79013724713821,Healthy
2.1914355676857356,50.025963814276246,64.54130704633663,10.298431236175066,1487.5868869836122,5.622044152959096,Healthy
2.463625253672943,63.85398860863781,62.401539086120934,9.102579279228568,1486.7787704492414,6.970988817735044,Healthy
2.7309204296967997,51.298353170806436,59.78956974181806,10.619565206125543,1487.9465661652573,5.693444527955536,Healthy
6.988284403102659,70.95775406325072,82.5607177906096,12.803930483252868,1434.0385830896778,5.775520302307363,Misalignment
3.5704554254812693,89.10526844799445,59.83182167240544,14.737895302034463,1392.90901354064,5.489428018103721,Overheating
6.759037144985036,71.64936624209216,65.34231946813317,11.2533979172212,1450.8406556719162,5.289365657324927,Misalignment
5.991417805205297,70.1301890263595,94.76712381216439,15.033884106997352,1425.5713734078015,6.010622900197429,Bearing Wear
7.465150925817698,72.3938778084354,86.82245501470797,14.53135518120963,1483.0739954310418,5.375938440960693,Bearing Wear
2.446186687255726,56.57483643575895,65.65712185251365,10.188074034299037,1484.009354421525,6.0484962178708175,Healthy
1.959800803047063,51.658747127727146,54.067760109037216,11.434018284739523,1490.0841503706893,5.988067567622181,Healthy
2.14808479231437,59.957180466587566,55.865170782265295,9.99517162772339,1497.3613299770234,5.225599548366348,Healthy
2.699496040616723,71.1970208534698,66.99022866176858,13.165149526248754,1508.0906805105678,4.038038763035725,Valve/Leak
4.59579713472729,91.69990652976466,74.07337674464485,14.00798450994066,1471.275849034597,5.800080449978528,Overheating
1.9671846590567068,51.879792800603944,60.378957749821765,10.897361459020024,1479.7377713800665,5.873350877975257,Healthy
2.496238306791527,61.12580727549928,56.664247431158145,9.33141214255251,1487.5871783933424,6.611012825902902,Healthy
1.3740738939100443,53.67962015004069,55.34698222655244,9.732487478084742,1512.088199920707,5.430959740486793,Healthy
1.680430584317103,50.85722923283199,61.43655301287996,10.620754820640757,1488.7489686972306,6.470274161292407,Healthy
2.5941682691794687,53.43952339976854,63.657471549024336,8.676574573236795,1480.0991339401814,6.094508308235605,Healthy
1.7317963019137876,95.18451529120942,59.57382354428928,14.758244066312413,1431.088661458245,6.0148680970032355,Overheating
8.112671782826549,78.16540952486233,75.1405181808672,12.918517380147676,1478.755337613403,5.696509445445025,Bearing Wear
2.4714778780548317,49.002455862211214,59.10824282744549,9.959875942196671,1494.31076103408,5.749347376194987,Healthy
3.0791323830104886,101.03834286571849,76.43725000326573,11.738778200331838,1412.613680711463,5.065385989506283,Overheating
1.5307277263453836,51.62675890908838,57.05364570468002,9.923801061280196,1486.4639519371742,6.193480557443405,Healthy
5.404130773071302,74.36671690186114,84.68224801802184,13.742602185022047,1428.767836615602,5.159090109059602,Bearing Wear
7.295952688284265,65.80471068308026,74.00165100413572,10.129652982342567,1482.7329940004247,5.488158962046088,Misalignment
7.684041035300828,58.86387586067926,92.64754399228804,12.936289671326033,1476.9769321543333,6.023246804779862,Bearing Wear
1.4684256449222886,54.299622793875194,55.12381844123683,10.486155310076384,1496.135596610962,6.590723452479283,Healthy
8.109490427914224,68.21713157661915,82.13033717195083,12.710507836225203,1438.4058138184928,5.907674315531063,Bearing Wear
5.942046781028439,73.81245580610974,90.32014045243658,10.52151574654998,1470.1184293151925,5.58690573078589,Bearing Wear
4.133555532632518,99.84492340413769,68.97935994011097,16.86318553768545,1371.844826358008,5.105650010002981,Overheating
1.8727494732966925,43.22724692854053,58.96285881651595,9.455429268105089,1495.6751953479559,6.140967751604016,Healthy
2.294980422681452,58.616315299118845,56.15727105104295,9.50697574461758,1435.4927362580404,5.563736010252286,Healthy
3.0593329412848176,89.32770392384111,62.432740064754455,12.162003977626101,1406.8445559412507,5.670285837833963,Overheating
6.0123611319052594,57.29463501749303,71.90023168053574,10.592693327681516,1417.9011406123811,5.929992487195935,Misalignment
2.4060481063423,50.06241110075653,63.39201437648317,10.640302367665736,1463.8786505409687,6.339546369054176,Healthy
1.2950232549927776,57.27601362318571,61.08480911807262,9.772322370814173,1479.250938300334,5.712365808444615,Healthy
2.9652394923928593,95.99869306368937,66.78570962214437,12.268121578360512,1364.228679124718,4.6160222161535165,Overheating
1.393894988126617,55.66284854947826,61.85494112469777,10.60235283889252,1455.9196617232788,5.973935352743724,Healthy
2.857157339992158,59.936615470134754,61.6874656940942,8.994893611154623,1494.372432507821,5.936791508501264,Healthy
1.6835782725739417,54.13533443580035,60.82073680038212,10.246278091493858,1489.874454289205,5.76832200619004,Healthy
7.624785039899795,77.44627084511679,77.23710355601189,9.67600790526989,1406.8041464947137,6.103647027620388,Misalignment
1.393554682729072,54.37833589575549,60.97966032221984,10.864578451285874,1473.1279781119924,5.37447412347123,Healthy
2.562397982585619,54.5870426912742,62.02620045653216,9.52550877057293,1463.084544105482,6.410570272218887,Healthy
2.2451842997009415,62.51057573997306,54.725788328407134,9.447973731840579,1483.158666976694,5.774274704895503,Healthy
1.906300389548008,50.03733596251405,60.32885837593831,10.170338770806788,1498.6936412579266,6.15725636125897,Healthy
2.1601458420036126,54.058887393540346,56.418904424443674,10.288838351659376,1473.337504682327,6.675929048176406,Healthy
3.5062713058812864,97.27080163575792,64.56020474509411,12.108314402979298,1391.3531110671213,5.540560013362103,Overheating
3.3286754569110784,77.5279811872661,65.8470755698428,12.180309271349186,1496.271416993579,4.585490794596574,Valve/Leak
1.9463944155238817,54.486430266625504,60.15787061140691,10.472683092238613,1530.6998549219966,6.075902624465061,Healthy
4.976227952571829,67.09060004332699,92.37289001629964,12.603473087034924,1318.326562454055,6.069609280926478,Bearing Wear
1.0020462069401033,62.59693837822756,46.14022184687036,10.937998945053414,1479.827027479755,5.060011513902153,Healthy
8.38100769898247,72.18332202292945,88.50896582235768,11.382485831491408,1394.1583073433694,6.076745608934825,Bearing Wear
3.7907065979592214,60.07274502239193,60.910633556734396,11.984838709843192,1420.1756137179964,4.22209495977802,Valve/Leak
4.569746716757632,68.88564229637764,78.00551972010007,10.451840875156297,1424.8243404204804,5.1200795297387875,Misalignment
6.007384974130326,65.84373797614094,76.89438456010087,11.244241743230573,1422.06968908203,6.014477977021727,Misalignment
2.9236015413522844,96.90556934499006,64.06914468667941,13.029861625280644,1420.9151866767043,5.277909622331918,Overheating
2.0141276857550228,53.480326617399285,58.3592858392667,9.491879007584313,1447.0839765582198,6.153158038064677,Healthy
6.849670252448494,62.34271548846603,84.47691812738334,10.620264052150366,1403.746710734159,5.502526032062934,Misalignment
4.226102313914502,103.22640434461198,68.00372581442379,12.655866788336331,1472.4507072623649,5.359312335391338,Overheating
7.4372590804360765,68.29455292240436,86.00551569377296,11.24872226031902,1418.0890760126383,5.655278046616082,Misalignment
2.804982959035657,78.86756003296428,73.59300503593641,13.024369607872487,1435.1266389045918,4.313436509006369,Valve/Leak
7.516863107763982,71.00041101780016,80.21825408031276,13.30077272116802,1356.0428554376745,5.953138283546058,Bearing Wear
1.9441386288677072,70.5517832717918,69.95253405925165,12.444900623132108,1485.9093560639744,4.43622550717765,Valve/Leak
7.956727073403136,70.10050425443045,104.07918693294108,12.227020400485111,1455.858462954691,5.11581278017069,Bearing Wear
3.9179021454398475,86.98725889784076,54.212214128490224,14.048473206781361,1454.8297802989991,5.516952491478451,Overheating
1.07075603112951,57.261270613510966,63.306375544415225,8.2182675008989,1502.6906489739445,6.306278210356844,Healthy
3.4668200734666734,98.92209625286792,67.6036044935087,15.302708482251793,1327.2496892350432,4.899576226551394,Overheating
1.9350899141637234,56.9406846165409,61.62340826614425,11.117105811456032,1502.969905971607,5.651045956682482,Healthy
5.9826021427337945,68.8705177698786,86.93074821429097,6.886931885292464,1522.3373211891906,6.0265634709589895,Bearing Wear
2.963684877615114,53.26284414756903,60.662596929140285,9.512884189602373,1513.0398367488667,5.958006117477648,Healthy
3.963025722420357,98.51083674476646,64.72825967432964,15.665586458536195,1501.5393291771181,5.626964179519769,Overheating
2.085313541809541,61.55214750415759,57.00401132483539,9.721682440288339,1449.2511410174673,5.526452854944011,Healthy
6.932875607127492,80.61449995462071,88.21595682955135,10.63188223471531,1428.1605854390766,6.349899473292261,Bearing Wear
6.028149910224203,62.78736767230584,80.62466417852322,10.006672873275313,1441.7609119417257,6.809063596357333,Misalignment
6.0692686248860745,72.46221221602923,82.17994768590792,9.90882623436988,1471.0310808061631,6.247133760219889,Bearing Wear
1.8113821629518634,50.192173044390856,59.25032199766217,9.437631617076809,1459.779346265935,6.756867532159842,Healthy
3.4579160864234817,100.30039741359457,68.85518108379902,13.380335070804929,1410.9021049188586,5.392387806295736,Overheating
7.410029063149797,67.70403843481479,77.02420766246921,12.21935558544826,1443.871915365781,5.043851100916497,Bearing Wear
2.482671056121388,67.64178237604474,58.04401248339669,9.461288103450933,1457.8115793912152,6.083456762594803,Healthy
1.5943518326066255,54.1253505899808,50.106671665553215,10.926376747833247,1464.5864148065566,5.986137459434809,Healthy
1.7088232002692134,53.60204423241236,59.94354576519585,10.479732515522512,1508.7815016697243,6.293084377107743,Healthy
4.156883287954511,98.41824728913619,64.81646402190502,15.513667859382583,1442.9203714384662,5.759426335186414,Overheating
2.326831877524282,93.3508753758171,68.8981051036795,13.96798037139416,1445.4747453380226,6.026094651497712,Overheating
7.205540564480287,59.81503047670641,77.41317749727888,10.392470959044584,1380.528010059224,5.785011547177666,Misalignment
6.460742010118463,75.08904685802946,75.88615072634056,13.447802753592907,1435.3256367655115,5.908992118461495,Misalignment
2.5552813701463837,52.489374355297606,56.764761802956365,11.281230563762572,1503.164453375919,6.452820546884271,Healthy
2.964316894286324,71.6408736138249,74.69510908403439,14.864277602193075,1469.2036638799602,5.187445542678679,Valve/Leak
2.8356404241199074,76.97226843677385,80.23564167225264,15.397946780009601,1489.672283614977,4.2128372268289995,Valve/Leak
3.4032486524929735,82.04384697162628,72.60261473328671,13.545438246242574,1461.2849463579273,4.0360544686843935,Valve/Leak
2.6126243896888965,71.02719296013649,70.81255591147318,15.061719995487787,1454.00715553673,4.22630603795569,Valve/Leak
2.3583155332365777,61.833395893591415,68.12248922978378,10.20336452469571,1491.4870856655848,5.938579871131985,Healthy
7.376758182999057,70.34958632350893,85.82652215366278,12.677883425090473,1441.1754269546332,5.703001283168787,Bearing Wear
3.3552733844231915,48.97816525732978,53.70264397811971,9.04284717219185,1477.9342316992288,6.3583122044149025,Healthy
2.086015568390234,57.6446777347895,56.539569216858155,9.755877228247382,1479.598109032484,5.366313464451259,Healthy
1.4392169693611705,58.82054111841887,61.226774742862084,10.611061200073943,1443.2069002039507,5.406573325579359,Healthy
3.221330358333949,71.12314678799902,65.88341428238606,11.843344891924978,1403.3424612572912,6.3195614860686335,Misalignment
1.1814578959030995,99.1722628871639,55.9591864320313,14.640153383326256,1391.7291134579243,5.551912928984738,Overheating
7.936649331395801,61.309852972177715,92.44982357739244,11.386124540084726,1407.9192796779073,6.437974729336279,Bearing Wear
2.953817985221013,61.10678064656671,56.00927147606782,9.915010199063252,1482.4207587932715,6.610521279994575,Healthy
2.08814631054823,54.00060206450846,59.7472148207268,11.304592085678324,1480.0741070159495,5.84200109148073,Healthy
1.723117423081919,47.98952001978618,56.2481234583676,11.498420275650323,1475.86801478865,6.281764667422439,Healthy
2.2841556544829396,54.19323647815443,57.59279988554746,10.180959957421132,1470.0834949237594,5.150450032044658,Healthy
3.170112292943735,70.11634527151288,64.20288776756537,11.236170980671439,1465.5973176767016,5.00672048011268,Valve/Leak
1.8937907151257392,96.35070036223041,64.73328518876636,15.296065439111345,1424.2693270964692,4.305670986356031,Overheating
4.9965205904959165,57.891356292756505,74.05763294813218,11.410971109030012,1380.7779616913954,6.181830566823021,Misalignment
2.0234880981497487,50.66188184886476,55.10310997905354,11.025932131580227,1449.7755462700818,6.425788184327671,Healthy
2.93291585025,61.751473767520054,69.11970021922848,13.736302619213651,1426.5897478037004,4.449317933625923,Valve/Leak
1.6781221930838466,59.27336543245652,48.98871615510722,10.34668074874371,1512.3887031614659,6.5759772556402645,Healthy
1.849159611934577,51.820987217261845,58.48537103047179,10.543807247917906,1463.8551238908117,6.302969527220152,Healthy
2.950493411898084,86.93363118030017,58.27627626841794,15.164848327567363,1397.6101528415822,5.8507323584256214,Overheating
7.996748257047798,69.05020495930165,80.60497566805631,11.398502281796423,1414.088369337303,6.595743823432644,Bearing Wear
7.773416906418635,66.77878520277521,78.68843306812106,11.649179233623098,1483.035776001376,5.5917072834406865,Bearing Wear
6.155464244369144,67.49511300358873,83.21424084426592,11.353750478372495,1449.3197803559372,6.187710094768129,Misalignment
1.5183339647652279,49.58051855197175,53.33927122154177,10.795459874870403,1485.801001833275,6.0317984252365795,Healthy
3.0277384293093093,50.528639979232224,70.25906377969478,8.550758519348683,1463.7519768288694,5.118860246996148,Healthy
4.8987431791887674,59.63499922950823,68.13742891412801,11.777355062737863,1451.3439095470264,6.624813556431515,Misalignment
7.2625832452561605,62.26398881558829,82.98976586358809,11.221732030078234,1463.9334987248626,6.206808722567276,Bearing Wear
2.4100314094476722,77.99080742773799,69.73548917735322,12.610483724923583,1442.287212829527,3.920032102819224,Valve/Leak
2.153705383247012,55.87305923750603,58.68876570731527,12.44597861143803,1506.1002097769285,5.711575154080483,Healthy
2.8500288196403627,72.8752318696956,65.79264404421139,13.526579828034036,1496.302203300983,3.5431859454979184,Valve/Leak
5.516841444702693,62.81602219946085,84.99232937372966,12.001709220014838,1458.329670563548,5.79425372259464,Misalignment
1.2741472931173008,58.90870114023909,62.455273024043926,11.285997364678284,1475.7834057328766,5.943288341519842,Healthy
2.4459487877535477,47.64892188951261,63.68028066869187,9.979504437827169,1458.8272546409262,5.166157698938373,Healthy
4.013399088291849,82.04810800044837,72.13225726402058,15.354406796610697,1458.9264729260815,4.676651775821391,Valve/Leak
5.485401160715852,61.612454415596815,64.69735526437844,12.287092259946911,1410.7510268258595,5.579424488097922,Misalignment
1.8978202817318586,63.81746155279871,70.4688942541136,8.339133124197916,1472.9110400804743,5.58625689196252,Healthy
3.2006154831057487,68.18058403572098,70.43543848354611,12.42709765431075,1500.3561523593723,4.473479757508019,Valve/Leak
0.866466017573682,94.59926792702713,75.41605479529517,15.989193605055027,1326.1164165631878,5.3746296669265625,Overheating
7.71110156036287,66.22139141137954,71.16102220134282,11.034157943540789,1351.7790341279456,5.466015478617369,Misalignment
2.422837684226661,45.2934293970133,58.09422346148785,11.009685738518822,1450.9709335125347,6.09167313391367,Healthy
4.200066224249621,70.61918284133017,68.97039640974958,14.025951703797626,1426.8412832987665,4.089558396724571,Valve/Leak
2.90276173110643,77.09043869377703,73.32496891049304,12.10158122976559,1463.4174800831804,4.945220807050262,Valve/Leak
2.0725833901985062,54.034196615306854,59.68497492081612,8.369342377750598,1508.215257086244,5.6902592396447265,Healthy
1.6893116959762444,51.8724767405212,66.06561625232733,10.993884603477925,1484.1733179792795,6.304460219922528,Healthy
1.995816186140555,51.69187803768091,64.5203247465013,9.306586668832647,1509.703126898757,5.87366633267207,Healthy
6.758728020654335,65.11932210594792,73.51045842857344,10.969976552191529,1456.8145506067276,5.634859111145318,Misalignment
2.0051433636687377,59.322925977638285,59.50077313064282,11.808299094493723,1476.8692284456981,5.904926544637888,Healthy
1.341679285670995,49.81636576620657,57.34666555130453,11.135829848850129,1479.3374788127599,5.806142324153718,Healthy
2.7755885664461304,61.276912304538804,55.73455001382421,9.504751379806343,1516.2747214062945,6.096455876800009,Healthy
6.718347961330837,70.03649533679057,72.14275214535868,11.219439958619931,1457.7968020765118,5.435885141616059,Misalignment
2.2199272428644994,66.09851701843914,66.62139953511817,13.572543445455365,1451.9494342840467,3.8757909375157973,Valve/Leak
1.4265186358667852,57.144016089169554,65.65693380979155,9.920795959011988,1475.947020133996,6.149376141286227,Healthy
2.2684087282989336,70.50942901872432,59.3866188944264,9.880874966283669,1494.8721400019936,6.658133067279185,Healthy
4.41327174569974,73.38039302597647,100.43158087145005,12.933661570139197,1415.3619426018474,5.912731849767446,Bearing Wear
3.986242951415088,89.26470447183245,65.37121817346012,12.713329997012229,1378.1420776980804,6.094460258344198,Overheating
1.72039876313714,49.27386014556639,50.64149256800282,8.748719366477314,1482.2391848288876,6.392093507489065,Healthy
2.7852718003595074,51.412497888858866,58.8099413856006,8.920423279662748,1499.815234691357,6.8390042456178275,Healthy
5.6538379313653016,71.32389923525018,67.76527239287199,11.566683906971086,1466.6441660062271,5.931291525742735,Misalignment
2.880451193063804,64.74213277050573,59.69016393482759,9.467622150700766,1461.600397778526,6.390785660171485,Healthy
2.8231981734061584,72.61613862572679,66.98198492368748,13.335784318022949,1524.112832957319,4.139200704826729,Valve/Leak
3.812265459505482,96.43750186487313,72.19667885605688,14.247031429729578,1390.0630716811586,4.786510044762178,Overheating
1.0821506547864486,56.8966958314212,53.1887526006627,11.255577365919383,1480.604931297119,5.902325232359332,Healthy
2.311129374135103,50.977510902287946,55.073109979650596,11.188349920605349,1487.0924232155005,5.906028228700691,Healthy
2.0044659365553494,56.91506575225842,55.91576048812273,12.070398608910622,1468.4076006464754,6.62240653077999,Healthy
2.4035485578274813,58.67111749513068,65.73425877575023,9.159376292835855,1501.5127080255772,6.738575940364576,Healthy
2.017353033571061,52.38276678759923,58.2678187390745,11.71142279893249,1459.915309477396,5.623152471259691,Healthy
2.3122742129441813,65.60185124521263,57.747806810870735,10.12628113723757,1466.7864611245639,6.057320467459078,Healthy
2.342477278327504,56.61737041746169,59.71222668767041,9.609635675400336,1462.104920252638,6.291085164813104,Healthy
3.4095167296393947,107.44670836885675,72.42760744322149,11.74230808599402,1378.5304775862678,5.668580296222135,Overheating
1.3002971408587896,56.926579757367456,59.9499155244185,11.914325408603782,1474.935425947651,6.467201354130636,Healthy
1.4859953510517458,58.60830979904745,65.41865390303687,9.042607273925608,1480.4815481296782,5.447368330588369,Healthy
3.585845949936888,69.39024900518314,68.50579176433719,11.644245522044738,1443.7910396593768,5.079055458107169,Valve/Leak
4.997692233349402,63.42614025041004,67.01286189416719,9.985840307859787,1470.8101921713935,5.843007030245358,Misalignment
6.885582593804733,69.78412782285102,88.84536495125275,7.9911186266708985,1456.1481797096073,5.780405404775619,Bearing Wear
3.771743515330894,88.1978498867192,71.2106930931379,13.606528211628508,1363.8218709481582,5.578841300348481,Overheating
2.769232657014262,56.70311014245605,61.02829460443003,10.90064708285544,1501.8574323618543,6.31344203771892,Healthy
2.304341206456894,55.838257323633506,66.19586031044014,9.909103859917861,1480.6649303268932,6.688630766918766,Healthy
2.994276935153674,69.2786905361663,78.77904100125099,13.960502029498256,1467.889531354934,4.039063644905028,Valve/Leak
1.9891457700561488,51.67830910213502,60.645211642936175,10.265424045639607,1472.4920986615955,6.3615302754438074,Healthy
2.4849488468277063,53.618758073930024,63.77910752094186,10.07796139746004,1455.2850804286809,6.269091751399098,Healthy
3.296774001034654,62.2863543163928,63.55575078467262,10.24917050128818,1483.2744451011604,5.598524238546757,Healthy
1.5637204454592175,54.761414909147845,49.47230360895508,9.455678207727251,1475.0477393375115,5.913829378605817,Healthy
1.8292430928092998,63.61946914061931,63.31072640745302,9.43969922310185,1478.6330442327608,5.988674665739094,Healthy
6.077043738707374,76.06314412196028,82.4812937348991,10.357955419453692,1448.7057896779168,5.84720390125165,Bearing Wear
5.959253642182807,69.3398996717413,77.25614692760917,13.229795115194971,1467.5332844693653,6.479573609900342,Misalignment
2.379078130887299,55.815351039663504,64.86870146715665,9.440763566605007,1482.1537263898995,5.740908942768675,Healthy
2.5436636383861257,67.8784290008297,72.48083975863302,12.83474627106332,1411.8119716070814,3.4722215393439555,Valve/Leak
1.5585140469430128,57.07211664739319,61.094694235358176,11.0652793716992,1495.0560364588355,6.428761182473063,Healthy
2.104839654545745,60.496758711438275,64.5970639587005,10.376095367553992,1505.421437417203,5.061684702998641,Healthy
2.7553676274786154,101.91609726488942,72.85697498475385,11.824730944684607,1456.4466869659711,5.031421925589492,Overheating
6.718857157207163,68.09076116720449,75.64949632169873,12.97481696023885,1470.382072741798,6.221616638465468,Bearing Wear
1.9802086425137757,54.847864175486784,68.43997720734232,7.165755217366781,1460.861113020218,6.002216337116719,Healthy
1.8708398213644413,54.369622318150455,56.71156945603766,10.064468926102672,1492.5629855551563,5.905493421987599,Healthy
1.917117541673064,54.962818266772054,51.29840217332789,10.461553917961279,1470.979975411064,6.50461402992442,Healthy
7.170066404219655,59.944981031425456,73.14306679406286,9.757541512542591,1408.8442637321202,6.400842169803437,Misalignment
5.622240046234648,67.2503339900963,84.5428259678563,12.878408462714672,1397.2056920939053,5.1587999673886245,Bearing Wear
4.661153717298491,67.31921556316678,85.97255085135305,12.623498954899675,1445.748457133685,5.653697312380988,Bearing Wear
2.142602963182879,51.7649168902427,60.18861448341119,10.383169022656192,1514.3647448290276,6.314529467316632,Healthy
6.267271124440444,66.85490256246999,83.58772004312206,11.784641030042755,1419.7592512659132,6.306373450622727,Bearing Wear
5.694322138698492,68.20855324506927,76.11449581501918,11.719827980931374,1389.670786294231,5.841735570721027,Misalignment
2.311821049805826,51.85781199408933,47.50034637958802,8.91830028231708,1478.7790402857818,6.025553690201333,Healthy
3.466197152526479,95.48918167538893,64.83804361609282,15.65627507325454,1376.3955819137025,5.443886484903761,Overheating
7.418906048695304,66.96249468500807,71.46238351998026,10.885544989681692,1445.2895228961884,5.79971243491109,Misalignment
1.6728631570078343,56.69480949620557,58.20972860394657,9.546242265237254,1453.278764898892,6.031056230610868,Healthy
2.7748461559506246,73.19262406493232,74.48801357641538,13.841878566328562,1473.8182125224942,4.07966486068214,Valve/Leak
1.4780421793387815,52.03421746330959,60.098250475682846,9.213713878347518,1481.9211427823489,5.613817328835254,Healthy
2.4097030604323977,52.62792702317078,55.814831733880546,8.906152858702562,1488.460719494608,6.549963084587187,Healthy
6.741323950404902,76.42979103933443,74.13732577385012,14.950302964369001,1523.3230090697912,4.717464988231967,Bearing Wear
1.6405264840652183,53.67614114547633,57.90807465192038,10.811759098479358,1477.7486018606403,5.6356371143200175,Healthy
3.360348965873687,64.89767203340831,60.122597866180115,15.391291361002384,1443.9393330072892,4.131323506540239,Valve/Leak
2.274043852041071,63.86394961545522,62.89966920864642,8.481634852460008,1452.3175314598293,5.840414089869233,Healthy
1.1390243652266996,59.0967046008722,54.56839721059261,11.493301562125755,1516.4126519441145,5.900698586947129,Healthy
2.137636944541059,75.74205795887468,67.01084545939378,11.695317614093977,1452.7666252936754,3.9671259957973186,Valve/Leak
3.759743922253087,90.28815444418561,73.67511499886938,12.01241055076197,1464.6172109271438,5.093395751237322,Overheating
6.411764663826377,67.93762797077287,89.8081434181333,14.249740195843216,1485.7157411486692,5.638057467063261,Bearing Wear
1.6089610631658189,50.042248437126524,54.26849547135666,9.56242669301587,1484.992112620299,5.235273936099398,Healthy
4.21282009963962,101.73146641444475,62.07407961736667,11.90469063607582,1418.3932122585932,4.573028699917,Overheating
2.8504887794817315,82.9878019234644,59.63820708654121,14.1017754702494,1457.487279079645,4.03447473426396,Valve/Leak
2.2978739533558583,58.38068692388429,68.92563900982945,11.008050262860593,1468.1220934208852,5.598454966552994,Healthy
4.178579476511576,90.3309542943328,72.40114934485653,14.7876080612931,1413.1961152637584,5.377252674975881,Overheating
6.981435084595837,67.78472025118714,89.1760287198892,11.784041836168305,1426.0499566378353,6.03993071018426,Bearing Wear
2.244455005878902,52.730700708229065,53.95439347659522,11.735073962514276,1510.9322282152714,6.353513984504785,Healthy
2.7597456214711418,103.29396467537879,63.23084981216294,13.051165945479054,1474.889387025458,5.4809289273544515,Overheating
1.8812864714479984,98.109109296707,75.35541299608307,14.044626116988292,1389.439820309288,5.032899232960633,Overheating
2.38389753388745,94.43114864366007,58.82748860103694,16.335341900146148,1446.1954124290273,5.487366100314747,Overheating
4.2287256393941055,92.80440963771711,59.47397579591241,11.356822981291185,1374.161394724249,4.9181447509880245,Overheating
2.3722043668488575,53.122999180123834,61.778466910568554,9.276665340467769,1481.3033813272846,6.768360328834408,Healthy
7.46131532514359,60.60683663518937,94.12063673450122,11.284190056582702,1481.516009497195,5.750727881696438,Bearing Wear
6.671012427211001,62.73779830243642,80.45953217880925,10.2410151360069,1453.3380266008262,5.743917882333388,Misalignment
5.538006997645739,65.24987987353298,69.62653149154116,11.247556984688794,1431.3256350487875,5.683938578371011,Misalignment
2.067002238083955,51.91821473367444,59.35620712135165,8.994448059105078,1526.9146607792202,6.423647464083274,Healthy
2.5860564637383474,45.103737616581114,47.21160131082997,9.600708938250094,1452.4287171279577,5.905357790220668,Healthy
3.6442901488384276,65.17041609434872,72.39778411696042,13.01726763178268,1468.687732748327,3.9401140246232003,Valve/Leak
2.9275439460991914,82.64509334102262,65.25766807790666,13.891392807946664,1458.5082879859867,4.036128791666618,Valve/Leak
1.8504132604052053,41.69017331421336,44.68565938412846,11.27242216028405,1504.605169157594,6.754936378502379,Healthy
1.3536825990010544,52.90208078674499,60.05712257680656,8.99296177571489,1512.9714944594773,6.895801151857495,Healthy
1.994568126650902,48.52516510762784,67.73216948078026,10.076306810849047,1474.2167120317877,6.192469635469815,Healthy
2.0734375865609094,47.7876657457717,65.43543594626217,9.895588958864327,1503.1760172126803,5.9195455288633525,Healthy
1.3938412858540212,58.79878486509072,55.620800229884544,9.513577626800771,1480.0209437216508,6.048489673475743,Healthy
5.7691941345119835,68.97615109321856,73.10830982738048,10.775268245786679,1434.8721815252818,5.849615826981201,Misalignment
1.9818269381665476,59.97036585002948,54.74412026366455,9.625518110514182,1452.3673735212985,6.376552780196138,Healthy
2.3198402931153095,95.55359360085906,58.98199892552274,12.44975670280939,1341.5946588059287,5.07328830497704,Overheating
1.633440834358702,57.33112561325739,55.81849290022039,10.75953374576322,1459.4783599813736,6.015691171104702,Healthy
8.327805336426591,68.15212643990083,72.03547992835364,11.685048963650514,1494.1452341145562,5.248145563806283,Misalignment
5.763102440886707,62.91455886429024,73.33621650835063,9.695767734406758,1472.1186816065003,5.330956560609352,Misalignment
2.522915295880349,54.84907571427074,55.103029165486156,8.651324343626042,1475.4000160794444,5.697188173659813,Healthy
1.8788390818206564,99.87821442132574,65.57774761582232,14.284754591528715,1457.6430711296007,5.324881800651253,Overheating
6.342683645983752,68.84484058286046,84.45421063125202,10.75395339509734,1389.3074424090082,5.575628399648385,Bearing Wear
2.0681291531267463,60.997772349129136,69.77743271981895,10.759333771458468,1507.6504128481645,6.306709716905248,Healthy
9.22102436114952,75.70699102467356,89.23828087854751,11.692151742093948,1448.7598815710828,5.664865067459895,Bearing Wear
1.6398259813203258,54.04446895110045,48.2241505741085,11.72308989477251,1475.5905083482737,6.182232174934631,Healthy
3.240234749952944,103.66606221256059,58.79131093924317,17.596064884396554,1443.4844079395507,5.583680996994657,Overheating
2.0650920912085025,93.26831072738304,72.22125198201189,11.199409728657553,1422.4183109983521,5.712870463938062,Overheating
1.7336356642222108,104.6577863421898,62.202646284255486,13.329485810132217,1351.1198245216083,5.06485918501323,Overheating
5.665201702262373,74.4417060019175,81.02220371818147,10.180449291227028,1434.1657256092033,5.934682876702523,Bearing Wear
2.0171050591663993,58.48103730918042,65.41210725808475,9.689904691410568,1459.1155596884769,6.030437791569007,Healthy
1.2696373470140248,50.54695851496207,56.4040655201853,9.792177811279624,1464.7793219274643,6.28281629003876,Healthy
1.2101406514027877,53.330555942442686,59.121735979300716,8.545356127141897,1467.8650231470488,5.839582473032364,Healthy
7.182257779947149,66.03052669345863,93.86701780004964,12.732306959600358,1425.7865943807603,5.837804597347029,Bearing Wear
3.8503050321484467,68.39770542650189,74.60403218632344,13.050225370938973,1497.2891629112191,4.845445726319705,Valve/Leak
1.8688586894919696,57.53302954839728,59.09774986436417,11.680307105978335,1481.5694015635402,5.837742946994865,Healthy
2.029571531841034,98.33935476855994,60.899943986802484,15.64722237828162,1348.2825978399371,5.5508965795893,Overheating
0.9238764676881819,65.09132771896093,57.87357401400945,10.14109538216214,1491.428984510327,6.290451622446222,Healthy
2.498692291853184,57.59535356460906,68.80440570016152,10.522327542854597,1519.2927103976617,6.360431536095063,Healthy
3.3055513391939204,52.12827945761391,67.47772007600868,10.026793443119438,1501.2218051520515,5.724608435653682,Healthy
6.696171345526714,79.47401866953933,87.63200900450205,13.40391396195235,1385.0776938558079,5.7657709280845495,Bearing Wear
2.1118074532198534,59.805786068589256,58.17047877431273,10.04878710503463,1503.6245352882997,5.088524398621857,Healthy
6.599338208807736,64.52609125267827,87.01926534565588,13.841176945212982,1481.1743149445253,5.7459547876373485,Bearing Wear
6.868067898445844,64.56314364753416,71.53459724005896,10.36476596887767,1455.135600466044,5.883141274514924,Misalignment
1.8205960151436127,76.99098871257827,66.71932946641466,13.396465306787178,1490.992672676728,3.5455377615732577,Valve/Leak
5.82930585378113,66.8987143781398,81.19579999210217,9.670548185337593,1447.093938461173,6.312609509997481,Misalignment
1.9312765035534383,57.09224684492461,61.724085389448945,10.582352607367122,1491.2256105280244,5.60721107775374,Healthy
2.5833915810951193,55.93041446845149,52.52922346725167,9.885254293999909,1483.8881175388115,5.542159904885273,Healthy
1.8725044899531664,98.64375334991867,65.82977657451026,11.531325252778633,1414.0585944632792,5.477396421043884,Overheating
6.530161079493487,65.19112359554185,80.37493224125316,11.192744675177392,1450.5647528974314,5.859183386169916,Bearing Wear
1.7883402255017404,53.242983659972595,72.53862392753467,9.229274848501792,1468.8405598290763,7.317541643347259,Healthy
2.0340135338674132,77.05612322386358,64.53976666479312,14.090873809366116,1454.725943015733,3.9801020752552967,Valve/Leak
3.453121082127396,100.83793662469525,67.17459839759974,13.333333214310352,1424.4541768103284,5.983686157073784,Overheating
4.261149823042555,77.10292321921145,71.27189529862967,13.30178383722138,1463.4309282241907,3.5743806072025044,Valve/Leak
2.110593242670584,52.919574393667354,61.68838509352347,10.021307490355111,1495.4738378219754,6.2652449524262925,Healthy
5.359344530437602,80.74433643208702,84.14865400857315,11.878670319457303,1439.7243745390183,5.604635337573785,Bearing Wear
3.9702310242702556,74.66636042146602,69.35499907341564,13.742941582016504,1461.8449245442343,4.10488854083845,Valve/Leak
2.647073802443644,96.51358558402059,66.02110462810818,14.904404031886887,1375.2345217009756,5.784054541150616,Overheating
1.7137166741893806,52.35537470427128,54.63974113813161,11.015662283385662,1460.618950476204,5.720433465037331,Healthy
5.429417298146349,64.05928657430951,69.93985499541732,11.832951207622685,1455.402087325732,6.195578361649379,Misalignment
2.036794555509738,52.378116665310074,55.9251534666699,11.28990552676167,1495.2960854345317,5.72267830911983,Healthy
1.8499424535074933,49.35894647147125,60.888256883106514,9.584507335760804,1460.9492666740862,5.408346978343295,Healthy
5.628573872305361,64.57452514787542,70.62349594918842,11.650739427657228,1428.033603746511,6.13075412423946,Misalignment
6.055458837751473,70.68470542683168,77.42395292789007,12.809157780954973,1421.885523804606,6.167293010613379,Bearing Wear
7.062533516309917,59.386884057058424,71.6111514963559,11.380934946848571,1465.1149128028026,6.566643563325969,Misalignment
4.286421941550729,70.26201270104741,76.59260573417784,11.869382803648834,1470.5050126715814,3.0291534795717774,Valve/Leak
3.373341438464612,87.12536688679685,67.13474805394593,15.359687181218545,1379.947192291269,5.112418817730321,Overheating
2.2273501446526516,94.39271865190449,65.5104531244404,13.540984815354786,1466.974369607473,5.21223847212521,Overheating
1.479380381843943,55.363887849707744,65.91552704274035,11.131357152253319,1471.5948420459954,6.2220278880285385,Healthy
2.568048657125808,98.69569962288844,74.31246086026187,14.707550997593946,1422.6542551628268,5.768861991280283,Overheating
3.3221572712444023,65.89944255096884,66.4606783558132,15.594330137426203,1453.6684597585297,3.8299129478528866,Valve/Leak
5.862787596589148,67.31548513486193,92.494313007917,12.064151347961939,1403.1520886462042,6.017595845729048,Bearing Wear
7.539851486530245,61.96906526182933,80.25612986862963,12.775698032365714,1404.471703285653,5.822714791696724,Misalignment
5.971185096934991,71.62176968024698,83.65047827496404,11.632398642609953,1451.4681517812433,5.828505886231426,Bearing Wear
5.401173654543216,62.22414137825123,74.40706205587585,10.955242358764204,1416.8345198016016,6.029575856834407,Misalignment
2.488673618763734,70.32043304278287,64.86330887781637,14.95503761777067,1460.4715461681237,4.288384839112952,Valve/Leak
1.9921105398135195,48.92373267848633,59.15091481952463,9.062991571404243,1474.4519283048767,4.976033373479001,Healthy
4.0247484831600335,76.98238649464525,77.91423601549138,14.66526552360511,1476.824685604112,3.9735656573104325,Valve/Leak
3.9173956843597573,95.38740784632434,77.47011408190953,13.452353035983869,1478.9158341912191,5.437283283721698,Overheating
2.8483458686162275,49.88525035909644,57.575009608545656,8.967020774301469,1455.4011102348354,6.26682674020998,Healthy
6.052366323190136,67.7811956748664,65.71306583142542,12.286766003957055,1419.5271750998024,6.112960522495143,Misalignment
2.6853982803819205,54.47571306108483,49.38181270478535,10.057127613453561,1484.0141371632321,5.586295656343953,Healthy
1.819490782636854,48.28623025358745,63.35742447504642,9.436274849102205,1471.8724157052586,5.814968461085166,Healthy
1.979541919113304,55.395499102729104,57.79681922806802,10.462866822254906,1506.9863609690135,6.259144326994603,Healthy
3.424361144119042,63.71854414013302,64.74328700980517,12.754015127681049,1441.8533989376695,3.6677314876220013,Valve/Leak
1.3267353934329296,53.717372213287,59.65286816590558,9.206946223869425,1481.5785042536645,5.826466543636649,Healthy
2.886861965182614,76.1779852884103,71.21928257376815,11.317514752907133,1457.7335456065707,3.5821879503356584,Valve/Leak
2.4784084279385175,74.29177820090885,61.945873975202794,13.017642190335325,1474.3103895640797,4.653797784654498,Valve/Leak
7.02130116664861,71.10488183746943,94.28275767725661,9.778004908874795,1422.6669236478685,6.921784997094432,Bearing Wear
1.6763043330677079,68.504699139911,53.38676067121383,13.289104854947384,1480.2446190069554,3.744168811915624,Valve/Leak
2.461827077684456,46.24892267576965,53.392143939002274,9.77188481828436,1464.9533032506636,5.882453241010565,Healthy
3.1500194401450554,71.10460148892007,73.2951429653982,13.240479400576351,1465.1672518124005,3.4768463227349433,Valve/Leak
2.7353068785564463,94.0004101541023,70.24132188195405,12.920846665224657,1454.04737313836,6.077790119749237,Overheating
5.019379189232578,54.06853377186534,80.3941745712997,11.11138506133108,1407.644075875356,6.369424937502242,Misalignment
2.7030913192383403,75.14934218590196,63.31838301031074,12.868622908471519,1487.228429597834,4.3055553718105655,Valve/Leak
8.360322829607197,70.04643000652972,70.97955174185567,10.34134155717704,1472.9000233715346,5.179899431885885,Bearing Wear
2.1692403068445163,62.34785347880755,57.12490151772793,9.356512290916871,1478.95108467009,6.140365187924041,Healthy
2.5246341744429053,51.00428083485764,60.600804666895215,10.445212710247018,1471.9953438018829,6.335883974623987,Healthy
6.7888457131522735,65.97052054024417,76.88202285743614,10.367608243150645,1411.0768488442634,6.389758591971511,Misalignment
2.181627867022079,96.08518054792899,53.13111973232287,13.139089754450875,1438.4411070647961,5.449941764515536,Overheating
3.3803425041757467,67.64647829118309,87.02963334296328,12.69793481309751,1478.8706713400309,5.7158968992906285,Bearing Wear
1.3339412852950687,53.97739230413401,53.692124688011006,8.152129880194583,1458.2964125977885,6.603473963121589,Healthy
6.2198773630233655,62.43251874400972,66.04724490274052,11.936113124929708,1364.8340558043324,5.678082929283337,Misalignment
1.6950552349016785,56.15244821714928,56.36765197735565,8.162038516945026,1463.9781341532912,5.700496804952135,Healthy
6.9700585902076035,58.93198610930429,76.5048963721908,11.158297037217915,1458.81365232415,5.846747251305228,Misalignment
1.913889930952951,57.171962632924,52.485294563763794,7.361721923708892,1487.550937071317,6.172473250415692,Healthy
5.4750674852453205,72.44861126105187,72.70061092131489,11.42087901967237,1447.8390867501223,6.5874960638996445,Misalignment
5.346807093770847,57.50927307792338,82.76183503331237,11.42141090704854,1443.5918331768291,7.146681696529568,Misalignment
1.3488392974499839,54.020482125035116,55.12608795575673,9.604131605417228,1471.9482079449078,5.76519024357318,Healthy
2.796250816836148,56.49424022219197,58.87263982649881,10.757637829515742,1489.421345496988,6.110276293096819,Healthy
2.066967371879328,58.351107284957955,63.76556150438888,10.162718735032803,1475.5921101300778,6.6121591205815635,Healthy
7.4695763205128145,72.4834504644344,81.3426528864182,10.788266422032759,1439.3844393739046,5.603113258729756,Bearing Wear
5.348504917480724,66.3311149231728,81.329717920743,11.554391335173634,1352.013965048893,6.156521485902932,Misalignment
2.2265400373438817,54.92932370394686,59.03656186956586,9.89776427203786,1479.5515138346043,6.537761988836097,Healthy
2.5427680665906003,59.699529329228284,63.33522773791827,8.213381179870323,1502.3326531232321,5.816839482345765,Healthy
2.221973733407669,87.88955574018047,74.881943684156,12.564525399742829,1445.84426556207,5.547368128574608,Overheating
1.9775855578348966,48.49452751734344,59.93122810195385,8.91725968610404,1472.0911241137203,6.37011982558783,Healthy
5.221395401343374,75.10892876148321,84.95740142854514,11.186722097385992,1472.400289117268,5.733117265209199,Bearing Wear
4.478247769159683,94.89627534265408,64.59307397758892,13.392342242404116,1447.1986295783036,5.290048596743184,Overheating
1.6606611690520108,61.63387300227396,64.16066080728558,9.74498434734014,1507.4651028328094,6.299176891528753,Healthy
1.91704507244946,56.64658865972717,55.84056525168092,10.00450506550935,1486.1702672922659,5.325213504556584,Healthy
6.636332577561174,76.16840811976193,73.93301803713379,11.427740970444434,1435.5473605790623,6.18402838556864,Bearing Wear
2.8980473228261845,58.31106690953193,57.948885029052406,10.239658696558958,1472.9186238126108,6.343758436196168,Healthy
2.4234128164000666,74.73413951132953,77.35453869234172,10.357637684632962,1494.3617803997604,4.129932435785997,Valve/Leak
0.5986177264885288,85.82368360515032,64.90147572077299,13.901152943286673,1425.3280173883725,5.280205128975615,Overheating
1.7934568061695535,55.16805143455789,61.153863974776385,9.210835300727593,1498.0289340067072,5.751441291310386,Healthy
5.45760849053171,70.37420087851304,74.3360177352967,10.305486496930229,1457.7832325134564,6.757099415979499,Misalignment
7.233842460865434,70.18038975287395,71.97180124170833,11.026634180476233,1391.5236611088803,5.818023093455347,Misalignment
1.7985570214121824,51.25052484309832,58.56451595902217,10.532232686264914,1477.6101617912002,5.254250720897845,Healthy
5.176720776930098,71.4643613558906,88.01990418432513,12.384822332781248,1426.3778682010184,5.8987415716524865,Bearing Wear
1.4308872751248738,58.70964959854465,64.09013876861886,10.948895481083506,1467.8330279993509,6.471744925077232,Healthy
3.5228010572308106,91.93452402939995,63.880089181271146,10.368233213916216,1387.9234714233235,5.536435986714011,Overheating
4.4049504544681115,88.02520348804835,62.18209381448037,12.64269108502122,1377.4489208401812,5.912565225176282,Overheating
2.509445172356741,67.66195474366079,63.05722810843651,14.567542463823164,1488.0251101729075,4.147009100005607,Valve/Leak
1.346668717271874,55.85314725192297,62.74668959223249,7.933855194978852,1473.5738017892425,6.647318355822954,Healthy
4.042746663553436,75.8942767737341,63.494322394987854,12.648794447977773,1456.7826440363824,3.723744215953247,Valve/Leak
8.808122310542274,64.13583628184229,91.47061645845208,11.345273282452474,1449.2308201035048,6.024737767295429,Bearing Wear
2.2839521567472665,44.76785150225809,62.19853694207318,7.531469875428364,1475.463065466031,6.341697194127397,Healthy
1.3507947605190296,49.15167801953241,56.556639798386826,10.186215862358134,1439.3613361991258,5.994710569660577,Healthy
2.8018739733903115,75.15192580831831,71.34234494995722,12.350014888721326,1411.5952659935128,4.266706540785411,Valve/Leak
1.7108286875692273,57.39562108981543,67.08666691717175,9.961939876557992,1491.0812967289173,5.4222082635388436,Healthy
1.9700470311614189,61.14613790313091,57.29770761985622,9.75836238283763,1501.176289342656,5.96318648304214,Healthy
8.551633273290122,59.60703618331633,74.67649959225238,11.346688156025614,1438.0285252709334,5.82410251839744,Misalignment
5.765068133712044,59.42033070704314,85.75109607211364,10.780009082286623,1447.907929784693,5.766138856927358,Misalignment
2.6811894361312447,62.700925272064495,69.03627315927538,12.511590814816683,1489.2881127296193,3.6016499412077425,Valve/Leak
2.281247626596734,103.65518236407085,60.65295777572664,14.843449767089204,1438.806458936239,5.441550835433837,Overheating
5.363015369483572,75.15858438877648,77.43643588720086,12.588039916589869,1453.430473294618,5.950852993724411,Bearing Wear
5.0663292155820985,60.122359104926296,78.57463567050202,10.370655389435603,1347.4955452398456,6.159502119153546,Misalignment
3.3737087023242025,103.35693109590181,65.08381228630974,15.493648747495296,1406.151907221448,6.134971731256459,Overheating
1.995892509791755,58.365808025207336,59.04794121494977,11.15221899665267,1471.3592092097845,6.827748460651556,Healthy
7.33848639547276,73.3156070821277,92.15002861374782,10.21920390154895,1410.6399995626664,6.302567565543054,Bearing Wear
6.728193704824252,70.06673981728697,70.68375116581558,11.714156528314499,1427.4085978242033,6.167228653446033,Bearing Wear
6.576680234129911,66.9772932439957,67.51326625639867,11.590643079996875,1448.8819383657014,6.398077061507492,Misalignment
1.645951461142713,92.66913904629072,61.28866681421178,14.258760782577612,1400.5360743287215,5.4063671707679415,Overheating
2.1188686310553733,88.75327119564436,59.87887364450979,13.459508618861019,1350.8563913635262,5.480571404480291,Overheating
2.370787908800736,100.24259752433717,64.70249735856632,15.593971046047706,1392.1980059518228,5.490322044707458,Overheating
1.9964767297322576,58.561156530660234,57.94332883864851,10.518411962534664,1463.7450607790852,6.303620226208884,Healthy
3.5961759112603353,72.36585925460199,79.12572240034638,11.615118728494949,1423.0955806672032,3.8918913770122168,Valve/Leak
1.8938120844573778,98.72930456275925,64.97910603293671,13.280478534943612,1384.5214961077827,5.261104934269464,Overheating
6.117393150828356,62.06719661150021,89.77630370491796,11.676366564978268,1511.1632106645366,5.589517744482346,Bearing Wear
7.082197330599305,62.39332083898998,71.28539616045482,11.741366530930904,1447.246757537418,5.335755959715629,Misalignment
0.9708559960415957,98.57232112387281,63.69086403432127,13.756774368537076,1332.3422360919258,5.060759058764269,Overheating
2.462139519881743,95.7070164531058,67.91734063315907,17.404418853927794,1399.199318798763,5.946161065238778,Overheating
4.9900644220295725,67.88619011973925,75.41366969275455,12.022009750753655,1426.58637626474,5.018291445298166,Bearing Wear
1.7312191434473099,46.81190348527901,64.49085895253644,9.271385637460714,1501.8033206738132,5.70664226612878,Healthy
3.275865367581637,98.55931628422466,68.842418686703,13.865388291906006,1421.1446688621834,5.798251442769368,Overheating
1.928670943367852,47.77352525884435,62.995870783899946,10.04217369914115,1471.7276829529858,6.511106545436664,Healthy
4.315229052291909,94.86636032819321,66.5875908925145,13.407433828204594,1333.3170834990667,5.444156040613688,Overheating
7.811470535683113,68.81180080936659,71.8447609527735,9.68750798312606,1511.5605887128988,5.362985606491153,Bearing Wear
1.5329566312912022,54.08772045136066,63.12604129799952,9.179805553419126,1511.8443027151811,6.030291343227365,Healthy
2.7859143935846995,98.95232172210254,72.89396369924931,13.803071093565178,1469.1885116299695,5.255361676648353,Overheating
7.58693720349166,63.588507563905786,86.282858227824,12.011048906775558,1424.4042347116947,5.9432009736776505,Bearing Wear
1.9637065263463918,54.65711265470657,59.5499487053819,9.632300378753673,1482.7966819002997,5.742434315054488,Healthy
2.158290837357765,47.95333377267342,57.07631961382771,9.49425789542306,1520.8098682864907,5.471946140009,Healthy
3.173875845532578,74.00161382804728,77.41805897566564,14.458995231696505,1448.7260793369971,4.297008724746996,Valve/Leak
3.06936510596535,67.23606343300848,68.8817054442369,10.977553762219966,1470.1218071679768,3.3517156522121963,Valve/Leak
2.0187955255819605,89.9021537891847,70.77366051272581,14.881876918870432,1445.9681255068217,6.123890853000516,Overheating
2.749485831220436,47.672471719105495,63.730501672724515,9.50666228540003,1461.3939971472137,6.245787946921777,Healthy
2.4576341933232726,56.07429944447396,60.65978650664619,10.526866585699903,1486.0752815103438,6.216542335834392,Healthy
3.674227059605091,85.23675316069743,64.34363262456807,11.92423025923162,1411.0680807041954,6.156772070341479,Overheating
3.0890764212080506,76.53892028952983,57.59366240940085,12.373467421426975,1469.1128914818212,2.7515026371713627,Valve/Leak
2.550428986690645,60.014984502253625,61.8715911368505,10.882197639943177,1484.3020846884292,6.222157962976926,Healthy
2.0579063414610466,51.83814806792089,66.31741672091157,11.521559409502203,1507.5982560139414,5.836756495328855,Healthy
2.0967541434980665,50.23112980317456,66.38486830375082,10.543907202591413,1486.5716868304728,5.746547166021942,Healthy
2.131777552270452,98.8043741364742,71.89443349803105,16.446568315861928,1428.3409621643927,4.947191380151551,Overheating
3.0698408720288564,50.656942047788576,59.70409213544892,11.413524351800977,1492.3426784414717,6.992062529794042,Healthy
2.307170949981425,79.34475261501105,62.82472823037078,12.763878413418956,1458.3588363785107,4.717994736692961,Valve/Leak
2.2285324570884315,52.98784561049167,66.07502009540971,14.025824042727265,1493.8256419784584,6.039868883018735,Healthy
2.4900148405462774,93.71773859631618,62.326998798664334,13.975883248209728,1471.1206430722914,5.998866766947693,Overheating
1.3958600276670698,61.686838214512065,59.75472863269318,8.273499574397645,1494.2486023698607,6.410274673693386,Healthy
1.5877226789335483,54.44772994346143,63.67255455654309,9.484253415375829,1463.3571619605214,6.290867699872113,Healthy
7.6504655806584365,63.33090607015246,76.88600188458162,13.132903736355596,1457.5755973095165,6.168982293294483,Bearing Wear
1.6024473487601274,61.803594437704554,52.38520618002765,11.251460709180625,1506.4100941496476,6.34403580570643,Healthy
6.020171395929569,68.7396653620108,77.22976193901161,10.557459001869605,1469.3420287452714,6.059739645689663,Bearing Wear
6.676121935300075,67.27151652869902,82.54943127288551,11.56913644186752,1461.7574316120313,6.090831036372085,Misalignment
1.3564414217161125,54.39127771444543,59.80508615886235,9.756250053064718,1488.8777326063346,6.253751861798301,Healthy
2.8761392831450636,67.58561952092926,76.5831164449374,13.419679379936602,1434.5346535400147,4.103156229175188,Valve/Leak
2.0176853071737213,54.00810028700702,57.12766524822331,11.58460018980353,1456.8769176091578,6.282557180672934,Healthy
3.7540875326016816,71.8107673074134,63.19558816346004,11.365525388098654,1449.7112076260619,3.856499633043046,Valve/Leak
1.836843272264378,54.48876453557157,62.426059738226485,8.76220378053757,1466.355124077339,5.936131166871007,Healthy
2.9182118537067114,56.161232963619284,51.93205094020288,10.418181361586765,1490.9132744548797,5.9499487887021045,Healthy
4.230638286719424,65.58069651851245,73.9646332384956,13.240060634876722,1475.0202637257441,5.053428962083665,Valve/Leak
2.5530686183651734,101.63595365076776,61.8445027497794,14.245337017092902,1348.2766556793683,5.086687509065299,Overheating
7.441704050297046,59.78565626385382,87.98372420800399,10.770856535102554,1488.390640470135,5.659214228470197,Bearing Wear
3.0606436463674016,89.50258999352765,71.34472570716562,14.00079531129965,1393.9329350762684,5.736720407572403,Overheating
1.355423172335743,57.041757897208186,54.50164645995596,8.899989846250543,1496.7351206244177,6.210025643993576,Healthy
5.380863957058663,60.4813422202684,83.8815964902029,11.906010427570608,1417.3746546198417,6.130477875737397,Misalignment
2.529147694167355,72.62917959565132,72.71338449487548,12.883049049383867,1466.2003377678557,4.239168229976563,Valve/Leak
5.703854407809106,62.86867563661108,76.15968754314294,11.410815589199457,1435.950775019565,5.428561179999576,Misalignment
2.199440902974034,62.35836650335439,60.762077307793774,9.588331587523006,1484.4868091088556,5.545271430994629,Healthy
2.093297072254014,51.65271393394726,59.16602266953562,9.472963767936385,1506.2333995363367,5.9191039642211765,Healthy
3.4589811653210334,90.55540037741275,65.96854733067579,14.411653354091314,1337.8368471591752,5.601078595511044,Overheating
7.155959550539196,70.2137782809434,86.55501923770049,14.006014838514236,1414.6147776374467,5.6631390657998315,Bearing Wear
2.2404629338639555,57.29702776671042,73.76788607836669,10.614135524116707,1502.6187559251005,5.8771711764589964,Healthy
5.685682570766366,68.55980085671702,77.03413927414587,11.40325137059888,1423.5696683960862,5.75047895247481,Misalignment
3.507132815115649,77.0443645690225,63.96255010197263,13.91481107131774,1443.7319692310944,4.434460825920527,Valve/Leak
4.096051984467289,69.49155222611313,71.0716710453687,13.727911789071314,1438.151028746928,4.163571472286527,Valve/Leak
1.7430932582970133,52.8013849925838,65.56007299068398,9.401449265239666,1491.328157653432,6.1258380008124576,Healthy
2.259584719213221,47.93243395121153,63.1404591408258,9.492808356869151,1480.167345065129,5.482288020149465,Healthy
2.46347520898531,50.9651728598869,56.964164569279944,10.454621023567489,1489.5923664729387,5.026328280636597,Healthy
2.264276741774166,58.484593312264806,59.282297766689915,8.144646491447755,1493.4944412250047,5.773924788707646,Healthy
2.81096329102871,93.68719357842363,66.19019689558189,12.837505427886132,1434.5755577071573,5.024648384216931,Overheating
3.118974317493506,63.16349792733256,66.37739492887255,9.915451641766358,1503.330934114944,5.961529400689549,Healthy
2.751600707015344,60.644122314612524,59.84330446172282,8.77481574266885,1468.2759864684206,5.271541766044996,Healthy
1.7173528265086557,96.72098522088005,60.78153326110156,11.859944832500785,1409.534203731143,5.366480245875187,Overheating
1.9859157850170344,90.45611212715707,53.061788957545545,10.723479976508116,1471.9276963991406,6.333439297639868,Overheating
1.5880856170467441,53.50775537254947,64.36787101243182,9.485610980177954,1484.7526773408338,5.9948975798075,Healthy
2.6316650778056903,73.75992523011305,64.13867118167535,13.54207521474822,1448.2105260087706,4.263683652324115,Valve/Leak
2.865446363818438,100.51882604115195,56.039835720580854,13.294455479539108,1401.107544843043,6.2693322716825834,Overheating
1.9518950690536117,62.28344425458131,56.07489797366564,9.787161189574329,1486.6347797011108,6.073803421489112,Healthy
3.3139316670512624,79.96663737308532,67.83994985614054,12.111369506499644,1454.356920174509,3.6204484533161994,Valve/Leak
1.8070609436223772,51.64105550011262,62.49329204810501,8.856284222025712,1495.410044277116,5.808665044603456,Healthy
1.8036312108852164,58.15954833278962,60.89781186886453,10.743901873714487,1482.1989378429525,5.3346410350627025,Healthy
1.9561585387710463,58.947580386774064,63.45123238434428,9.226703518988659,1461.704091896494,6.262142040579602,Healthy
3.7491434235731975,93.93079434282186,70.11704888724144,14.634956726313654,1411.5189997485659,5.3503955205038904,Overheating
2.5964263574763544,54.7289227066834,62.655872218419276,10.046360076249705,1482.4920808549084,6.68936430277532,Healthy
7.095284578234862,71.2867245276162,80.78877697869419,11.74054268060257,1459.2819336264583,6.1402454358276515,Bearing Wear
1.445370472047745,59.884913653393156,59.556131603112235,9.013008644322461,1506.7276947486384,6.585311598695181,Healthy
3.567034881524188,99.6046952524666,71.97886076406125,15.092102788147587,1346.8924689024573,6.303923099588451,Overheating
1.7452378973636176,49.85187463821295,62.52406715202042,9.721739961632421,1486.5999070799792,6.297362736511305,Healthy
2.218724405120964,74.31491080723187,66.79967286833816,13.175314942878877,1426.4168390759435,4.073908637762681,Valve/Leak
2.3029662538233984,51.05821014563366,54.15867815340974,10.015763689751791,1491.2206559403883,6.16207005607702,Healthy
3.2382595539892827,104.01413282765597,66.02572343654514,11.55027809627207,1408.1280135240256,6.317582788485044,Overheating
2.014862330914511,53.868322834839326,60.47941479637532,10.194252153153771,1502.7994397212585,6.0339133145603245,Healthy
1.9411721706067588,53.249316130126836,56.65408508480697,8.182912970879848,1485.515628238517,6.821600115388737,Healthy
2.34337367708084,52.93484337492772,58.77833304363165,10.984641488333262,1520.1738728057965,6.595179174318728,Healthy
2.0175752896952543,56.048594571336615,56.23246340285873,8.551832478697342,1457.4640328448013,6.019920013808775,Healthy
4.530558295280315,64.81338310475132,73.40784837767028,9.82715114471592,1418.8946296813979,5.771618799713463,Misalignment
2.46333508238797,45.48549218953344,50.071005046445144,10.003285784449092,1481.922543787846,6.161686054407589,Healthy
2.357453336435368,71.95610320383031,67.35053118791203,14.861285685586832,1451.8943187518703,4.173407424141462,Valve/Leak
6.766287727923176,73.33694119119454,88.87785660031813,13.097102465577322,1458.6846179623376,5.8775363177642035,Bearing Wear
1.7120030488831133,56.62759401419634,70.14322918712296,11.210681908963558,1486.0783604444928,6.342331919242396,Healthy
5.739487845800281,69.73924922092027,82.43583596729096,10.229133827904622,1415.4923507173053,6.772550317551415,Misalignment
2.9116809863501896,56.03428658637896,61.23090141162717,9.694509112340102,1498.8511028302046,6.5431110201216,Healthy
1.8237747238897817,59.5753926218711,59.35225681107836,9.50661453146679,1500.190843077388,6.441381281885004,Healthy
7.254839833585534,62.749151224574604,79.62711453712781,12.18624784820007,1450.9422036273952,5.413249563307746,Bearing Wear
1.4674778150222203,57.27529928456605,50.1618040165405,8.988422770439804,1442.7411690433537,6.167608241543192,Healthy
3.022210438974878,81.83714409448454,80.04060388762541,10.832910916985416,1467.460240040774,3.705514351809773,Valve/Leak
5.886530045609926,71.14145578466562,77.99829437110179,10.284859071517118,1451.1510199223,5.0025166672473285,Misalignment
6.0113301463585,70.46992415043358,83.78303221804,11.787793359570173,1444.7584140968158,5.808962896395634,Bearing Wear
2.0746655130511913,53.57824091697721,62.00874139902391,10.826123543652765,1468.8794821855474,5.97623890773093,Healthy
4.897239322732643,74.02351098127971,68.30422512630213,10.654635388795263,1401.4943000937196,6.775170798747752,Misalignment
5.499158843471467,63.14625630030041,75.47801403946976,10.67155822109549,1426.013395861328,4.488316018790505,Misalignment
3.012464635040651,78.23141278447436,77.85436568967641,12.774750326329842,1480.4057270418489,3.649215609777597,Valve/Leak
6.313029041038508,62.89181519121967,83.8864679307757,14.100708670796669,1455.4301661019254,6.398595259071352,Bearing Wear
2.5239255522739947,51.739199813815276,61.126643357446014,10.216682828659415,1493.2298346784835,6.100296247964531,Healthy
8.056368342511076,80.38993956595236,81.4971794664633,9.247151885332451,1464.9795870506136,5.66752784237914,Bearing Wear
2.278088877865506,52.71803785087201,58.65574014328164,9.899880483063413,1509.3950787597003,6.012027841645432,Healthy
1.4020607594294425,55.69614960829801,54.35285999654511,8.437696513075839,1492.7107198186802,6.273799361147458,Healthy
2.1468296455758544,55.9406082209775,63.01209692984543,10.6047499039398,1427.8842282494554,5.903800416607043,Healthy
1.7947717044804927,55.18101319629913,63.75349990839039,10.080925233252163,1510.1583883446974,6.4507945009124485,Healthy
2.841563063420177,77.89805536879182,63.36748901554737,11.97009666093421,1408.849181680025,5.5611482844480005,Overheating
7.396670471948191,64.86865285164016,86.40208155961598,11.232451445219905,1390.693508188501,5.675171249955953,Misalignment
2.296063575576689,50.2637504988535,58.51012058595302,9.838959719203913,1471.0375838468892,6.3245661526718875,Healthy
3.8165969945727714,70.01384891333281,77.2151654058874,11.363203496827545,1425.2903924752536,3.5930991569543935,Valve/Leak
8.442853739893307,66.38714751616222,82.13983957021338,11.675973067035994,1467.1848437016297,5.60894987865817,Bearing Wear
4.65460473664231,62.1413944441144,80.88730876467666,11.090926008478476,1407.8043646925626,6.394457589091574,Misalignment
8.703946695378958,78.42164186740061,85.33606975824802,9.752175708942469,1518.6850184603727,5.954910422505819,Bearing Wear
2.478063957387528,58.511513935106734,66.55469174943221,9.337652211320103,1486.3694682554878,5.525651907902025,Healthy
2.9839382412609687,73.68605553292088,69.12190165695718,12.698813415293966,1438.294220649632,4.595215107342117,Valve/Leak
2.554665312871932,98.32124302982658,67.16091812330122,14.012146717023288,1338.9361706654113,4.979361059555763,Overheating
4.433194331713683,78.44818437943368,87.20621937507828,11.955058427401317,1384.292925421965,5.07045165799184,Bearing Wear
2.9852449827419885,51.50677902063459,64.31899007206219,9.520097592325039,1481.1047851857772,6.485873539557173,Healthy
2.516926564363507,80.50842332474858,70.27334692668157,14.309446108703396,1442.8687776653828,4.903337104480488,Valve/Leak
2.2173938131073294,55.658146557145876,57.472625090017495,9.998317189505029,1471.1481952402128,6.383818425057914,Healthy
1.8027942177648804,84.9234575900643,56.36640923839788,14.926956136330912,1353.9398275450621,5.620034310335427,Overheating
1.9676457025451115,57.192026016911846,60.79151768545263,7.29027025721905,1473.5274951830302,6.170041253625373,Healthy
7.686457616582498,58.18424743207372,73.25137350343613,9.433885186292002,1475.5965522533024,6.305142483259421,Misalignment
2.083047430630105,61.90315550174737,66.05662597380069,11.158044696656122,1489.1335971956453,5.860308680194335,Healthy
2.4080209526275573,54.0468126520402,58.24375540582879,11.13331326955821,1513.2823221753922,5.700241687634094,Healthy
2.175466538227349,57.432994988743054,57.388168203793526,11.883520630344044,1488.4419053109034,6.2125533633882215,Healthy
2.640750699804328,94.46940874134633,58.73338885489186,13.741474291619634,1340.4428990425854,5.799139741677269,Overheating
2.806051485073022,71.39745775309291,74.56879849113395,11.637044695732122,1465.1041966863131,4.549754903229372,Valve/Leak
2.3424690028510096,46.62968768369217,59.41202758074234,8.836608895904774,1508.6249315858004,5.537151578339061,Healthy
2.0666760707981577,52.93148509989589,52.47697385668033,10.525815199154849,1440.1700187510064,5.58550361096675,Healthy
3.561555674508598,79.77281020207892,76.61669348396543,12.816071451445321,1399.317293880121,4.39542651060928,Valve/Leak
7.233790407813569,67.31474504871859,69.05248617830773,10.474692996371585,1488.0144319623703,5.333308186134347,Misalignment
2.471275775582642,52.84420377597236,54.09122438897689,11.527971178723016,1489.2211195629027,5.847279534249129,Healthy
4.6379252510879505,94.85328908752035,71.98664031234748,15.34045031691416,1379.1639375334707,5.294823554004088,Overheating
8.755020799143972,58.73850414327559,88.29868156589315,11.81817779291457,1419.000305111845,5.9046984378868785,Bearing Wear
5.5335446453539,61.00763133615016,72.50104367922,10.92852150633801,1399.5330001428354,6.529271611549319,Misalignment
9.153475634058466,69.03952018553188,81.70726022621734,14.637623421739542,1432.6582078037804,5.72868319120435,Bearing Wear
5.514729030043266,74.2677681087619,88.50008239698762,13.90398797705675,1476.7013350903042,6.319991341151028,Bearing Wear
1.5686648406464698,65.54992707041681,52.36652192239016,8.573486921126193,1491.3025608101766,6.64999441927094,Healthy
2.499651849851103,45.02098636264021,57.50227518909431,8.12605219285674,1495.6082191645733,5.3811074693643945,Healthy
2.2570126024807013,60.309121760088644,59.20515945885392,10.570172504108509,1490.7557633374618,5.9138292562230115,Healthy
2.2824457034423213,58.065478453875414,64.4701220154513,10.312066424078898,1456.6300017304134,6.276136064547672,Healthy
2.6138100445413257,93.23218497683773,61.5487141080481,15.333265668281644,1343.275410656799,5.102605626077432,Overheating
2.8068754241194998,60.27140274546424,51.795795983763874,11.351347088752487,1506.9884043396737,5.530396669590942,Healthy
1.9638891888263788,60.61212204649911,67.95630984900102,9.12917273563875,1515.0395820932592,5.10882704167332,Healthy
1.7913946653921264,60.761685124621515,66.4915123296989,10.954223655433395,1452.9889990250822,6.3450476127195685,Healthy
1.1643828073602047,44.664930855991564,65.18994645010388,9.819900699020755,1454.2963581509025,5.916731228516492,Healthy
1.9585744366662265,47.24006923436957,69.42778451782056,11.004217968987891,1473.2924509665306,5.881962137639085,Healthy
1.4351893021298343,56.613382182684845,53.346337815696174,9.929465783154834,1456.6285700028627,5.552766407069314,Healthy
3.0473807154276433,96.244438912407,54.94310069459338,13.104497362218428,1418.448484748174,5.577654506379002,Overheating
7.248565499988498,72.19935282129813,92.7025719891922,11.017153321592486,1382.7379383959299,5.401291699277937,Bearing Wear
3.515696214445982,55.69958046962809,67.30986123956427,14.710954568292706,1460.1803115708408,4.648158408088213,Valve/Leak
1.1990052433968388,62.18621228922617,60.50607682878626,10.103274362209143,1457.63694343786,6.040312691580093,Healthy
3.9494963591245202,111.36698425920903,67.41970526832665,13.047580421807684,1298.6536667802136,4.8262143541830635,Overheating
1.4854040783644633,53.14582559156744,63.27662987289589,11.482289799361793,1476.0082615767233,5.838133252133586,Healthy
1.6861810916803914,52.13090398353523,62.059400587669366,10.185291517834486,1522.6321061311717,6.1755395266541715,Healthy
1.4643574116384346,57.62578645015135,56.3850932669947,10.395453263296558,1493.7702919622968,6.019947537600589,Healthy
2.713989884554226,60.88622666414548,63.82143096185007,11.763360817730044,1451.2606140506157,6.5481132471962304,Healthy
1.7178304404666351,57.80696222030834,66.16610082755362,8.846423368318039,1469.7491024464455,6.039012829000524,Healthy
2.427016030617594,72.1796380799226,62.096603542629396,9.264803561837684,1454.0698333872201,5.869898434565758,Healthy
3.3740398335803388,97.71212981470536,62.68415897737522,16.977432520675674,1370.5821072304043,5.45222757284073,Overheating
3.6244384256388797,79.66545912925919,72.57097887395943,14.261095240945597,1443.3722956993015,4.659040980175191,Valve/Leak
4.059020672327475,61.98938404662874,64.5569013063936,13.987769163240763,1393.7158880029651,4.446003086894176,Valve/Leak
2.5965373267146923,69.41885999932853,63.55517591656058,12.374143456322315,1447.685787450956,3.8585793627672396,Valve/Leak
1.8644976075558033,53.584478421719396,69.37065949930528,9.60581485688299,1486.8830043238372,5.769246813409479,Healthy
4.295629462267378,57.14316876094453,68.96500860173501,11.18369683476007,1462.2852096585375,5.185334189241793,Misalignment
2.043176503454756,70.4143374351987,76.45461696224291,12.46374111807043,1458.8120756950075,4.927614198196157,Valve/Leak
1.619954072091599,55.794576429178626,55.86225494298854,10.420482012736,1490.3068030814552,5.453136119800619,Healthy
1.94121337100204,57.72338698586056,64.15673525509567,10.477449604124605,1473.936132932405,6.3733320083456,Healthy
1.3397390033152503,39.023566577196,59.64929524131423,9.178453560506565,1487.955089521507,5.211509042382253,Healthy
2.235134952932243,49.850819268255094,62.04628374306431,9.442977404931959,1479.3438338044,6.238063202566742,Healthy
2.0462462056603035,50.92994852560628,57.70980568810175,10.636955363086958,1459.5749283303478,5.928773361343918,Healthy
5.896638216681035,59.953587353753115,65.74027823893944,11.520742615959643,1458.9239427046596,5.183130017000738,Misalignment
3.8665463318761413,98.57546628057393,62.916649106619666,12.584755445373863,1403.2391231739996,5.599114023538752,Overheating
5.819865369882434,59.58674137938621,77.11344145654427,11.470854494413524,1436.0246637638502,5.9443974580285035,Misalignment
1.687810607713302,61.40717548728328,56.32987765389081,11.108950572956427,1504.6673510016108,5.882779518639247,Healthy
2.2345179433730444,50.61363779429716,58.12921702805396,11.13276230610665,1498.461294037533,5.576783839448284,Healthy
7.244227579331814,66.95437246554634,99.14679834024831,12.350495615107988,1448.1456342729084,6.276340417703236,Bearing Wear
8.208913132740788,59.99360562650209,82.27807572252661,13.57360562756587,1497.1059316176902,5.490681714797603,Bearing Wear
3.4539571442963672,91.26179663049372,63.65711041122303,15.314607537105736,1378.2359127354396,4.713829699385726,Overheating
7.011946702864337,58.819461109162695,83.21703749621608,9.911855225634012,1499.198170205968,6.666057037906269,Bearing Wear
2.243978726415786,65.65081738594759,71.54055208022751,11.847515521603777,1452.2671099486372,5.101734663977903,Valve/Leak
1.856981268881443,50.287353663861516,65.73094688832431,6.736733297475974,1471.1440535693675,5.9816455623458165,Healthy
2.431772753865584,61.01013641985237,52.939802435602424,12.093486653770805,1451.5348235129297,6.515452272670337,Healthy
5.496298902886186,62.95316535162082,74.83243604669843,11.208417861863781,1402.3953694588542,5.806424016928644,Misalignment
2.149465331048289,67.09612978525261,63.10015220382736,12.495814104699377,1470.8118726367104,4.260355177088981,Valve/Leak
0.8947734931400415,57.346704831070944,60.03210119262176,10.815670342371966,1494.3293040862081,5.934003299945929,Healthy
1.6279653935407576,58.06839989677227,50.6056197393865,10.776826438649318,1479.5365311152777,5.805175184867564,Healthy
1.9204018827058096,61.48651880240251,76.16746831624256,11.219870824150382,1468.693484282205,6.251912729714111,Healthy
1.5374196387763899,48.69600351389659,59.68359535541606,10.807707602701434,1447.7638346479714,5.711640852938237,Healthy
7.0500683359246965,78.49764172359397,76.53179527554194,15.528247400174184,1403.8602266929126,4.988334512468695,Bearing Wear
2.0924328574031925,94.76746601573072,64.63136560522666,13.706338681838853,1366.3035587121287,5.6730624610318765,Overheating
2.551832435377382,54.09813873735847,55.17676288566705,8.312289448156614,1476.5578113710326,5.492318171454951,Healthy
2.2637286545734936,46.11164969418304,67.06096689166456,10.15971638439554,1479.1231473795008,5.586093623779766,Healthy
6.996514079683125,65.88342014355518,86.19894817990954,9.47582181684093,1400.9401860535258,5.351925565879569,Bearing Wear
1.9983708390969341,60.24489632777876,55.400050739157116,10.574667840481341,1477.7225889520944,5.622781922103629,Healthy
1.9669940708773836,51.854404029273006,60.20999543572046,9.870469614062609,1476.92623862965,5.83496274003568,Healthy
7.089718499073847,65.18371375767151,78.8780267941356,11.638950233846089,1472.0207963251653,5.874245403076392,Bearing Wear
2.6000577594924996,75.81487957313261,55.61958538331656,13.956837987039377,1413.1496056267415,3.49229604583851,Valve/Leak
3.0850620714654227,63.38709680007133,63.53243877898568,10.35654237829545,1442.7544606397505,6.06270326515228,Healthy
2.3466645331018228,95.92881853984795,62.64444995276651,15.303949318953276,1322.5618092954933,5.530004568938393,Overheating
1.7951820855421532,56.52313209739621,54.41346068694966,10.164232139312466,1475.7532358958147,5.7357652539292445,Healthy
2.8763584870504593,90.39298092462073,65.03547237662805,13.582735067500886,1375.5486985173216,6.135936893561194,Overheating
5.617287767377046,65.72930215412354,69.86589931613246,10.563228393221417,1420.3976764868526,5.401282436036047,Misalignment
1.747193648693587,53.22266666276298,57.15640070438322,12.9590905906431,1466.7476969965198,5.172529218445669,Healthy
2.3796513113477173,61.68226345841565,56.59101404313573,11.278949669635464,1494.8317999968508,5.924207947605565,Healthy
6.180870226415653,69.3872791107682,76.9864728279751,10.323191698201304,1424.7737885892107,6.69250538188877,Misalignment
5.562749904126165,75.2159525612957,88.2393099234954,12.410036615996553,1453.260967000452,6.158956250129991,Bearing Wear
3.211114782409239,90.83742484671268,66.92779402774237,13.899488095297874,1387.669763546197,6.571510389986427,Overheating
2.4792564295287414,50.68664527873085,60.65597744671698,12.568587519090185,1460.7526201035187,5.710450938069094,Healthy
2.811456094045224,50.76391521184319,64.4202817547015,9.465470563936705,1493.0801928029866,5.468324347279973,Healthy
2.8168120168375603,85.58895297177443,72.59134456382725,11.705294764257502,1358.4925324931721,5.665447954189844,Overheating
4.481612030132396,75.1998208003598,69.99183098420212,10.803742192503451,1423.7242243968192,6.184123660786631,Misalignment
1.5865994811344972,53.37086391278346,58.86538783229092,10.748959498198563,1456.633561702828,6.807244222702312,Healthy
1.9956253016217034,49.20005280153379,53.509204941796916,9.125571590922377,1460.589535646715,5.834297190338067,Healthy
2.055705441457323,89.12620982741755,68.47776210647105,12.825524157022437,1364.2473802619234,5.342812454353092,Overheating
2.1074380868051996,54.50155235056265,52.83477615015661,8.857291540136291,1454.4318011992075,6.522740489468939,Healthy
3.168600671807897,66.83027694645483,66.61377013704606,12.0096517885152,1437.8534695904823,4.430150515608091,Valve/Leak
3.0405838721487317,61.25179912258499,66.54740170233362,10.671356974948127,1471.5468185898562,6.239116353811833,Healthy
2.815138025364181,57.0213969152496,61.31180179301508,10.127072662429509,1514.8053285472172,5.426499866465286,Healthy
1.906923096272931,47.969255120921744,56.23895134178472,8.349192737276418,1493.0731349117127,5.584682819861392,Healthy
2.567108515082924,51.639915357169315,58.65948153487804,8.696633390083985,1472.232857820976,7.029609450109349,Healthy
2.8146887067744766,68.3298717829097,69.7441996260614,13.156060902632367,1449.5232573213561,4.4650295978855645,Valve/Leak
2.2332898600125857,97.22117274230123,59.15679123217801,15.093525879293809,1399.4287755041228,4.768836312513114,Overheating
1.1574266877055028,58.466810048278305,58.75642835374702,11.85108421650682,1501.4262568874522,5.57572299750727,Healthy
1.6224493716043131,48.89370698584814,69.12869043438548,9.989685340719848,1498.6683760836634,5.885987634979766,Healthy
1.9836864887455459,60.53269659296223,61.558123778372995,8.942666156523336,1512.4502827617284,5.882873800405474,Healthy
0.5852473488754826,58.17199795580669,60.505063198309415,10.099925656601902,1471.9435065777836,5.769912863946887,Healthy
6.463160871127279,68.19558886516675,73.84484205812701,11.948937494316759,1427.6307745694758,5.698309432750539,Misalignment
2.0484295070542977,73.39630985447549,60.74690736684177,11.766727648019483,1409.5327148320844,4.11244152366425,Valve/Leak
1.9414616694592823,58.21792689716564,71.76156948656194,10.404055848120096,1464.6957591082396,5.748972558905665,Healthy
1.6835526773695377,52.20956500093284,64.92626954629745,11.026156280772213,1447.0621503590266,5.672732192839912,Healthy
7.718906735398303,76.85845353103394,101.2118076056433,11.301490055576007,1437.5281385697392,6.035428006255086,Bearing Wear
1.9295190692547415,52.92480945608227,46.891730390479104,10.123233230151545,1476.3527808139443,6.50849242010276,Healthy
1.3726262608429138,53.70950563510238,49.54458578431686,8.789082164800357,1492.71011936306,5.901063824018535,Healthy
1.0165538745609761,53.78769301338124,57.622437508061076,10.955848582613205,1493.4552553633325,6.256900860035319,Healthy
2.705530312570747,103.01048501180432,59.77896924560132,12.378683375351459,1430.1098628599336,4.89810370463648,Overheating
2.050656596860663,60.35926364327436,59.702780175225556,10.056048946295528,1490.1852998584982,5.734940179976089,Healthy
2.2372147199217096,54.85356095434681,57.9634304134786,9.917215900302333,1511.8911901567667,5.822792637304043,Healthy
4.9510669304050055,69.7458823710573,88.94130106744235,13.254297173521302,1453.246528048916,6.1823334292323535,Bearing Wear
2.5564751148461315,59.92151327738781,67.84989098053626,9.83030683343375,1453.4588391527698,6.265487497474168,Healthy
7.56999539338114,71.40645178084853,84.72736227932282,11.619853980326534,1436.864317758159,5.346006751469702,Misalignment
6.336995971754418,71.26906008059483,85.32707911785793,12.707600383275203,1447.0800787138446,6.174008076293034,Bearing Wear
2.094996787578922,61.01244889576281,69.35024254228108,10.731961338385062,1513.6976604516508,6.067574398303497,Healthy
7.635298771873302,69.9808343026536,80.30585519189583,11.227139633802151,1416.6354128177152,6.011350837946098,Bearing Wear
1.8198569416209511,52.16658121581355,62.52528173099813,10.78044818061007,1457.3897200698964,5.484926132089753,Healthy
4.624866761511404,67.73743416911242,83.08454599377006,12.619234803393134,1452.1361777189627,6.183523806128848,Misalignment
3.6656043371062292,62.67832161959682,79.242459245383,10.662712992158044,1467.1933492582111,5.884258375875923,Misalignment
1.8626626678770313,52.38744520595969,57.26445018426174,10.271166296836777,1464.5087006835427,6.381281953396515,Healthy
3.7695915086788885,65.22645386404201,59.80314071928134,12.994977093241884,1532.470015338988,4.833104389047286,Valve/Leak
7.509414561317609,74.36552144466211,76.78967055560284,14.054438803551907,1444.9772761953718,5.763727662156856,Bearing Wear
2.5722700696539476,51.22408920899296,51.46514997607774,10.322955292900044,1439.1268382765375,5.8795585619457835,Healthy
2.289546951754369,60.21178032862638,63.101756826014146,12.410334488783409,1468.2352074468638,6.15925267080333,Healthy
2.4784006349574357,54.69212561974752,68.59422439722023,9.469184044598023,1508.1425305143398,6.2372558122175885,Healthy
3.3797096365019472,73.56758632517516,72.13572808151086,12.751754712286731,1442.4602873111253,4.032464440018735,Valve/Leak
2.420974166266313,48.8241801391226,58.9117647238215,10.648045041481033,1496.7879343419982,5.290139225265104,Healthy
3.3677957595590575,95.31209665557397,71.72037478836772,12.767289650128097,1318.038354792392,5.8241304067074084,Overheating
4.889751282896802,69.04892565660116,92.3833478555902,10.105121073280953,1520.079878618418,5.464847362185335,Bearing Wear
1.390433791076196,55.20805174348007,59.33126089120662,8.510506097668912,1536.5165393790182,5.801865132392522,Healthy
8.162843055224386,80.88552930009081,91.75862120802582,10.19822981546012,1456.4172702848398,5.047451007046002,Bearing Wear
1.6918494891756302,90.18079205834458,64.98399247984345,14.667509841711519,1389.5626150641872,6.107633470693153,Overheating
7.77366970487705,62.62359458809202,95.19620738527242,10.795402283582233,1502.1262729896127,6.608878022770228,Bearing Wear
2.5160065488397105,39.58540118471566,59.024987922548114,11.102165639919539,1498.4902053662818,5.512110664760049,Healthy
0.7318172473994267,57.06496420086377,50.58335799386588,11.130477842787572,1503.654497214348,5.8102532742374,Healthy
1.8914506379697458,56.20954197507433,54.26370288378425,10.622492623239909,1447.1762953955117,5.268027935068247,Healthy
6.746508064466465,71.6338103833105,81.10295505858203,14.828537498678383,1454.8181496813831,5.89315271140649,Bearing Wear
2.501454934474039,57.88008707242232,62.21008949854139,10.73598410486559,1443.5077072590561,5.285260939765689,Healthy
1.9011630586590489,57.89904922024104,60.100084510917526,10.581864934454211,1455.0880946087743,5.995702171836522,Healthy
3.3094863474971206,83.73028974582007,66.74155049270439,11.796500928654332,1384.6588882711283,5.8579710765797,Overheating
1.1771698881378496,51.63803077652988,52.49310737261599,8.305241500394807,1482.3532635226795,6.2241193374240416,Healthy
3.4218387704158255,71.92853489468509,68.3596586875002,11.712316807525223,1448.9980082062375,3.539325807336915,Valve/Leak
2.0444634352190207,54.410969562295385,75.32364018947388,8.654204402494992,1477.4980255833643,5.4305071555185105,Healthy
5.652906817884816,69.2244001311657,72.7516673039104,10.80868039994384,1417.0904611258334,5.339579302377117,Misalignment
1.8090316424580912,55.36912941703192,62.794736436124126,9.765403490288971,1474.956474720373,5.311674736605179,Healthy
6.164922535419951,74.48273942937865,92.89863968712517,11.718127459960492,1419.3006615770232,5.79332055476548,Bearing Wear
2.7791359991272953,68.61576954372406,73.38119326418447,13.597093929633035,1451.342758991821,3.3729669173696553,Valve/Leak
2.3861382452468987,96.28604645222185,65.75578615839518,11.166578859436003,1403.2432673764629,5.705813010149782,Overheating
3.0821560257674188,60.13688373630246,77.66248637311982,13.493227201051097,1429.917016765738,3.8061184799208636,Valve/Leak
3.5438273546386045,92.07222286191379,69.12762703689538,11.310849756349732,1358.3016395562486,4.674254396063167,Overheating
2.7540385922720474,65.28901117292702,61.17295234115221,9.361570792731445,1475.567201982981,6.189335956333209,Healthy
6.313000988822554,78.60935844670149,78.72573958402982,10.876462651107685,1450.3958096794431,5.913256903801884,Bearing Wear
2.038482191625978,58.0396976686972,69.80725911881824,9.87375562056522,1479.1740536931889,6.610980938391805,Healthy
5.410776360685383,71.50149385395378,91.4570501505275,12.541570702799529,1447.0895302735826,5.220642650746064,Bearing Wear
2.616577463158168,48.82941459230389,58.77626413098364,9.612515267841639,1466.045908587245,6.0991692018076025,Healthy
2.2164134523967185,50.11595118192437,51.77008152833159,10.262388436530728,1469.881619170347,6.7353249518747145,Healthy
2.99534489719802,50.299445494826436,62.84684543371047,10.870952517251483,1495.167084670888,5.858240822322457,Healthy
7.000569983639827,70.76863674961264,75.77299928933714,12.967147454359482,1442.1876485928276,5.98591154484021,Bearing Wear
3.1266556036646396,71.7257185651999,74.71959840796272,12.761328955737921,1423.6200645136755,4.484477803186967,Valve/Leak
1.9405905258542882,88.86653999514441,66.4166618967846,13.855221795357725,1314.692678813086,5.346537622778932,Overheating
1.7743521645333107,54.17261723286204,65.21495718663576,10.795489258204537,1500.435021753034,4.890978555978519,Healthy
2.3182002177139647,67.30738207012075,56.08836984612858,8.23654939435109,1480.1443691345034,5.889851068097135,Healthy
2.537464172293178,54.56352927560251,58.79645977093637,10.522719819516126,1474.87342668615,5.864007159641285,Healthy
8.511733428284288,76.50379746317856,83.99062172364685,8.790316518370226,1445.5538174082146,5.49680799492918,Bearing Wear
1.6644545536411957,54.89630072267199,54.80362185384218,8.719282563281622,1504.453829651418,5.6121369546529385,Healthy
2.4772574233014177,59.57152063114786,63.974241024576756,10.302866514501535,1494.480066170737,6.549235253042462,Healthy
1.530238122548653,91.82880076309942,68.48185035861044,13.059356099435893,1464.8042455783457,5.474728068733428,Overheating
7.124744198901736,64.08575051345353,75.88138517864093,11.899123483999112,1385.8318815249895,5.78588073504498,Misalignment
2.032800074171297,62.3366690603874,52.12038320906541,8.309998232053866,1495.3937303324544,6.34632288597311,Healthy
2.200197200022862,58.72603488815703,55.93068397074127,9.293151624950701,1483.7945235839727,6.361635583957488,Healthy
2.8416418944519846,93.53458020977337,67.08979552521382,13.986952444986748,1378.1646566478855,5.999426312302962,Overheating
2.7955325458849822,62.45101418448226,65.71824473892462,13.61929129160686,1468.0150489088714,4.499758495032881,Valve/Leak
8.087714036295154,61.26070586276545,66.90288128282606,9.949447003928476,1408.8904449250522,5.510269225353236,Misalignment
2.6263274527785105,62.69829536484957,62.52154250923302,12.141272215454016,1472.8725388686717,5.346992383199029,Healthy
1.0807028041254687,51.22498488650098,62.60056116211398,9.89761851995122,1476.1809447425699,5.527683986871997,Healthy
2.501831244368896,55.0998395826801,55.848870601794694,8.75246153940267,1463.8081083408883,6.156933500965743,Healthy
3.4100384237400156,90.19695739642599,53.94620289008971,14.630019145508248,1364.09170404099,5.775624991606113,Overheating
5.012099546330191,65.76585953629792,86.78849615013185,11.749029991116574,1434.0865789761756,6.043540614552388,Misalignment
5.6531915550969325,54.934426809717166,95.37924336745974,14.291079043733623,1461.7845557864473,5.854046041233682,Bearing Wear
2.846490027824516,82.75435127042336,70.78849598917428,12.322424240545725,1416.0482334999097,4.890152863865403,Valve/Leak
1.1216330733185855,50.37867158964229,53.612309913209344,9.868256474288028,1484.1467793922563,5.79871317428859,Healthy
7.09456268856693,76.37387431163278,82.85683553151569,16.56798838801672,1433.0653382957812,5.438668003297651,Bearing Wear
2.831247418756556,84.6827834548053,66.47281421913905,11.142044345652788,1406.4668369622893,4.959499302361459,Overheating
7.725448478958831,83.82422610325813,78.53199687531306,11.774523825860411,1428.2872397567337,5.452051870975682,Bearing Wear
3.6592531805095514,92.07166481461772,76.24656349135428,14.623968883842101,1359.599573553037,5.353317927141969,Overheating
2.400034326473357,46.80610171717373,53.29524309782095,9.408453881250859,1493.6589358627666,6.493224109929109,Healthy
3.3708610639632712,71.50266278185188,74.76775487388396,11.626599259081948,1413.8835694495942,4.418318788843244,Valve/Leak
6.921631921401423,70.71776209523689,86.48871735506978,13.406687307787578,1474.962255648752,5.878000026867076,Bearing Wear
6.107762088676321,62.01894791662539,74.01785538996914,13.618173423580414,1435.4656910265062,6.08009800681502,Misalignment
3.8160587331438944,99.56163453598055,68.83676277327542,14.322336870130195,1441.3676038306708,6.008674078653893,Overheating
1.9426938204998385,59.472854950573804,55.479373467201285,9.282039719384674,1478.933993142302,5.303457172624742,Healthy
1.5185430562670885,52.642544892491216,58.933602021601146,10.03928682157055,1473.1269344715392,5.97305158110786,Healthy
6.463562850847449,65.3608332541674,91.48884354613361,8.843391446599945,1443.8285452297155,5.612440211246313,Bearing Wear
1.2728536017404957,52.50107329378198,59.48820133005122,11.070073610370459,1486.6436993359084,5.526604715652455,Healthy
6.886051352660691,58.996125670384664,74.60677865813814,10.990879547473725,1418.4265082023771,6.978300713119566,Misalignment
2.2248825796838987,51.168494398903576,62.63873995999702,10.870787596851935,1468.240719265078,5.978119273912587,Healthy
2.198917331565076,78.22077259500124,66.67599432469811,10.103665205790316,1504.1339039123407,3.798952338468697,Valve/Leak
2.8204532527471575,54.2912895290618,59.18331698899068,8.771826955449466,1447.3033260074487,5.933445494161549,Healthy
7.366630489852927,67.11243351718471,85.12154679608166,9.24418500700805,1463.8050106208643,5.864562337908018,Bearing Wear
3.0059837171432378,89.34398388712353,64.74638432955591,13.508300299976245,1417.3883147508159,5.510756824690074,Overheating
1.1821283559029903,56.31454101316508,66.9155727053462,10.07934788405172,1496.2659470784042,6.40512366168144,Healthy
1.5927542560692958,55.976540425227824,66.0353644380024,10.529890549599914,1494.9649068565732,5.81498150332327,Healthy
1.9406363445498165,54.74330998731602,65.8397915800618,7.652826271661833,1480.6107660916368,5.968201449722058,Healthy
7.806120659904958,65.65299884833045,82.85780410388104,14.773172861631064,1480.2992094861718,6.029794775658046,Bearing Wear
2.868255982043726,106.9962635922206,69.01083815720119,12.875675129052121,1343.9959088712938,5.726735200795708,Overheating
4.571061833053832,67.14293082855791,73.6548641984424,11.53066492552747,1443.2522064374273,5.656694391382465,Misalignment
1.7510474586825504,52.83559063409514,57.33864296689311,11.13097442780627,1474.3885522389128,6.5489772722257005,Healthy
2.482896604201886,54.4740281118184,76.26705725962763,12.58963372316783,1438.3453396717002,3.905640946923516,Valve/Leak
4.037754472554992,95.95946743590508,71.41799315054068,14.741330178917742,1387.6307710419806,5.343857118716297,Overheating
2.4102128146663544,59.983963428504346,58.69230744312129,10.175205856404473,1491.6808081851066,5.846413989625256,Healthy
6.032474719957452,68.55378734471209,88.97324283532181,13.888466243358152,1409.3185837379615,5.561061994428007,Bearing Wear
7.953660438767972,66.831336787669,82.42160599031517,9.882011134274665,1464.5022194791977,5.735440370161378,Bearing Wear
2.8183407428625324,78.76197301158757,63.97067855008094,11.990008442675684,1491.3063111866404,4.237887414009429,Valve/Leak
6.401751910005687,64.82332723853025,73.25850440425722,11.831558022483819,1464.8700970343345,6.333675338806439,Misalignment
3.9134377124910302,69.85238847481413,65.469822774731,12.796806763877832,1480.7782108812182,4.470232092014031,Valve/Leak
6.837665866877975,65.69930290379718,72.13514267230313,10.291964717041507,1442.3070453326486,5.86699290567376,Misalignment
8.016593791683404,67.11834982825347,94.55271788793277,9.895515022267933,1444.5787421082996,5.520008926224309,Bearing Wear
1.7566046416208116,63.85283804518491,60.71685085039752,9.20829196120257,1443.4274317932518,5.311454981460925,Healthy
6.239574419033608,68.65569576259308,71.36689719738489,11.8624776074302,1480.8318932544132,6.449136498945678,Bearing Wear
1.5993036203804223,50.72883069512732,60.72860713762825,8.780227532123547,1513.6452649745336,6.017408988674296,Healthy
2.7963568668913887,54.91976187958326,62.001517032493446,9.24920172670795,1452.5899586989124,5.755855347398308,Healthy
7.759625137944347,71.6472090226663,79.1417596588888,13.366876201475769,1409.2692017705863,5.173177420127047,Bearing Wear
2.9772454559807238,64.48947116196305,57.743815358747284,9.325800981802015,1447.1927591888043,6.031212290208034,Healthy
3.63164500335753,100.46424507995098,64.01289041167684,14.834041812139377,1371.9744452861385,5.714817013344274,Overheating
6.459458515966938,66.89250662642682,75.34401812847533,11.794539718159355,1382.8880278591794,5.474033512711625,Misalignment
1.2783683061633386,52.965677427226474,58.12684852461225,11.309683786666694,1482.8506740458292,6.411771830425551,Healthy
1.7321663643839673,55.66858403873256,63.647131669660865,11.193401326442581,1477.3537987413113,5.340995742458823,Healthy
2.771511172918179,57.97259099311216,80.77062679442098,13.71631987767968,1444.1083247625688,3.6451762029956023,Valve/Leak
1.4431814221744972,49.90886618199474,56.170270299866544,10.114087414574325,1492.415948782948,6.4770688933662655,Healthy
7.00092845108169,76.123131842538,80.97400231614183,9.26870097830705,1429.8660678486847,5.477495794289485,Bearing Wear
5.0406252707581105,62.69445211210144,78.1000860704679,12.715257102662571,1378.2396057722292,5.384906149239702,Misalignment
3.141358314263031,67.251322447631,74.59445126461955,12.754063068432341,1441.8972694224094,4.558366503852711,Valve/Leak
2.9849920324610957,90.10268464027673,66.35139783617696,13.65009768732115,1390.3594702485816,5.2950399125592655,Overheating
2.124940113163397,60.17850440944815,66.68163072739063,10.45898076886664,1469.870457702297,6.416130492887914,Healthy
3.3016838884038195,56.550514442473435,63.48844019507042,10.290423891296031,1478.0180281626376,5.896483380164973,Healthy
2.2605878759069276,60.771939498222125,61.54425279151882,9.537110824574771,1473.4629200680204,5.4708252228387275,Healthy
2.6211784705354058,77.80464276082743,71.6593051446552,13.364478197007289,1457.0638031181916,3.8061005556866636,Valve/Leak
4.38277231104395,95.68376647302348,70.62633873093826,16.077360406467875,1383.5661227960313,5.669402306371138,Overheating
1.4213930984915555,54.07260012047872,62.93753295119614,9.500970744989143,1473.5031360925627,5.930653257845742,Healthy
4.799141275474673,73.00985979416356,83.47996553648701,11.03901763724635,1441.663728785312,6.0669504975333695,Bearing Wear
2.0930085612173763,60.46370658228314,66.34416497550288,10.816375941950614,1469.0761509770557,6.1977766196851505,Healthy
1.5921842831767241,47.15280552972871,49.886121893127225,10.069855490112152,1485.9607942973385,5.527287368939034,Healthy
2.076109074648206,61.747263074576765,61.852679349917956,8.933666428120848,1489.165624265803,6.268044277948841,Healthy
1.2789535013450624,55.50148032153303,54.99577682341908,11.120887663061131,1471.856466391468,6.689840442597319,Healthy
3.1078364833161185,103.57635584060792,60.54847842056351,13.761198596559447,1383.8785714254382,5.226492943139087,Overheating
2.0932048793006275,71.33418731201864,73.09596542610744,12.741887546336029,1434.9948950003557,4.715092699300751,Valve/Leak
1.4794064143481294,48.52946217488729,55.24037792003088,10.545273165487215,1485.511457979251,6.316033084978286,Healthy
1.5376328812499465,59.594232442072496,57.23275743274418,10.18654805585398,1449.0015032176925,5.772075830270881,Healthy
2.4269803466641138,99.887022928709,53.344901519059036,13.160912510535221,1393.1458141648748,6.197016121336962,Overheating
3.469695306812963,78.34159068749277,65.67106211653436,12.551771261472773,1463.5407193452975,3.4592575164037354,Valve/Leak
8.531334449135699,73.13592886518653,84.05949226310054,12.169608542754725,1467.427160965893,6.1089640591640455,Bearing Wear
2.767360471639835,61.58174100602331,63.38628815176607,9.157040134154109,1459.5955218645881,5.869358481361362,Healthy
1.5852065075527582,97.96815880127154,71.43731131924235,14.864711209746316,1372.9578878878306,5.182238641039803,Overheating
5.84669628466182,67.21520587127954,78.00860686302818,12.091890528894663,1396.0362971321144,5.988647579139725,Misalignment
1.9506824780323193,59.32204426334372,64.86562936525621,11.398443650383655,1488.5118050073654,5.9559932836976825,Healthy
1.1326224988026656,61.698675224493016,58.39050793107165,10.50589706000291,1493.5799305148487,5.501873796379944,Healthy
4.082913934938846,73.74261309410126,66.51648601420891,12.848383586646948,1487.155922620821,4.667157239867152,Valve/Leak
2.817141921835946,59.8307401549934,59.23762375329207,8.80827755691328,1501.0801728012184,6.190571000117848,Healthy
1.8839609623208116,70.63086471396244,60.08250878707211,9.258029405664344,1459.830067493867,6.708839593371768,Healthy
3.985207379742059,73.48911170455295,77.52411541199672,11.982015532542507,1464.0647745228764,4.3435267574863685,Valve/Leak
2.159421520070228,51.87244129131893,60.32036919460187,8.32358679753976,1433.5806253345947,6.332536548043315,Healthy
2.790866160815786,99.98568007619969,71.98505192522299,14.801731932241374,1477.1229132087124,5.701075653622911,Overheating
3.1923110580036793,87.2870266271983,69.77999302820061,10.33180096997707,1376.5498857089688,5.509172140227045,Overheating
6.457892892312614,81.03625339736337,91.62414331469007,10.971258478789892,1435.9130046708287,5.289198420579262,Bearing Wear
2.825180284712667,60.201201174632715,70.60470155086036,13.526774660322191,1484.0785243293763,4.163322602711613,Valve/Leak
2.993132340244764,55.03293078049776,63.59780915798967,9.460460356623742,1493.7981930327167,5.4177484030383605,Healthy
5.550070912688735,66.37016006878319,92.50282024138643,11.081511166044454,1471.5476837642225,6.4069060728228155,Bearing Wear
2.49688355252814,57.655429790693375,60.58218465291766,10.75031558931693,1516.7987617998372,5.745092434996579,Healthy
5.778502545213588,75.96656781841932,91.77620573877012,11.194444599999098,1385.9195935168195,5.5300973040307655,Bearing Wear
6.9199322332206,71.0820864805322,81.8599334903464,13.521133687064648,1460.295754052639,6.034585388945521,Bearing Wear
3.3670577145275904,74.75143012908578,64.43155223118531,13.447675714450154,1479.787704298663,4.777570733097422,Valve/Leak
5.841699377522157,65.13209602255598,82.38911151248242,12.284195862204788,1446.3329169607723,5.350507173747634,Bearing Wear
0.9507391125466582,39.40262538065995,59.34109088522538,12.320230375142856,1515.9355904758286,5.608707435150811,Healthy
1.2677102449749171,48.4394523457094,54.0126370118481,9.774501315558167,1476.3508077957604,6.101080788322744,Healthy
5.663119076604842,65.18100985331314,69.53093746654895,9.655502975742818,1385.0308296185508,6.159699120451291,Misalignment
1.5031037897404775,94.62146628389834,58.75589334106958,16.49056822845946,1376.847131136527,5.772602394327649,Overheating
2.3315500832100713,72.45628270532825,73.32080740832887,13.138655406892129,1469.0275189827455,3.5351853032204232,Valve/Leak
2.6596850640791034,74.09670733970485,75.51993307330879,13.802570209021928,1468.7179931372368,4.521064148092258,Valve/Leak
8.794601393660711,69.79569580322337,85.98374196065433,13.398100213464167,1435.2883717070947,5.265893010928806,Bearing Wear
2.8557834207688386,64.75483552959379,73.00325157627903,14.717359618035097,1419.2564363427728,4.711162497608241,Valve/Leak
2.679770695854789,106.04309547345548,63.358379757435664,14.134907593731487,1430.5146480309422,4.813410594375739,Overheating
2.0321065359806543,64.3116048662437,53.82129584501088,9.618460683549879,1461.4328841835277,5.586235278523448,Healthy
2.013325751000409,52.2221640178674,57.41077049428732,9.436772923054605,1470.523936451846,5.494221862284294,Healthy
1.8203966541739276,51.211016467983285,60.775231281524874,10.239889480118158,1468.8670557141659,5.942346339693498,Healthy
4.4843032810214964,65.67545885922158,64.51331460046865,11.728716067609604,1486.426348499306,4.000735350212153,Valve/Leak
9.39636079993706,69.93721123413722,89.23749233054393,12.78063112395059,1432.3534794491216,6.223664692696744,Bearing Wear
2.6699398932220877,52.062745173954404,57.61016139731953,8.911512176373208,1461.514811783667,5.829294271068586,Healthy
1.8833338294122017,52.460128813792416,63.95005549305916,10.422980738356825,1465.847251378014,5.816579696229637,Healthy
2.7429782772379245,50.88847659771779,56.40119667524673,8.87141584838285,1450.3592104112763,6.122801449450198,Healthy
7.2827618528353515,70.20704503863465,86.98558357265904,10.926127232458905,1422.1841130861137,5.3799094619466565,Misalignment
2.0592671207231694,58.25633152505342,54.304378903808,10.3516041890267,1484.1039923590788,6.055614015957475,Healthy
8.427189578264079,82.30184547386807,78.3379358422143,13.080665969389436,1363.6644954597882,6.0674439797929836,Bearing Wear
1.737516326050371,48.43487669122875,58.92194252525302,10.838793698367828,1442.8537347254596,5.856208124193745,Healthy
4.106734078710312,74.59056604710172,62.936697320359464,12.43444674516352,1498.9026059596383,4.5571826583870125,Valve/Leak
2.7863435692935288,93.58934510955112,62.31009036422097,11.434681765517466,1372.8951313844013,6.05567972234615,Overheating
2.917397095631265,95.84315388112144,76.09070697356063,14.013312157125442,1443.7578141433405,5.260727931179521,Overheating
3.0087869061771997,67.35520234890369,68.77769331638225,14.065661122975923,1439.990885972703,4.200044515481819,Valve/Leak
2.422873765831079,78.57248275568973,70.43730087826793,12.801852923992852,1409.7963048549946,4.013193778993263,Valve/Leak
2.8726725094012338,57.839445770558065,65.63108115889175,8.79089542637806,1477.4635500869408,6.4882985769315455,Healthy
3.772178103178482,99.399907187602,66.3736182422491,13.506946062296038,1360.5481938171026,6.210151717641326,Overheating
2.1703080623377247,52.935751258988745,60.18935814794989,10.164717269970033,1487.9975136946714,6.293736115388774,Healthy
1.8267224276103964,95.50568510764099,56.26391331337619,13.514508507509543,1379.6324067955295,5.6966992768806675,Overheating
1.0277046880482195,66.370925151592,58.83462420440487,10.34780868217258,1451.7033568475256,6.398748628090528,Healthy
6.926239106574055,58.375689310582274,85.44278088308457,13.26874248572486,1442.9116409355042,6.26967973825766,Bearing Wear
1.679452308629576,62.975569293986965,60.22647482162541,10.049745250787831,1481.9796244520546,6.02772630037645,Healthy
1.9072468009051395,48.18026764168773,68.13167851107838,11.5860829917212,1497.0387666491117,5.904613025064444,Healthy
2.473935198979516,106.6558514385562,61.5390130674002,10.466606968420905,1441.2066203394158,6.100201245447158,Overheating
3.830678403399463,102.20911806340868,65.26467037026771,10.885556564762506,1401.1152416600005,5.748629108967767,Overheating
1.993385480894179,54.09581940630193,55.17940980490839,8.998261256727973,1516.7629702953213,6.749738547952057,Healthy
2.1407618025464634,50.09570971481491,63.21287424969727,11.7596491716142,1449.4153844011062,6.185553319880958,Healthy
2.2638032574446285,63.214088339242345,70.18009106085576,9.766516322127337,1493.4634734431272,6.033693482290424,Healthy
7.324976988257218,74.02899717100149,86.30157211250192,10.678228185770823,1436.0931808043297,5.617637031930137,Bearing Wear
2.1567697908028345,57.09056048146539,64.89758800443599,9.142377651839368,1468.4504262754242,6.621827780772495,Healthy
2.015065514625817,54.12448139302175,65.66515409360822,11.17180868071503,1502.264162011777,6.010627044543019,Healthy
2.962606538879627,59.28154488477759,57.71670509303805,11.42381884694441,1469.2878216948181,6.564281361275462,Healthy
5.078517228318944,67.90879151510481,78.91095351980664,13.614909199586332,1407.7309664709842,6.473017310797532,Misalignment
2.1310450714936016,71.28007698099428,70.01478856659824,11.729331768261654,1467.8043404712882,4.678904627749291,Valve/Leak
5.458155910620123,64.25763965796517,74.97728321603275,11.217321627481049,1463.294922867201,6.008775901354436,Misalignment
6.325214713613571,70.99612630537982,91.74474690972468,13.946769662304828,1503.2405602476238,5.852245759031722,Bearing Wear
1.8364307724776243,97.5792894389689,59.62367949269569,13.906191206367875,1521.1935355548858,5.6214216944761715,Overheating
2.2038945029789527,52.414624067053225,55.196279434212244,12.1031395333905,1501.3362405253351,6.138214649998298,Healthy
1.8446052585139003,62.71240933422075,61.53288768832284,6.917194857051187,1528.4187703131768,6.073224942788914,Healthy
2.5433474067173982,57.327014136557935,63.73454308858405,9.576276532635076,1455.4040935206722,6.112093112589279,Healthy
2.481757953293506,90.63185603108134,71.10509630189969,13.314132192288362,1383.577603446624,5.350742290821503,Overheating
1.2131809520489805,52.30329943729187,61.15184009569861,10.22323793617483,1503.1598610515916,6.735756888877922,Healthy
6.914652384073935,64.25632704616396,71.8846546502156,11.017878432508402,1447.567363093187,6.228775119298268,Misalignment
5.878824528623947,68.93431119921131,81.30436252541752,11.88016038406754,1429.039608345098,5.566460522997597,Misalignment
1.6593911882039092,56.28537599337465,62.59901876777817,8.58546768205597,1469.920097832729,6.097314186122158,Healthy
2.2169520765298025,53.46285854541717,56.38289864165372,10.053205432448898,1487.845606591582,5.660588434292029,Healthy
2.233839188653554,51.18954908341616,51.71121579788049,8.463426154310245,1471.6389827188607,5.472632689477945,Healthy
4.3319542809381435,86.72840967386792,63.58697574261149,17.19845683140708,1416.3252033190283,5.3529106850097605,Overheating
2.214681254196639,63.4788596531372,57.34573196261378,9.242389717111717,1452.4238253443955,6.041238413003922,Healthy
1.7681086875891028,50.45658279444824,65.37061755117053,9.491603612633194,1487.9386065601122,5.358363199324575,Healthy
5.5562076329671015,67.44610900042085,98.26721544553735,13.398261565861326,1446.147622515061,7.079576763913279,Bearing Wear
2.582608191037681,47.33662771576443,58.78038621176026,8.65221024981944,1485.1455183018174,6.022388101431503,Healthy
2.5460285125631534,52.16450513498605,61.63425873903662,10.82055494027134,1450.3355758220764,5.7006342633302465,Healthy
6.630153419428319,72.10618882960766,73.9206010063604,10.683528957350116,1403.8221190935901,6.031993636870814,Misalignment
1.8629838685871407,54.53055747055746,62.758140310451694,9.43626944682074,1464.5568382218219,6.1726896744536415,Healthy
1.6981609131691573,49.24345250296318,66.01629111508394,9.559067237457104,1468.7856776946553,5.980551005898691,Healthy
6.516822210215758,70.58266246253898,82.4677573929624,11.356173821591945,1419.6952697886607,5.3384865037917875,Bearing Wear
6.306600509785823,57.85921678108025,78.79970707690424,11.764047639824748,1459.2406741483587,6.019955633896239,Misalignment
3.0925129222891607,53.49239199561353,54.77154249555222,8.465940116778539,1515.1134786046464,6.707514903479463,Healthy
2.4181433498571545,93.05605377481297,71.12128436072992,12.069046702279534,1321.335219004445,6.367005790624864,Overheating
2.22720665295928,53.97446997400004,62.32892461859012,8.485794116659013,1463.1815886627953,6.042063153809043,Healthy
2.7882376703300396,69.81501377799356,68.18385860829783,12.338701830614824,1435.1027018531377,3.2889840748645405,Valve/Leak
2.7899132092426298,63.74831072058793,70.37520047700262,12.646059765912753,1448.474401208447,3.121552556596275,Valve/Leak
5.520338751869044,70.37962152904745,80.15038933940384,11.416910223678022,1484.5687747524973,6.0126472803213495,Bearing Wear
7.396462593545888,72.37686150604468,74.31316599864293,11.523712509200168,1443.2527320445417,6.28946592814079,Bearing Wear
2.132429754528061,56.128786715423765,65.78837580140363,9.866255917693866,1496.5557389738628,5.31805394634499,Healthy
0.8583278276877366,58.929924875666664,63.368334688943676,10.896827573899282,1466.4527632858762,5.774580936986133,Healthy
2.721849651473828,63.469140638110254,63.96904244920681,10.3310197248035,1506.7076539540026,5.897663017140177,Healthy
2.8967823035089513,89.12771378348253,64.12495317814194,12.32388793432409,1441.000312755983,5.7174749564132075,Overheating
1.1853585985429054,64.50848473461036,52.1376229310328,8.801691924916794,1467.5835690627382,6.523088276787946,Healthy
1.878085374739214,51.0368628267742,53.1203242466965,11.132627323693011,1495.9727852209728,6.5409801508369405,Healthy
3.357897541444465,58.77708533659274,77.32435652923354,10.630282974763979,1413.2347409921563,5.458709294044189,Misalignment
2.228096318707154,57.50595611454061,56.831988756074715,10.176287758899809,1453.2447014760703,5.948068807661523,Healthy
4.431883860865445,63.38844077873994,86.87559073137466,9.199256926575135,1392.692582223804,5.986709918677124,Misalignment
2.101086248494037,58.51070926152078,58.31198124661761,9.489378411060624,1481.6436870413552,5.736684243749559,Healthy
1.7149824808435328,100.339922195401,65.19656506151377,13.677918697098704,1334.2806175925432,5.108084531200852,Overheating
1.8957005009833172,56.39199232936411,55.602339933423266,9.970945363774549,1452.5569590376003,6.0399529017151545,Healthy
2.160307363592509,50.48207584754919,58.28974507949749,10.537194145981632,1475.771248094438,5.885077847063956,Healthy
1.5245054405669376,60.40209234044491,54.226596682475346,10.654781085771415,1494.1630511624794,5.795853937977181,Healthy
1.0147833980982912,51.92443245537332,62.63109323976162,8.922371842900422,1481.9389716184746,5.409428080835662,Healthy
1.4264780479006345,54.61009749052786,57.49460265196234,8.8096338637624,1466.8225304422213,5.626337255103203,Healthy
3.866196660231534,92.83895081329445,53.98887275463167,13.065078788607972,1436.5884685527305,5.1954565466970495,Overheating
1.5716689725192055,57.51704027908227,65.18319292295506,10.450193972311434,1452.5101205071794,5.623012569231374,Healthy
1.5976942718340112,59.878382569511025,57.84857639092528,10.14143731921915,1452.277854459581,5.756692970115001,Healthy
2.1127998252790867,55.465987898579414,62.31324948122817,9.509477496907326,1461.3953985741084,6.0730916342177235,Healthy
8.294107031707107,69.31286568046532,83.04318934177026,12.693263434125317,1447.7090650170485,5.136779313265921,Bearing Wear
2.5288543519323072,55.41942173922291,51.5921609881828,10.352112066715167,1468.814823602605,5.650200018996487,Healthy
3.699950629923081,60.207009767967904,64.97480755336306,13.14415211909349,1499.4590767225875,4.47692909817516,Valve/Leak
2.7646767270534074,48.22438300147514,61.32668082677577,10.487784645752216,1462.3776883359913,6.279037220755302,Healthy
7.834170913021557,58.96242704448275,87.00985654137325,11.381839990959593,1484.4911134890347,5.782407708091619,Bearing Wear
2.253806382516526,54.362457704759215,63.93834654807148,10.794058464527122,1489.4382000898242,5.083079450149927,Healthy
2.6920529232529615,48.72027072282367,64.41230575032904,10.70645265677967,1465.4849527683593,5.20190734915331,Healthy
9.493618052359613,64.82033624674388,80.23445593240437,10.50362638453526,1486.4435342964855,5.702833715349957,Bearing Wear
2.7067370085976754,57.89747043967768,55.4035487914487,8.77641608893822,1503.1633992975994,6.006715265496687,Healthy
1.7518190191745158,65.30376770880144,62.56309247138182,10.544707634918277,1432.5123253337877,3.7404597191780735,Valve/Leak
2.8464550225638563,53.66578363950863,59.162125811278926,10.509255363798943,1475.2536385786689,6.160061185554683,Healthy
2.0612942827996217,68.8323304220948,64.55562922022176,8.91827801529327,1487.4044437237833,5.683305277336112,Healthy
1.8998500663133842,88.35332331149613,66.71953781245064,15.496503670397038,1420.1057739501205,5.841646933814087,Overheating
2.086248049516166,52.481533628707815,64.06500904358398,11.024879232826642,1478.7376861734044,5.953229583288537,Healthy
1.9897891100918885,55.378429351829844,62.421129538764475,9.902193744045846,1463.593193545138,6.151186230209409,Healthy
2.921124878237248,58.94224275146188,57.02258856778499,10.729060219190375,1486.1573166946196,6.523770520778205,Healthy
3.1509409186876196,94.40543810544504,65.2923971152915,12.672201576494075,1423.036466716527,5.6671857103397985,Overheating
2.9919793184105754,92.52896295051119,68.94647188972019,12.808693427600474,1443.3993814033583,5.9331367989654815,Overheating
2.188311492339747,52.567518087011166,60.545938631526816,10.380068895079207,1468.7971670962424,6.533246515570086,Healthy
2.286221635742396,106.29724205879467,65.48694637585089,12.358845435725021,1366.7898350901091,6.095113438866138,Overheating
8.211382064177101,77.9158518915228,92.29969275279167,12.8353742291461,1459.8712536343278,6.015945277790643,Bearing Wear
1.6292009967368009,58.65979364656055,67.29308423648509,9.793627571670969,1473.735044293564,6.190618523695466,Healthy
1.341590691686247,60.73859520052589,57.745243699882835,10.018448578720209,1467.7974991798387,6.5107019259652,Healthy
1.8796302294231497,49.10051317618624,58.265350975709,10.570152699949714,1483.7727140815953,6.043639217780795,Healthy
3.531157362048712,71.74884477560974,72.70008070275702,11.815696950705883,1523.846269424383,4.058070340341873,Valve/Leak
7.6797586297434535,67.53525692559676,85.04694876549678,11.993512911985162,1422.5788572227987,5.975435770215856,Bearing Wear
2.876354221208307,58.96485442489197,63.19561178826688,8.263357887566759,1464.1494265341396,6.555738048322022,Healthy
3.521693981271479,78.24262658795519,77.16815479034219,14.244332092301141,1473.1243557028547,3.776251402144915,Valve/Leak
1.4493963314515355,48.94707417430073,53.63235337280755,10.975722646501593,1478.8517189014499,6.040343239961752,Healthy
1.4371417294008877,51.64634546991298,56.89786896873274,8.59472855277464,1469.915798093993,5.567477417441505,Healthy
7.793165276760189,62.23816526416066,83.220209414512,14.784089821975055,1420.5771130696512,5.970655127118026,Bearing Wear
2.5464437789204535,56.477334206787035,57.84352261038125,10.066764121472884,1481.6273988790747,5.963321927086871,Healthy
3.8701620253185247,78.39860152718595,63.734865838780856,12.639129241379496,1454.3728582661447,3.621740599750209,Valve/Leak
2.463525878470131,92.86158595849285,57.793833333179904,14.265466646128218,1446.5142521326536,5.836846458466107,Overheating
1.0797941517394016,58.57851170329524,60.73196084532279,10.424351109218021,1518.7220560060503,5.670075348187739,Healthy
2.1572363377521944,97.91627040960692,65.1346295087402,12.176545805601977,1343.2113046729428,5.358156393673042,Overheating
3.41650673460362,92.53143866824239,61.86441057834144,12.86258539561549,1410.5249090632237,5.517043689504014,Overheating
3.1260906106640682,71.56682678041976,63.80121649925145,12.123543847922486,1450.1331273715266,5.232597619044161,Valve/Leak
1.7905117483415547,55.49133530055244,58.48333623363754,11.073969541437737,1473.8300413899426,5.906183440339756,Healthy
7.810711662918376,72.03749186974164,74.31673057945429,10.950485788267597,1431.401577343526,5.958799763385034,Misalignment
2.4682968994277195,56.033045638613935,59.77571905592343,8.728854623440927,1481.2457241698123,5.242715078711678,Healthy
2.549521834816641,96.72197115852572,74.39925012472648,14.857861198498156,1457.9360829054244,5.758084869241431,Overheating
2.928563676471553,51.34081583848872,56.01447782934248,10.668810900477322,1479.9264309187552,6.088141533122784,Healthy
6.284489539570339,79.72458801265014,78.40083331708051,13.029588388862317,1465.7268485719135,5.168394680971902,Bearing Wear
1.6686547195250663,57.82292056658296,58.16482447034724,9.914410193389195,1450.8470528603054,6.930364686686126,Healthy
2.249500448648472,52.296872557173884,56.73686336466074,11.912684654953532,1441.6655678598675,6.111458827372311,Healthy
1.7974994228014975,51.80952766162989,55.07011158290376,10.035441729706328,1428.6394170538788,5.873804607232521,Healthy
4.640723453593988,72.56609360724691,72.02770812601342,10.762515757535162,1412.2334250825588,5.867373551827766,Misalignment
3.2365079019617373,58.72819601850329,65.43996883485886,11.716427481477082,1484.977421535329,6.628100349444748,Healthy
2.071993679655786,56.75170517225734,50.89291518316088,10.29211926044615,1449.125049591074,5.349892339355557,Healthy
5.663105685759935,69.95731749217974,85.83060711609919,12.274574401225703,1422.8763577887369,6.15947295299248,Bearing Wear
7.529290816205394,62.82136231631802,83.93003465922408,13.64594172490518,1479.105328954261,5.481082926830243,Bearing Wear
1.5056566349680907,51.71793540869559,53.00466229646736,9.861824127591525,1492.662767963657,5.685978854479568,Healthy
6.735401910842372,76.33071238958931,81.33044897917347,11.137175838523723,1424.619366151229,5.344996191968605,Bearing Wear
2.905422442568665,72.3288591589398,77.64784693717237,14.598496871113445,1418.84414230413,4.523917336547784,Valve/Leak
1.7692045004270318,56.63841843513971,51.36808382389607,11.4626423427764,1490.2988819414381,5.653920902066936,Healthy
1.1484267622262798,53.43021375081873,57.586340113797085,8.67488961287624,1495.5340446741955,6.5107188758777905,Healthy
1.847176558576816,57.17492301065897,59.901805187524786,8.917820783768814,1466.9464402682547,5.881425597300788,Healthy
6.009336717876468,66.05184689993558,67.37586008358039,11.665217744084929,1430.1024765202553,6.9210836216600615,Misalignment
2.1617292475546863,69.14609581104251,60.97045814751589,9.932369460723983,1460.261562104987,6.611306546883594,Healthy
3.3416967334784977,92.15866807214971,64.0533186871099,11.864101597084913,1453.725088869356,5.388881077632689,Overheating
4.002152477632073,91.97517912177618,66.67303645865361,15.262124573201548,1418.9613732229727,4.621345779800386,Overheating
1.949693118667436,53.354856515983336,59.45462525512389,8.389967206058918,1483.843418293236,5.454243450516276,Healthy
2.0781322157691053,60.37018543993807,55.901934200701426,11.451587371845989,1498.9370650703029,5.8282361030037855,Healthy
1.2780919088847895,56.3587692576657,56.31357925229593,11.199356805281715,1466.4095234034346,5.639731607979211,Healthy
6.176743771408692,70.05129996021282,90.91593598035112,12.175843997503087,1453.6289338210818,5.8820586835633675,Bearing Wear
6.39183774993049,65.79965788362948,79.46448663491711,11.60581080113712,1423.9415410518345,6.312957156604276,Misalignment
7.296588524893246,68.13310341712386,87.77054682953927,11.435265326043357,1499.426548268247,6.606945094890255,Bearing Wear
7.541296649414028,57.303927595704764,67.89311128362503,10.678439433368787,1431.2369289577664,5.820717032760134,Misalignment
3.9212733650589175,107.92518940014162,71.40493839586311,15.628284903179708,1409.044784205824,5.162801051709145,Overheating
9.526705644209805,67.88807132495766,82.27025651305635,13.66095548865587,1485.2105815223679,5.460839277690078,Bearing Wear
2.648666152868996,72.41813627436655,76.62212002570895,12.035166974646291,1487.2416203059233,4.250825624460655,Valve/Leak
3.255064707496699,94.41848858222441,67.87357363557996,13.494280643169185,1328.189075065927,5.403791530291561,Overheating
1.203841269725094,54.634824051027536,49.66444887695302,9.652313164844522,1484.8719198408935,6.038798470855293,Healthy
6.897363517662314,65.29561337513302,85.06489911653522,12.087129609887656,1422.9925006629546,5.907079680203639,Bearing Wear
2.867032069135143,109.5262822177209,64.29648806657846,13.581148631940472,1383.1042756316906,5.11162431076944,Overheating
5.31375303198055,62.160259265011234,72.308792202307,10.015056484151488,1377.4675000236582,5.714824053136323,Misalignment
3.157583844372195,104.36345162112875,68.75478152494591,14.785947215411067,1475.3059609061086,5.461141761998715,Overheating
6.986242694007835,79.2627203871013,85.01509189875455,11.027583938884344,1467.6302661388856,5.473496075577189,Bearing Wear
3.2896886538992844,70.86358399316103,73.39486943252096,11.214652083629979,1464.0740530331248,3.968617307666634,Valve/Leak
2.0779125348201037,52.01803975108282,53.10849131973459,11.305406196794266,1472.9993456095244,5.683459173169832,Healthy
7.779662597686785,73.80371759925717,85.11850253835617,12.23878520533008,1456.9611122704212,5.934558506251549,Bearing Wear
3.7661169259138823,72.3384891721551,65.09918040501783,12.82684995627516,1478.8445204683749,3.3067360208075773,Valve/Leak
8.101931345670788,79.12073690110796,77.40879978988316,12.150688906249343,1438.0136466124895,5.69566795510335,Bearing Wear
1.3535648854946256,49.46391249753799,58.493744135393875,9.85462440210584,1457.4808978863166,6.315859069915674,Healthy
2.704727675753208,73.6959527413794,69.22655034359501,14.004972175486976,1436.6644365549832,3.5013067014682635,Valve/Leak
2.0301180864675064,48.7962202795124,53.0612321914987,10.182297782337985,1464.8443886537007,5.418995313197232,Healthy
2.494564261658326,101.89886962319214,65.14235395554714,14.442138293082955,1391.5400101561258,4.437935102181721,Overheating
1.9371452701406378,56.82364568646352,51.051629888059395,9.94639829213954,1457.5547182557193,6.093848066035862,Healthy
2.3717508012147865,60.33411465093759,62.294949496370144,10.860393588970574,1472.9931504815231,7.129246964506859,Healthy
6.366693066508814,75.40815149648135,89.51632782916596,12.731083528713523,1470.2595597397933,4.966577138157583,Bearing Wear
6.755330849360062,77.47536509362511,72.79884052619227,12.384852755221786,1433.0949316256545,6.028848060632521,Bearing Wear
2.1830238987495894,49.705291558842546,59.71515439590694,9.819832952070659,1489.9062008341486,6.3957187981733865,Healthy
1.081070424024265,48.619138558057,60.53789404783384,12.611076228409262,1512.9201065397558,4.81024017489692,Healthy
3.652483667678741,70.90603792459213,67.2394544791367,12.679642941899814,1473.8047371358664,3.625765012812496,Valve/Leak
2.9608049058113517,66.3898543553307,76.74610096839217,11.14584291386603,1446.1197475749605,3.914162467357418,Valve/Leak
1.6574896156802785,44.225173897499474,57.09092442360429,10.455550347404778,1495.6816909316722,6.910615877377109,Healthy
3.1315458157406066,66.65150719455133,79.74416458808415,12.557723739608523,1443.546069094635,3.9914630989229654,Valve/Leak
1.7674899544145122,53.83445835010792,63.65328302906059,9.611911664898981,1454.6508151632297,5.35849113789732,Healthy
6.072625853469225,62.22843644393416,72.66271769753965,11.38848693279917,1471.7163876106804,5.587942166342405,Misalignment
2.479135202002662,51.11942854901375,59.92183942718347,9.962004396912334,1453.7740952991296,6.067399517906249,Healthy
6.5550842495960575,59.065567626696435,75.04985192630612,12.38173406365581,1492.3249949573685,6.412051707588644,Misalignment
3.3608421456349014,92.10112055023332,66.4195029656496,12.841674941334615,1331.461062325908,5.362193104520067,Overheating
2.143999877736906,57.014739299571765,61.08175161489689,10.404527474845711,1490.590235181734,5.890127428418153,Healthy
4.3946066998957525,95.85218617400683,65.21281748226959,14.154326760839599,1391.2836592673511,5.325857614511679,Overheating
1.7471423990204245,54.27242535261392,56.04742646736857,10.108011804534318,1491.6838988835204,5.915234056035634,Healthy
3.41326008083883,72.72110305655856,64.04061129991925,13.927924290787928,1425.0393699821038,4.722703807662234,Valve/Leak
4.277361909547203,71.06997752357942,82.56284579145438,11.164726062265295,1427.8682271563134,5.74911368365605,Bearing Wear
1.0716548784058073,61.360339433386024,58.778211720190974,9.268064984121736,1457.4315263490935,6.308292826981169,Healthy
2.0669936509289832,52.08175499063209,57.37290169718834,8.8964404690241,1467.5936113495668,6.003524956602743,Healthy
2.2662351270288785,51.07203759358511,59.54532798781293,10.888454430970421,1446.7474288610185,5.9974924105632565,Healthy
1.4736579139417343,56.305057564990506,57.2737426566622,8.7831968737649,1506.4856638413999,6.368035805732732,Healthy
1.8204574975983456,98.56074242791209,63.57563083481265,16.250861966532437,1424.6534559416405,5.6197862095416,Overheating
7.589728353837366,62.3454162714972,92.83146720046041,12.633207883527362,1425.2550826972722,6.121870971252926,Bearing Wear
6.738859480228659,73.30247913814776,82.40902408185399,12.128028326427518,1404.7829631990567,5.799788194597654,Bearing Wear
2.8994988884223742,46.02498443648325,58.5955827044611,11.288117217831035,1475.164570084025,5.931463386806001,Healthy
1.533697309868621,45.87073117083424,56.85392376177923,9.010644944887877,1482.3607766731416,5.684932719030507,Healthy
1.77389730347117,54.759174088548136,57.357388717975795,8.938213910062867,1481.7153288789568,6.426993286505844,Healthy
1.6950897808806888,54.38426797453187,49.746836148217305,9.860597250461135,1471.9929126181905,5.626615856797395,Healthy
1.7948827492301767,59.962291380032454,65.46030208390046,9.07187483844219,1469.638452535132,5.802964017084569,Healthy
3.1164052421052935,95.55673917584625,67.68131306710595,13.105379887383602,1454.5554629741623,5.499302137031919,Overheating
6.724431707442592,77.39156994524723,82.44914718409737,13.424336698567247,1431.2396262168543,5.493734521289078,Bearing Wear
1.5630137196771297,59.11270125080848,61.75812999511675,9.126406065532407,1478.5711451201132,5.780490283776185,Healthy
2.94389912247771,53.14647698556289,62.668881369292535,10.024440641667516,1480.4811540612636,5.93391795170739,Healthy
3.2345979644977185,70.26754950048367,64.57119949756765,14.217007914697959,1462.4752405675586,4.085950521328381,Valve/Leak
1.0819592322335012,61.36410401864544,55.599060254318914,10.21153253941552,1468.2387249175858,5.63079958381903,Healthy
4.299351597176699,70.67264609609353,72.01284821316577,13.068389501995,1503.2626709338215,3.143424776273233,Valve/Leak
1.6364368429280334,43.220179892644104,58.1973495128538,11.848048790910553,1466.879016191992,6.316306202625844,Healthy
2.989842557904382,95.72273371046775,56.41851046729444,12.92575420524103,1436.2803049732,5.524271638814827,Overheating
6.133157579683051,75.96001972148215,72.84740084405699,12.60541004298631,1434.005096666202,6.57767958983232,Misalignment
3.1292565453416024,69.63787929645918,70.83683401510024,14.466851515199354,1469.4702401339487,4.810191345013469,Valve/Leak
1.588582771238142,55.080525365686334,59.806739108044574,9.814140631175807,1460.8273654865864,6.479460635940756,Healthy
4.140862497770145,95.07646019122434,68.24214465407022,14.836564464445523,1367.0290103859659,5.646881168620996,Overheating
7.301934703720428,75.40766043735805,89.15963106755311,12.46057448754748,1455.5943615317424,6.01892622364852,Bearing Wear
2.053485160064249,73.48381733457873,68.8955327155161,12.53016778761795,1492.3991094757143,3.8334268759680734,Valve/Leak
3.6365729803086837,86.47763686067667,55.36028461020718,15.362401534984947,1406.3488900224995,5.6890878509475105,Overheating
5.338712642069177,62.885276718293994,83.36686660341229,10.091395713122937,1459.2115872113695,5.615016824786232,Bearing Wear
3.1086036897585014,74.32079732654717,72.996895163734,12.587319291064906,1464.5992316658458,4.318004064210087,Valve/Leak
2.323262872929745,55.74971098110126,62.82024432621785,8.713156404552738,1473.6845364967521,5.563388217373768,Healthy
1.297441728965753,50.35672609038839,62.67157064135991,9.370625467722752,1461.432186864219,6.3626877718160735,Healthy
2.3610355962704994,59.243548369701465,58.84210360530972,9.795407025363385,1467.0383744293279,6.067091667086391,Healthy
2.653547035258418,98.5994026038974,70.9226962275719,14.597390381405143,1471.7726346097027,5.2177937711869005,Overheating
3.500239522712688,67.36899868411962,68.35784654934781,10.876244187854653,1437.5197438163543,3.448886291710382,Valve/Leak
1.802724253058525,55.449802057741046,66.19861482177588,10.676906264897818,1447.5566072757904,6.243206174245143,Healthy
6.882608281556682,69.86380282037665,86.22731456851753,10.962169813479651,1444.5294742742608,6.273575649556733,Bearing Wear
2.1760896190599235,94.62975591275689,59.347167716218266,11.415825317818491,1386.2213129170073,6.079448753825569,Overheating
2.0892885472241067,44.349258209244375,62.19062746220474,10.093365861309792,1466.701703439213,6.072020188560949,Healthy
5.7286144859704775,71.99112236067946,92.18281253516292,11.658087786789725,1423.9721739268869,5.7289679720793085,Bearing Wear
2.1415768124919095,75.47134955270509,65.93191324887711,13.290475697655685,1445.891718123861,3.9164915224592196,Valve/Leak
1.2954567047332541,57.42683088772772,68.65662205460643,10.685521926472823,1453.3780596192164,5.487367796433838,Healthy
3.1263263292158996,96.35565616453431,58.641517228501534,12.69086381232955,1367.5407005207992,5.427701276754043,Overheating
5.066812934376553,60.11521083432106,69.33429852428078,11.635544571242232,1428.759752109347,5.541509380732017,Misalignment
1.6042448495211494,56.47945640594622,73.42188303398169,10.550864405692236,1478.1402296978526,5.734009805004819,Healthy
6.733689731403036,68.3967708918316,72.66949501654597,12.213333982942618,1430.6332081665525,6.209904294158054,Misalignment
1.911432060061181,50.22557694346256,59.27231703818664,10.842050668894847,1469.8372977620115,6.175896558241272,Healthy
2.390029168065179,56.56470668244981,53.989446205817494,9.775985476478388,1498.6288181863674,5.49638698373871,Healthy
6.916603654256209,82.79998438259317,80.96453149576301,12.742910999378243,1457.8040622280405,5.564192039893783,Bearing Wear
1.7760826689525224,53.21097604941744,51.693640486134335,9.975563765133678,1497.981870132451,6.022970309911874,Healthy
3.6344739472367493,75.4819646756701,69.64275216201868,12.246489336391818,1447.843407115965,3.4647447630314394,Valve/Leak
2.0729993792820767,63.57710548899617,62.64160161639438,9.135146019862024,1451.212634489624,5.917379165118171,Healthy
2.8235069306444895,98.25190505003357,64.09437275373905,15.075500652073398,1336.1096790917736,6.14167284805844,Overheating
6.793732329729777,63.63908002665522,74.4208604981655,10.75889809402985,1437.6681375515448,6.083009817312359,Misalignment
7.4079488825973785,66.65910773388352,83.56837119584152,11.092972542822478,1462.3232108675877,6.07148786916246,Misalignment
2.090617077189922,57.515859387545625,59.83900934298696,10.412856517997556,1497.307259186538,5.990650743201643,Healthy
4.17478910604536,70.21445141867802,65.06031867500622,11.651067645216619,1451.588852441659,3.918626084341509,Valve/Leak
1.6589368650777134,57.64871412029911,70.1518172050155,10.8205715980149,1502.4519636950913,5.8490359874213045,Healthy
1.9342448266178187,55.52332682775289,62.13241202115143,9.34044210635723,1471.4853985890177,6.3418207833332305,Healthy
7.080892323418309,62.82905691532764,83.22644810069406,9.838003298241192,1452.2560722950418,5.902161244508568,Bearing Wear
3.1933689779065637,97.50140743450304,66.28431021453562,12.197704561554605,1389.8694269794921,5.663937191306507,Overheating
1.8640371248806513,57.75420100224055,64.39075955961911,9.80337230162744,1502.9681549497468,6.480869532572359,Healthy
3.3667457351884256,109.16082349794522,61.923584436178295,17.18611637926841,1430.7319795463372,6.036154933210687,Overheating
3.591132292074634,80.56184498198618,63.47584813765677,12.804008461821496,1406.4686827942203,4.1108335115754215,Valve/Leak
6.738678774439918,87.54186014562796,95.30682104078319,9.840828694949051,1466.6721490479822,6.119572434823695,Bearing Wear
2.0891538015792745,56.37991103707499,53.266943135690695,8.968670645913852,1483.4459343688197,6.039761011192707,Healthy
1.6028119300730777,54.55110375164397,64.43075476491637,9.92351422905313,1512.454616612713,5.721671780934976,Healthy
2.7165636567167954,98.52776567847866,61.09206058887402,16.89109663099063,1332.3755038769598,6.186192095872098,Overheating
3.4419396653975305,103.00714941855175,69.28830747583035,12.904959668310408,1424.003582210504,6.246989589053847,Overheating
4.694742808955182,97.31421491581139,62.83386114039871,12.660065923087618,1391.068517023669,4.717888667571802,Overheating
2.7896582049155105,88.55351810532548,68.7392259745218,13.67185056831592,1374.5682182154228,5.369866425972583,Overheating
7.0878654525603935,65.79414947147454,85.75392084424267,11.923986063650615,1415.8160733055356,5.684598122597095,Bearing Wear
3.4004967819275556,70.62021400557964,74.06063676871585,11.824053403618453,1436.2753040451669,4.07437251835316,Valve/Leak
3.1306013012305645,93.34780514200537,72.72069000603324,13.569592347194693,1489.3893294914399,5.295486750551702,Overheating
1.9168190125740623,53.754578695814914,55.961400118253586,12.601974078158436,1486.372531356105,6.185699829468634,Healthy
2.537864492203896,101.15335013430621,56.6207911370512,12.285703290814448,1390.1076597756978,6.040418922253725,Overheating
3.2913060900919375,72.16637207632854,77.77755047762085,11.098332378144494,1478.3990800930694,4.1005505351287015,Valve/Leak
1.5903589469498423,55.121965349314195,59.48746644543658,8.997564528679588,1454.3917397410607,5.767835455254743,Healthy
1.6215438878477535,53.34963218486091,50.57101322758214,9.62935007951627,1500.4717329325001,6.282072130388033,Healthy
2.0289674792809547,56.21826362507082,55.858698022029216,11.6244386832914,1521.3552501302781,6.06592945228239,Healthy
1.6599088142323288,48.74460379965524,56.45188122952941,9.78050973492501,1526.2413310240593,5.8875363490376165,Healthy
1.5507705702112817,60.7001105602164,64.98650874154518,9.51452181364639,1442.4843176784568,5.548562582116286,Healthy
2.3444039422747354,55.32730687779153,69.34416586575529,11.958326272811517,1479.281207960774,5.992971295787333,Healthy
2.772317370011892,86.08205014519928,57.5480681190797,11.416011696641148,1443.3734802767779,4.875439110834975,Overheating
1.6348110544002974,63.68674953391268,58.17472828567263,8.433813229079522,1505.6755779613095,6.56074625105329,Healthy
1.8341738667012748,50.471020317195105,59.397366527711405,10.107829147440855,1472.9723388176915,5.2724434418436585,Healthy
2.351759381777021,53.95550228702042,58.36279686219147,9.069223454969235,1467.7989726160476,6.563579242632784,Healthy
3.5045761676796605,72.28233132542114,71.46886397872841,12.121172462782459,1451.205565848802,4.197139909914021,Valve/Leak
3.2651456832292394,97.74463409673842,75.86353311809961,14.417285044043558,1323.5102937792465,5.965207632335472,Overheating
8.011925362936854,72.35462226252653,72.47366308144217,11.721902783871176,1412.1813455675633,5.9010763305658775,Misalignment
8.335600247255812,75.37123497331744,85.44993779147697,15.725135850121823,1439.0493878041873,5.157119747320281,Bearing Wear
4.1792061840978745,94.54008248091917,65.79528749027045,13.186214180113495,1381.8919008280325,5.185161655620282,Overheating
5.902620082462899,67.175026889017,76.69719192658742,10.574121266367104,1386.2380812409165,5.281680161600257,Misalignment
4.182538755538648,103.04109540134729,61.62696596506552,14.01426460064468,1367.3854883046731,4.975167161933644,Overheating
2.6630924817147896,59.20372683461985,55.149759991889894,9.685183949842525,1494.9824634387317,5.7716114419250655,Healthy
3.3214779576518496,97.34558331106479,66.27072713845143,13.019454239326235,1377.9610164992473,5.0465400593917495,Overheating
2.908201006647817,99.89755768752315,58.098588029230264,14.409459866186385,1431.385248535336,4.765306492471462,Overheating
8.975452240550048,73.31164610654425,73.77725710562628,12.987509193617417,1427.56789617315,6.076522772037103,Bearing Wear
2.957574044470428,91.7747433886223,65.01578861369252,13.149079739133482,1391.0584703378208,5.029757996675729,Overheating
2.0876426043219625,46.917339129479245,64.96458330100964,9.823712040345503,1483.2352479247181,6.305824668811674,Healthy
3.8156422109226296,70.24022686676753,76.20657631736223,13.147509541368786,1472.6908356126673,4.401814586398952,Valve/Leak
2.360706186779647,52.78527259845077,56.79366478000076,9.950245852405168,1464.797971178415,5.579123119469461,Healthy
5.140884690605548,81.91243816666915,81.06099850222134,14.855190449731717,1462.0946380346675,5.780096791345557,Bearing Wear
2.0023344477880243,64.46091883484115,67.7881837200837,10.274238652697578,1457.0266326818996,5.617133861900339,Healthy
2.63907746368135,63.158602180543795,60.97946417483793,9.696919564476847,1510.9742099332198,5.608570583654018,Healthy
6.462965999546131,60.685996964118004,71.82042889304347,10.286262420812397,1472.5018056796425,6.665746910822835,Misalignment
1.8658907064786063,52.00079462503352,60.008731567251644,9.449778248563211,1478.0593951528956,6.16529312920157,Healthy
1.9052059686929512,54.07272757463848,58.4121828263693,9.558552122983789,1495.2439320587362,5.291705588409423,Healthy
7.162635355843596,73.6601054559191,89.35046669889326,10.937911259954143,1422.5692433146228,5.387092286138469,Bearing Wear
7.839045629861235,66.49742784867506,88.64758984106983,8.448118171708202,1438.4329839407426,6.266854947044624,Bearing Wear
2.3366850910670665,91.05894066717441,49.85988718465893,12.482297044382118,1442.2896549005034,5.266958893241507,Overheating
1.1345502503708735,85.21497324132463,70.95024589299877,14.925941120992341,1348.1024387424227,5.247771043370712,Overheating
1.4019361339216219,44.979280582432,59.20394806280282,10.57260856217324,1491.8371463945991,6.350094954216859,Healthy
2.028950954913469,53.65774317885439,59.56389657251404,9.788218366365863,1466.7910363878498,4.792883818313758,Healthy
3.263992132380071,86.09426127478096,67.36565826496377,13.329042789497795,1383.2411073432909,5.1926341594043866,Overheating
1.6000882142419006,49.515826569547,65.65872405302997,9.821118590233276,1477.0502722001559,6.276985648110666,Healthy
1.7659234136765574,56.52857634861418,52.29311198768117,10.221099046768215,1464.8857708163725,6.3421890369820595,Healthy
3.290183849882521,62.358248108672655,69.37962762895708,11.587280127502867,1459.0784024255743,3.0423601615551306,Valve/Leak
2.5945168044200937,56.845265880032805,58.23092076260166,9.091256677313778,1458.3149216482582,6.08006230203541,Healthy
4.237317746653821,93.8914176799379,65.29360246122266,11.917244797916943,1385.5720309929145,5.570796562027194,Overheating
2.6114971731406142,96.96145775369195,72.57411640780495,14.217454055461742,1445.7674513389254,5.748640951007513,Overheating
2.5731960536573535,70.7584350300936,68.78335857541201,13.655532683876771,1479.8103205552966,4.262528095555946,Valve/Leak
5.436668523018627,69.42688776449563,80.07904721092933,11.677496345924663,1434.0250935044364,6.185329332961987,Misalignment
2.0991811321801044,56.502552384125615,53.35242168424257,10.47458425293952,1455.0236254863637,5.828832680836228,Healthy
1.6346318076835966,55.41277019310159,60.3327849521811,9.179818360641159,1491.3594891764867,5.694337398677507,Healthy
6.868625412003274,62.97223513005981,79.09394940271737,13.721370697047451,1437.7254505084463,5.254494476868013,Bearing Wear
1.7922130561109586,58.267097555596756,64.67783012828063,10.274463538808545,1527.9181479137067,5.31010300282671,Healthy
2.795239996316834,108.56704117164873,73.99001235051107,15.933036301090874,1368.2350423701637,5.228994104091828,Overheating
1.6082865559796187,62.46352303637987,58.78116438302078,9.888501835356058,1495.4877357384687,5.3345888103864105,Healthy
1.4515641356635396,53.527925397208406,57.06789653020394,9.362019253968743,1484.5116361341272,6.088485360957004,Healthy
7.444821211589388,64.7883127548787,89.08951521423657,11.690701466763592,1435.4900931358632,5.482096475318807,Bearing Wear
7.870639256845923,64.68343114948705,69.2779823192828,11.918819066785046,1415.8421469262473,6.013503601740989,Misalignment
2.640386658071585,52.04620121677018,66.98928989288768,8.950739415471213,1474.1418722856904,6.559998314362712,Healthy
8.271465941805634,63.654297753809914,76.28521426480337,12.905149272048817,1384.582303497732,5.244899986727385,Misalignment
3.6506981515786605,85.34089290000837,67.9852452828101,14.79006004173334,1480.5756093280784,5.918193970204949,Overheating
7.35913293515296,67.69451970557434,72.699649726864,9.855394222951139,1412.9190318892076,5.883970450181153,Misalignment
0.9324022009566206,53.90219832538003,60.14290884774722,10.54753744487984,1512.536017650127,6.074261414178108,Healthy
4.818304739678234,74.12206574867429,79.78547584313552,13.300255465742021,1491.922604564877,5.182370093608331,Bearing Wear
2.646311205169672,60.09519662640141,49.51810281544772,9.146347955206295,1454.3963898849915,6.20938910205882,Healthy
0.6510540610296873,53.49584189336079,64.00359915170553,10.147975991224122,1482.9253383899973,5.854002525312516,Healthy
2.9880609232766613,72.31256070741074,73.69152712199774,13.835799909154554,1462.146535479081,4.747454182292416,Valve/Leak
5.26717051614432,72.86232201650924,85.75827732633553,12.745397273519796,1412.0664595515123,6.5163184354444175,Bearing Wear
1.856001554500437,50.322734270176774,65.38576705216124,8.898230217936144,1525.2272964958413,5.754718024040268,Healthy
1.907763107463642,62.90373354410154,56.32565746586742,10.0188363785467,1496.0949866034114,6.264830854678329,Healthy
6.415033462238123,70.50885023709887,92.49033145598843,10.942116747421572,1467.176231833552,5.7123359040889,Bearing Wear
2.042275108207224,51.05858424607518,58.696534039387764,10.144932252076705,1477.9455200257573,6.629094379917696,Healthy
2.1449902492467485,51.18426908640249,55.87988454051023,11.973811035280411,1459.8022912785561,6.04554384726021,Healthy
1.844338174258347,49.9889811771132,56.07551680496756,9.453494997695971,1465.8101426180444,6.5310881572723725,Healthy
1.7380994494261939,55.534790219336024,63.33977952647457,9.65538029394242,1498.0396259035183,5.491541290257376,Healthy
1.9955238301138896,54.75993824124136,56.53492837767573,8.772149869486586,1446.666561283692,5.694889332420086,Healthy
1.519360788847669,47.25775907137845,55.45467344581107,9.615166682495685,1473.0899755467528,5.9484428367028945,Healthy
2.6246272190457445,65.02731252694662,51.87546341650716,9.144116079663664,1493.9697031411952,5.81838751378999,Healthy
2.1035567150574135,62.896021050184,65.21358056966343,11.061016626558981,1471.762567826126,5.9610156616126915,Healthy
1.9458754994450653,80.8306155329732,74.47232385305927,12.585967451102874,1492.6148126864994,3.8848161766264226,Valve/Leak
3.7051588270255302,64.32863860130402,68.8253472062561,13.247347648940512,1469.636633618469,4.624200528101898,Valve/Leak
3.384924768593419,67.25548930766105,71.76546134360595,11.193340035939872,1499.0534424613206,3.498717588090888,Valve/Leak
1.3405628804866083,51.349168570671736,60.067142077160256,9.471241901483998,1502.8849251629124,6.090760406385119,Healthy
1.933209035012977,61.09850228527968,64.54435441642234,8.861229105984588,1466.3869657172079,6.1899159274737485,Healthy
5.739542150321485,74.49475953583975,79.65475515888163,13.955740160784512,1465.8834746874886,5.347230219741712,Bearing Wear
1.726769692735688,55.799383606511654,58.98011550993755,8.854511086618217,1452.1148170755484,6.219609333759145,Healthy
3.0844300457640252,96.62439115376276,61.90540426237482,14.275988536662716,1501.5402225993707,5.969826848298857,Overheating
5.4766282528987595,50.69780301254217,80.3434707649235,11.786605353774814,1413.6851609217051,5.327316926849149,Misalignment
2.2221989312397112,54.55329633168743,63.45796008803641,10.086443138368184,1499.3351766423298,6.147830056156899,Healthy
4.492379906893675,62.59392657701524,82.81388998067423,13.619353177350362,1506.4158917820323,5.734305687045248,Bearing Wear
1.4360251645937574,100.18138258443898,62.24904712402761,18.43750200403723,1370.4238431986196,6.342110038744266,Overheating
2.1773884805429065,96.39286273186151,68.85690263275234,13.662121711225126,1433.5193084220919,5.826382863739464,Overheating
1.9917633159762471,49.12529955346937,59.61607312262383,10.176064663715843,1442.4789825792436,6.067694126396537,Healthy
1.3516869646075227,53.33496804654121,58.4407682658285,11.930094533493419,1484.4023669235473,6.41441810052584,Healthy
4.1260834831649165,68.36170924410811,71.7090663520623,10.664399870012089,1398.410862526536,5.929107145568544,Misalignment
2.466369054237313,62.93094753892582,68.63979728977056,7.954125769741776,1456.1275887814174,5.276723368669379,Healthy
6.168301859441017,67.06491800893642,83.70041540843526,12.573856032136128,1405.4403685598063,5.296454614946365,Bearing Wear
3.958996748923574,94.8476155804935,61.04170146808984,10.777686979493545,1438.1070234024112,5.205627340243808,Overheating
1.7992723414788534,63.36539513314821,64.23271467727689,12.713381516567019,1429.7814573809835,4.292854018773819,Valve/Leak
3.1109961445922636,46.47778441803669,60.80739715156191,10.174004989040958,1459.388851921537,6.038100958978984,Healthy
2.048245741278916,61.92231442409919,49.1115619095233,9.15776658719728,1509.5011209446188,6.3648105333055405,Healthy
2.6166077032597297,45.41721060649115,63.978053313614105,11.064370162419422,1466.8259966764854,7.05169484715649,Healthy
4.368677148989751,72.28763198760252,80.68083982006361,13.747492910894277,1466.438321001739,5.560831171089523,Bearing Wear
2.469725652989655,50.860400061589495,59.23977459719576,10.51691679076408,1472.7147347445475,5.866240238461098,Healthy
1.4671007079813054,43.83617330711516,61.19567431166019,8.011100050704814,1460.1392259371055,5.291367056420571,Healthy
7.51162620894315,68.66615100963956,83.44959726719127,10.026147324563986,1430.3245273348432,5.950582063684075,Bearing Wear
6.822674061041985,69.82546006062957,73.73890070870894,9.147750714079507,1407.3006530280136,5.860924287650923,Misalignment
5.734450946399496,70.41851370534091,99.58181861639969,11.267717906945437,1449.9158244252467,5.275185649107605,Bearing Wear
2.4373715216757117,59.02867069732959,66.79897905652372,9.572658645305193,1473.9516436030876,6.68395141275466,Healthy
0.8903890893279194,57.27410487818505,57.091509696152016,10.898171824656657,1488.1638093884035,5.3037828943908805,Healthy
7.252753272701929,72.18077491878871,88.45317311147986,14.243948939732597,1462.416669688429,5.809159384189786,Bearing Wear
3.1213703617948836,59.575353770840444,61.03103063404045,10.432530549768918,1485.120875187965,6.007407366109331,Healthy
1.6254733128417838,60.7745291412135,59.37071528649713,8.519580829861276,1476.23364512827,5.781289666498434,Healthy
3.0730401781268566,88.86783881811219,72.35503956744857,15.635201006713586,1463.442221283856,5.594785865627246,Overheating
3.5628483860948967,91.53514987447458,65.65029777359918,13.736483151017952,1341.5586273124031,5.5509822019356285,Overheating
1.8787239179908481,56.818924728249776,66.36266566993312,9.151229909452022,1473.268835697413,5.6939669214560755,Healthy
6.286517267620273,68.82129830310883,88.51522994126502,12.480668647177257,1418.2942900275025,6.317664129566861,Bearing Wear
1.549407174695148,61.1205544595978,61.63469206298138,9.843544697074753,1487.1616008895862,5.989691681749791,Healthy
6.187315523131168,63.31286973863899,64.87086620419308,11.527182540631927,1418.790341648398,6.211178643858099,Misalignment
1.8261678944219955,60.11494095538667,61.02420830918285,10.163642847378087,1477.2377862647372,6.673422284895919,Healthy
1.8386627312704724,48.81332427460002,63.63365538662253,9.417850993642327,1470.5992883654735,5.793225347137128,Healthy
5.499088498409025,56.54052840338643,87.74622422435664,8.829663440694436,1475.6241335193213,6.423411099814059,Bearing Wear
7.299492946720489,64.87871790228391,82.99620579538936,10.54378214788679,1359.0535457170663,5.8680353023573995,Misalignment
2.267484152970209,52.42338385731078,61.644505846423655,10.971124838452553,1478.2876712217105,7.050556034136952,Healthy
8.203012866453697,74.5716234188908,80.80103545181166,11.363339598978492,1480.542959424381,5.857915155041696,Bearing Wear
1.8548228524069499,75.9359919309726,71.72378106449541,12.923307972830615,1469.022296576477,3.9953911464378753,Valve/Leak
1.879057234180445,52.678984108408514,70.902647805216,10.91187072884359,1460.630621520566,6.814518400904337,Healthy
2.014727683732142,59.4870859746566,50.15005728051192,9.76297415305903,1468.5333229806567,6.082032031817654,Healthy
2.945918444267354,71.25811621092608,76.39078823581266,13.361783116400845,1461.0356252512986,4.27393529573007,Valve/Leak
2.086336988492053,52.427757475171475,50.4550045569447,8.566062625965046,1470.6594820984049,5.956649262418341,Healthy
2.1755719885229046,52.157459777458456,55.427553649322846,10.612643835357414,1507.3878899375602,5.557132960901381,Healthy
1.047497670923091,47.6273093463642,57.056170860114136,11.134910432377193,1464.4258794058906,5.6735598100937805,Healthy
6.037083611149851,61.07434263622665,84.93110783631619,10.734636626884626,1433.4075494725423,5.739288184915823,Misalignment
2.6174787798520587,63.31831848477286,56.1886716236806,11.100795176301212,1490.9936163910204,6.389814643784031,Healthy
5.81295922671782,69.67857322856997,79.77346253028144,12.565720563861886,1435.9564266635148,5.857234148946097,Misalignment
1.194369731002333,53.02874197408303,54.49470534376892,10.814130565433246,1453.799580768421,5.799478268659885,Healthy
3.843320158379612,68.35056750588214,72.71447270828793,13.234847353027261,1482.582212136182,4.62510752605824,Valve/Leak
1.6429643899142556,93.60955468012622,64.90022177733924,14.429013849729166,1370.4977941911675,5.956360447363445,Overheating
2.3556518565315123,69.25063296754992,81.57125592380098,13.797253471535798,1486.2114138891102,3.679206515143293,Valve/Leak
5.318577694118755,65.9219686879431,74.1299908445722,10.51050558874298,1419.0779122248964,5.582385925329972,Misalignment
2.556607791916874,47.43430324225123,61.73239716817615,11.380092694879623,1476.3362580286887,5.788449588341642,Healthy
2.212622498504925,94.86385082036762,59.800779498071364,11.19484854496358,1393.9206294082082,4.994641974693207,Overheating
2.557514812190353,64.27127703339812,60.46764641971604,11.019215831975599,1487.9792530021327,5.846754554449976,Healthy
2.8132461635410593,49.754489053594384,66.91385455708885,10.53680762926225,1460.4797442950528,6.124799344727581,Healthy
7.535652580863771,62.43643471932776,71.44009620907659,11.100208037316072,1425.034588130905,6.379894954257092,Misalignment
4.307758398471577,67.29337627711956,74.10454519566316,11.037108136028067,1437.4682904278197,6.379491602110641,Misalignment
5.250257259312704,64.70694016155166,72.75739303571395,9.318154031093401,1426.7188847719674,6.637901771023639,Misalignment
2.980750565071946,94.66317112754194,66.4386773588216,12.555912563909104,1342.9955763680018,4.948560937282149,Overheating
2.2138512205105143,92.00262685008096,75.52316299306487,12.898616514835316,1413.695983918037,5.925524670650203,Overheating
1.9347389143650553,90.71988531379101,66.51181988125992,16.89352618607494,1369.5395736543521,5.30255480635557,Overheating
2.3098291136741884,58.40127002151368,55.768220675826,9.467951863065595,1484.3100239960393,6.504924525051313,Healthy
6.973237719899417,63.84442937716354,96.17936099135346,12.231394420712565,1482.3326433867023,5.81195888322704,Bearing Wear
1.2498455545739695,44.24619065153716,66.25952605917979,10.07805821426242,1484.1285624597324,5.500378499119836,Healthy
3.849841600907988,105.44086262504862,61.89362993113724,15.007224932544583,1407.6009973072642,5.451788423968909,Overheating
1.773399176988624,61.20356318508743,61.90711658521025,9.983110677635182,1507.4403434606616,6.116053799369211,Healthy
2.6897210864910166,61.24631126885946,66.00981660576937,6.112195658380336,1488.8035325147682,6.084846877227988,Healthy
2.304889816986339,56.30278436252264,63.38903708663591,9.732038192245007,1509.9636126035298,6.31157767670913,Healthy
3.3455936635948045,78.94368784496139,76.13012672161294,12.864673535744455,1484.7577595205823,4.2870261200210225,Valve/Leak
3.8781822488375726,91.24634408862984,76.65355344725133,10.846940246015256,1425.4941896267617,5.221501068221886,Overheating
6.252806065295287,61.0310226745644,73.66752643890209,10.286068541334409,1420.8266906428976,5.768540953644198,Misalignment
7.3240765738991485,72.3473449804404,79.0221616523442,9.512596855434003,1459.3286935644871,6.012768220447813,Bearing Wear
6.5511743815941275,72.86358387868495,79.98533943465631,13.679828196415576,1523.0194159049884,5.196758964942115,Misalignment
2.9948260915072997,75.02539457928194,69.54468994596567,13.844296535269311,1453.2439481150407,3.8530246182929386,Valve/Leak
6.759797957122955,75.0610740643609,82.07955582000501,11.566546945624943,1467.1065053213306,5.720481440981924,Bearing Wear
1.5402468838824694,49.31818121767257,61.523145170091716,10.404288462264796,1462.7008101183317,6.537438160530971,Healthy
2.4977166297274276,103.92380403638714,53.08933913999638,15.614168400077038,1365.6894891548634,5.890429072788856,Overheating
6.917814958447845,65.13930642074897,83.71671581330752,14.744886043395667,1446.761866102198,6.644120649570334,Bearing Wear
8.790117644568163,60.245844360923186,83.28094566773085,11.195835022011964,1496.1311680239141,5.8740995144144295,Bearing Wear
5.427844414331725,63.924026503723596,90.60430176467301,13.207511225484414,1440.9880170111664,5.580596082552971,Bearing Wear
1.4352384537840197,57.28834488975176,61.86258998435117,9.725410406933236,1487.9535593009143,6.040837741229874,Healthy
1.3329488457599532,58.07250990264351,65.13300664751137,10.320951420564445,1492.02431701983,5.956032273036095,Healthy
2.0326235639899273,49.26029358772695,64.1010807744163,8.365853752492228,1485.6555948857676,5.846310859981208,Healthy
2.0859943749631027,51.453559045910026,62.56103007063916,10.056796632622001,1467.6541209717561,6.535271828018527,Healthy
2.3154004667122408,62.082943647472106,67.00089267897187,10.579785453856188,1473.9468359798038,5.428118484985116,Healthy
2.547292157908693,56.771574096966425,42.777079751160514,10.870062154826467,1498.629983095515,5.8795111225094745,Healthy
2.313982707196688,51.57246603858985,66.35650558108843,8.732523076893886,1478.8551065792212,5.937199074891166,Healthy
2.1518969338244824,61.55184449786529,66.23870935930694,10.723664214741916,1446.081549862394,5.465619079649152,Healthy
1.9828824794582294,52.50960086250842,69.52661598727416,10.105860153171141,1490.8482548238164,6.395157552379378,Healthy
3.2955310839561847,50.29813848782148,56.96964205052939,9.057174281717494,1511.253165728546,6.320834349687459,Healthy
1.5680618125226098,61.924452503013015,61.8084385766943,11.410417968616338,1478.7970129843688,6.20461412897344,Healthy
2.5631220659381517,71.13513504714595,62.89417993420993,13.592928188472692,1479.0312186586716,4.69508060005266,Valve/Leak
1.9358949317484877,62.75985322538492,64.46154243864773,11.388546301657104,1509.025734089407,5.949760137877243,Healthy
2.387282591748739,49.25429106232787,54.365134138106,8.700688354004923,1477.8379982296021,5.866673176315361,Healthy
7.179229873238413,69.42628649970045,92.09344102046195,15.019468618698687,1463.6935102124269,5.521347791453506,Bearing Wear
3.0074423386563782,93.55924847731102,60.69199439410094,13.303669941166989,1392.888359549047,5.82163855686618,Overheating
2.912788071464248,58.37169036923236,62.1214746228118,9.693769634527426,1459.2507403630657,5.772042623258742,Healthy
0.719546591034097,49.95684108712914,68.01104880682986,10.368600212958993,1472.469522893098,6.159391928856008,Healthy
6.282097716462424,71.38746131573741,74.3944202645531,9.228010473751432,1417.5817839566992,6.411704797993249,Misalignment
1.2908449526032169,66.83814589591935,53.73095741877434,9.757075418386785,1459.252279986956,5.585599194034559,Healthy
2.3180750799230387,61.45265722609801,58.0691591398377,8.989856445815075,1489.572786333196,6.203185431571675,Healthy
2.1378699064533664,54.43716776828159,60.490754272779405,9.818348871376429,1501.4048745407424,6.891383800282351,Healthy
1.9967138760143195,56.27930682845034,56.71039099508354,10.76497837110482,1488.8235281816226,5.831811916782923,Healthy
3.013292837841771,66.17966016915375,72.10962667253776,13.284391004079191,1484.0104536527656,4.615773475037424,Valve/Leak
1.7639565317932346,55.008718750289,61.81654439834328,10.483754377765049,1486.0282441627223,5.9636952226112925,Healthy
1.6628490529533617,67.3970172607741,63.815351900768796,8.87251459682999,1483.7045866187284,6.3090734072128525,Healthy
1.9533991666963053,65.76561635040663,73.2525576660733,10.894460232917954,1423.7663857038494,4.468417373466963,Valve/Leak
2.4433756883161624,92.0316071160648,57.6459309357784,14.726680145682417,1367.7382577993021,5.285699126166452,Overheating
1.8716862322728918,51.476733451828316,50.052807876380356,10.367425845867814,1481.5798593521681,5.7930450169266505,Healthy
3.0102099829228197,97.88283056315461,65.48879440662152,16.45709828073823,1428.1909801042011,5.457086764130383,Overheating
2.024331139195539,55.22596377261327,66.48181898655511,9.101942121859482,1480.466192961099,6.475884001059842,Healthy
5.6309470146312215,56.46920117312915,63.64826528903146,13.076181189760748,1439.2553546375243,5.666370744365495,Misalignment
2.336628103187655,70.01279233562241,64.35435764204222,11.304071698522595,1407.375376354052,3.401171303885583,Valve/Leak
1.8696509584752432,60.1064388196873,55.065590193949845,10.534892111802879,1499.1329477969043,6.006631874082983,Healthy
2.0665114602638317,52.91689816737943,66.01954631028315,11.876533874144492,1508.9962366074192,5.139374706090573,Healthy
3.003327311024925,97.77834776253526,56.36342731148976,11.384834509446552,1452.2715899850157,5.276352272556088,Overheating
2.1170873538216313,97.34284785987329,60.887261567682515,14.362438463276074,1360.85090549014,4.8023199490463915,Overheating
2.1990949556444876,53.33124569380942,57.393191391591955,11.464900369075234,1491.8306009105745,6.458725212654303,Healthy
3.0405332321436624,97.41319349597919,62.24965445343079,13.85670183649454,1376.65558640467,5.6596236790008865,Overheating
3.4003790134729406,73.86427921045747,68.78014882895607,13.5394205747825,1450.8764884066757,3.8649346293363567,Valve/Leak
7.704416806185247,66.95637856714579,81.44168624654165,11.725539774359316,1433.4398304155795,6.4100476439529075,Bearing Wear
2.0073001167736075,50.33637513155485,63.6949472351832,9.388395100055584,1466.9450537783791,6.309045865230634,Healthy
3.4965523908644425,64.21114618117845,75.6275981027381,10.66040384421884,1434.8109099706942,5.176124798836396,Misalignment
1.5122658808148646,56.41123560883575,43.87521885739555,9.156453932760492,1441.5447806160123,5.902950330987461,Healthy
2.8262592042687187,94.35498292801479,69.19615470394116,14.03195983671586,1391.4003291924264,5.870658369658002,Overheating
3.202038033096517,71.1673190845952,67.92361177163762,14.100605062277994,1451.5884345030206,4.815626439678007,Valve/Leak
4.147027163604623,97.83224049853051,60.15732538473997,14.76346795182846,1373.9878840673089,5.51337122173899,Overheating
2.9069614851068453,77.6485847628592,73.11106991288011,11.649561529877106,1433.297588958539,4.335387805132667,Valve/Leak
1.662777510306451,62.956577414910186,64.06747468634798,9.374423634615205,1465.5548936836801,5.908874714514701,Healthy
7.256157493731777,69.92261486497443,75.17534756750695,11.677905560889215,1454.6892567903365,5.923304291306614,Misalignment
2.297093777046141,57.43802861824442,56.10598085762104,9.322290242653938,1474.228106766279,5.717334288381244,Healthy
3.5407615687592324,97.078448761214,58.30316711853727,13.638624932408696,1392.6285673098948,5.572777771403976,Overheating
2.0522040348039114,75.11834697620345,60.79622792638826,12.720803808334404,1451.8480703560442,4.1383578408866075,Valve/Leak
2.799285308905703,47.0025389970455,64.38290791366374,7.487842093868623,1507.8742229763463,5.182852263785137,Healthy
1.8051160852614225,61.45191530386518,65.42078011705432,9.56351090869559,1472.805015636248,5.6651364147470895,Healthy
6.491838274937838,65.0860988316956,88.22365607173691,10.654235337891377,1440.1305312474399,5.842842345948878,Bearing Wear
6.4101415828960775,79.20989920683675,83.77458879828912,11.460559560324581,1444.7462458579384,5.9817819953996265,Bearing Wear
2.213607700229193,56.279100950296204,51.056723079629414,11.794255603408761,1509.2162712152642,5.679774826902065,Healthy
3.1596360479176697,63.44482027301227,78.18569772221353,12.437855517097129,1500.5451732077204,3.787798314806867,Valve/Leak
2.633606303288683,53.38380260180585,61.36045871587871,11.092658755638013,1468.8790509833166,5.495304363780924,Healthy
3.4667461995503,97.33267032198572,70.30831586540545,13.588932921526114,1342.7705096959783,4.55889907748737,Overheating
3.368846112976252,72.82075053649376,71.6718385618829,11.282393262121076,1440.1282002259238,5.071665063995622,Valve/Leak
1.618201171186032,48.8659233595838,57.42152945527717,9.684569352777121,1520.9829207169341,5.924693049613618,Healthy
1.9706988181949576,56.32169234189001,53.59726711206314,10.402165534452614,1504.1783190454314,6.055468513300306,Healthy
2.629790693700895,62.046984140028826,69.1969885953848,13.372935948195895,1437.5841853783631,5.169850075513814,Valve/Leak
1.1036113305257789,46.13868720746221,55.07988098648091,11.573185406759272,1497.8184342110474,6.649484878223315,Healthy
1.895255336018861,48.76245256969688,61.74841962458398,9.80383183308298,1475.3065561903627,6.647220336421135,Healthy
2.665490722023842,47.05962669428693,73.44056116431462,9.62672953824463,1494.1436804654804,6.346509164778605,Healthy
7.982836108070864,75.22601905948743,80.72113299372539,10.948049663727161,1451.3592047045422,5.753802420925866,Bearing Wear
5.305704838864795,71.96565047924767,78.5133409247254,10.929576430536908,1448.1823387612303,5.081338768881324,Misalignment
7.345385209982665,76.6921930113547,86.19861600793476,14.187358499966486,1476.0381957407578,5.604668230371462,Bearing Wear
6.4084216862385714,62.75682223571818,82.65645088958297,9.89127386570771,1439.4831935127315,6.194178725442023,Misalignment
2.568960533880601,94.5435122213,69.05999256392587,13.25022800370822,1357.2431525236284,5.960233910797211,Overheating
8.20942891658742,74.55599038760464,98.07933584969179,13.67245805340982,1428.2776131437554,5.988107186892633,Bearing Wear
1.7729369180810832,47.937497996923504,58.56943409066731,10.5450342885347,1478.6795658973251,5.560252638700524,Healthy
4.689476748384454,96.950964518249,60.87965415200057,14.692675189554315,1487.5674431122434,5.748184943858358,Overheating
10.182750025584332,58.90452111825773,83.76392832773901,10.299893549950724,1427.7999367008035,5.913763873993055,Bearing Wear
2.927803531608329,101.88405453644816,60.78379837706225,11.914572410086766,1394.4277959137703,5.36466340397945,Overheating
5.573984708658863,73.11510748711673,88.57158106865039,10.40152989831527,1422.1823906618872,5.85459679760229,Bearing Wear
2.0893309913483944,62.34023264308031,59.70088659385843,8.786383632560758,1487.842069946435,5.9289381081921535,Healthy
3.332726011015152,76.14622441666995,70.21301299283982,12.92718361994886,1511.5885372618347,4.800276999453649,Valve/Leak
6.131205945880197,59.97128382052513,80.63693192966997,11.144294146718021,1412.684929585306,5.802743818564923,Misalignment
2.528664521492931,58.41518541560893,60.90816230764175,9.95721442637473,1466.3866224550031,5.147970942496592,Healthy
6.108825592576852,64.64220170791688,86.7361637476964,13.217240612959982,1446.1468234329689,6.363566774048573,Bearing Wear
6.837355447902066,69.69407692433442,91.55311797300651,12.158830623123267,1454.007067436744,5.138062753996831,Bearing Wear
2.547976136848791,44.62328868201408,66.71496326215313,10.499664488954231,1465.0495734327249,5.667180409437085,Healthy
4.129124645183537,94.28335537073902,65.6729586472619,13.030727958634591,1405.3913591130442,5.230438524572282,Overheating
2.905164689882371,54.52192976724787,54.759890593631866,8.633627952015026,1482.5423551472895,5.695641938202884,Healthy
5.0565962882457445,74.14150080745529,78.63901076924196,12.06944588891601,1439.8509034768008,6.487355584911548,Bearing Wear
7.945471948114594,67.8037120003121,82.12702961156239,10.791201793577079,1440.3650914847096,6.387457435607582,Misalignment
3.3716952947291983,70.03239100327363,69.04734103715968,14.365194341924028,1493.6477812183034,3.9035686353601635,Valve/Leak
1.5479331058648915,59.148503078650776,55.352624889687405,10.817603406021748,1490.9138068624202,5.781963262253688,Healthy
1.2688705459493868,63.2976629987928,61.59442932122748,7.926533643341308,1511.8375927164323,6.388885001687996,Healthy
1.5176397173793017,47.15466628080807,72.07723080905195,9.076618125838156,1454.7282287599814,6.1071676497400595,Healthy
1.509225800777722,59.97484597080234,62.3210529740969,9.613630040260619,1480.3661334586277,5.823011787919999,Healthy
1.619094308720174,52.09880340236286,56.946609312272834,9.274139148144245,1500.8782199283296,6.308046956805221,Healthy
1.4028031037287145,54.21361678434692,70.77643799144774,8.972294796303451,1476.775512205919,6.035488165487065,Healthy
5.541790125780511,70.77539986099276,77.27229311471727,11.845805323745076,1447.68139848999,6.257579328722395,Misalignment
7.331043966788334,76.62401979797957,81.08670640703596,10.330553223472494,1455.4193612541749,6.184174071593839,Misalignment
2.667591198585292,66.19704889994226,73.34770648835762,12.18271558627965,1472.8136276025034,4.092626667700141,Valve/Leak
1.2948309069592878,58.96613240777949,61.0302975759305,10.152192881771905,1519.0045659969467,5.847006640692871,Healthy
3.080216559231404,96.1882349614444,76.1090195232139,14.095710638620623,1377.3088080204695,6.248361118178888,Overheating
4.394821852790945,61.29578146785575,68.76706252978572,9.20003453368555,1419.109549868956,5.871913613890627,Misalignment
2.3147008060310323,57.91917154064333,55.5339499740114,10.884933261964115,1507.8246567279748,6.157828356618464,Healthy
1.3676538501500106,60.272179038026636,68.90415274380709,10.322952399046837,1468.1128544326502,5.9352020576048625,Healthy
1.8197751734198528,58.239915318470295,61.39732055835171,11.003936605971369,1487.4180508955644,5.654364810408727,Healthy
5.437158927212144,64.06764961690774,83.97356845707294,12.954899591647628,1455.0980360133976,5.947505518733448,Misalignment
3.1760066445840667,90.25995622137768,73.1526094828296,11.590841465314266,1415.3793733332047,5.150304248939852,Overheating
3.4662477332177395,78.13181213269259,69.63585879441051,13.913459860217834,1443.4382475346974,4.322769192386611,Valve/Leak
3.26567958251199,91.82393782176017,63.604788162182835,15.523484093821908,1356.3262153228736,5.122273946397019,Overheating
1.7804282027291012,47.73470901825156,66.75409333520955,8.900399712120093,1476.0113997336073,5.752191742525161,Healthy
1.55769027117433,58.57139618846731,60.55411762153456,10.983653595210892,1467.8166357691655,6.853208707979684,Healthy
1.207432546038853,63.76542423858214,62.37020833723192,10.341386083056076,1488.6255061463603,6.22848290806018,Healthy
5.034095508374895,69.09095452536395,78.30339105769116,12.42843114673983,1482.927232307035,6.032190431857305,Misalignment
7.772522931202136,59.909250324985294,76.6898209683619,10.743266073579145,1417.0812394944562,6.205720048612608,Misalignment
2.2566207456340655,50.92156854918315,59.1296251731267,9.2304650201593,1476.0185682404508,5.952495110053036,Healthy
5.740611485531259,54.37200837734677,81.97545768660393,11.449259374026024,1426.0696869633982,5.7251138532555625,Misalignment
7.938048097086492,65.25922444330018,66.31124428259263,11.327740033285242,1466.1851510610452,5.9625738673413995,Misalignment
5.810710856770411,64.49608643368458,94.1299479822817,11.892503917144763,1399.638267559641,5.953653570337785,Bearing Wear
1.7755522665583343,49.89796621955595,54.68052550113562,11.086633815466339,1484.950257116102,6.191457465864714,Healthy
3.229382093438275,69.18963201943055,68.76502387311534,14.397894166510051,1495.3647541954779,3.588954006120125,Valve/Leak
8.007142430792397,81.29247839329437,95.6917574879845,10.80636327758025,1488.2513835461748,5.823454520842806,Bearing Wear
2.3941393404106432,48.680179787176186,62.74986978313588,11.00569659116929,1479.5968948994434,5.901473429077352,Healthy
6.683617516550934,66.04374183906955,70.38908042644957,10.6741600031236,1434.6350974738332,5.676545684378932,Misalignment
3.681688333625691,95.01606276505935,56.25033676398276,16.024132545277933,1400.6363713986514,5.060258597403876,Overheating
2.5145674705166963,57.79045776361821,61.05342856734526,10.863648001264604,1497.2179679259343,6.077775228021413,Healthy
5.582858401384742,67.104710119526,81.98515687439675,10.89709682868403,1474.2943221775017,6.049260989380965,Misalignment
9.886131360788767,79.9160692973106,95.07165546632929,10.803579512449714,1515.7654750646886,5.7671132823520175,Bearing Wear
0.9203757932933805,56.631454122769114,54.5832302094868,10.408253828546991,1456.768697335246,6.719079935117922,Healthy
9.735845890899492,63.861855811044926,94.29507546824786,9.29593137445076,1456.2422642942288,5.5473507520232195,Bearing Wear
6.380204298509406,64.51170288789203,77.44187016009585,11.336359789602795,1453.480851918606,6.265477742650408,Bearing Wear
2.583270100647193,47.6091156402145,57.83515297145629,10.711004919136425,1486.8638151158273,5.655529954136329,Healthy
1.7343634090237594,51.11318219303139,62.43473880248404,10.006169365334236,1469.541753299428,5.777252589901158,Healthy
1.8021258769705677,60.50004717743718,61.22275231494082,10.958594080777345,1490.321370753494,5.755101517211272,Healthy
1.5365728176481022,51.6438209445124,56.257085648541704,10.98101992685972,1499.411769336994,6.884751856110658,Healthy
7.597448306064415,72.95633602832065,73.83868120980569,11.473555396940235,1467.2219974742363,5.876430150935096,Misalignment
1.686331289441274,43.199807406684855,60.35235808244239,9.290130672546574,1458.4930275276633,6.168876660057726,Healthy
2.403039945640309,57.417996576302606,57.999033941513744,9.93668974715554,1456.1955781169152,6.300135441346151,Healthy
3.1832949682126808,75.01134227803878,66.14550751664966,11.17713007009488,1483.9329593728157,4.544359206806204,Valve/Leak
6.4091101991300405,71.28986719358974,80.6935040154197,10.435441163568004,1385.3371686369724,5.3731139441612985,Misalignment
2.7311585666435794,51.357772939293156,57.01836073495322,9.383088901881681,1469.3653840742268,5.995509262365349,Healthy
3.759051969428866,71.13107353194212,84.87480744835202,11.591714801739982,1499.7466542956226,4.895672698993243,Valve/Leak
2.6839515091905057,89.47221310322062,60.450892873802225,13.999091075337713,1400.8278393698545,4.859057893223534,Overheating
2.79238651426955,95.39367366330313,61.86881283293279,13.599485691362249,1385.6848755502317,5.498827829669896,Overheating
7.9658396182492845,71.36331962259266,89.22569812239702,11.985283767291849,1456.9375766531766,5.703477726926692,Bearing Wear
2.161311214757962,54.209625727435494,59.0604493272434,9.890760658753003,1480.6088784735407,5.977455559512432,Healthy
2.3824502776341303,59.14037996274085,68.91928418950373,9.39637028935524,1493.328774503042,5.236345073486927,Healthy
4.543417884992815,60.078344482138576,76.6611266450791,10.378500964577688,1407.2493946999127,5.706073591000662,Misalignment
5.880531524298708,69.67507081466478,82.72806229276398,13.229836156993521,1475.4376526224853,5.065887281025555,Bearing Wear
1.6946220467705944,56.18146099298337,55.30545629808352,10.371134602709784,1531.0269790724221,6.050866224514013,Healthy
1.8839193826622296,47.6548502138099,67.2448164308223,10.31288310759661,1459.022041874043,5.593472683948499,Healthy
6.931995393338487,59.24505045631514,80.56704670933586,10.908366448043097,1402.0926984497871,5.712923829370809,Misalignment
4.611786663454662,61.34053522026927,79.7629179231746,11.216457043453635,1406.2627754522584,6.285917294545929,Misalignment
2.1656953342590404,51.93801706208243,57.70847690082821,10.284676065298399,1453.7614187757324,6.531113952453245,Healthy
2.8112361201277833,97.13662695458484,70.92901021424663,16.933341257851534,1462.279253419628,4.805784994656483,Overheating
3.3504817760382535,69.03469621858841,80.69660047024219,14.955250207363159,1439.6017464685317,4.118799990047139,Valve/Leak
5.80487155589383,63.872838253333086,79.7712895737343,10.111535336266165,1351.497511851327,5.258182767106073,Misalignment
1.6721542055014642,55.935872003076064,54.6010304723557,8.788899409740068,1461.4110516469577,5.553738399536088,Healthy
1.7013563020524671,58.44528408486905,55.05235307465189,9.642403371670229,1469.0995464016646,6.323553990415027,Healthy
2.525348361699597,49.23814911997596,59.7531669578259,9.424108982970068,1455.479078042288,5.972995583605977,Healthy
2.3176729576590933,94.2352701089734,58.43884190203725,11.811158342143987,1368.509906826284,5.320006795348328,Overheating
1.8869874924603869,46.75833679648315,56.87026894246514,10.501758473403674,1452.8350985421093,5.857941722061971,Healthy
1.6088665389881651,56.70762198080424,52.394368603074845,10.888449572932206,1487.3160146618739,6.0222661614037865,Healthy
1.8353254703816926,51.91071943769044,66.86272142048622,11.840765802234795,1466.1312458776447,5.954502705156874,Healthy
2.937483998551382,98.5675310524279,68.90201798744191,13.156543136665183,1416.7709865360105,5.497522922196025,Overheating
1.5051736767858,51.73791537801816,64.64259925401302,10.961358162313328,1494.9982583664323,6.176044281306247,Healthy
2.926198537809042,57.064131535782195,61.38780224777415,10.407597055421634,1489.5072516732841,5.438231133709047,Healthy
5.765294050621549,76.64287004592406,94.92460062150168,8.746428119381738,1496.94443835615,5.834688549412611,Bearing Wear
6.506467154584897,72.2019752679996,76.04871216678748,9.636545541187083,1426.8297534868036,6.106262418442722,Misalignment
2.328865861076335,54.67151305679778,57.02245340442565,8.914021616688458,1472.1636923493331,6.081828659880131,Healthy
1.6099617946424885,45.016539776128006,56.914625730109805,11.197314734287223,1456.2776723654233,6.281263898344532,Healthy
4.16283050500588,95.80108028234727,69.2921722789824,11.945475796344812,1337.0634138635778,5.511479243631758,Overheating
3.8755234273993926,91.58742715159211,65.96697742180822,14.238667334829461,1394.7442357769414,5.4710100495464,Overheating
3.2237659267079706,96.17029988117046,62.799941170219824,14.99866139903535,1441.113263537292,5.770950518390185,Overheating
2.0498228834309957,50.442842185682736,60.482773731499165,9.092463302980086,1505.5432667470957,6.3133325876079365,Healthy
3.736205463136847,70.37640173055802,67.44634153883544,15.090068594440183,1455.8720087456895,3.5227096787640004,Valve/Leak
3.1006429677846046,81.0356647438739,71.45781806788509,12.975998215183944,1498.1530202193671,3.4307668274815066,Valve/Leak
5.112637028144792,54.02460110713358,79.36588214008302,10.442581586017061,1457.1610412493972,6.055634596493842,Misalignment
1.7723002595796762,51.17875928007476,60.4488043760986,10.91916818330817,1478.9923598903251,5.719225470947083,Healthy
2.1020815076619135,52.22966232535731,59.6412970630513,9.761221217751341,1471.1113805063092,6.1175214243038045,Healthy
7.965278944650784,68.78983857342256,82.9684116473707,10.181399628598264,1381.9716568781894,5.894227897711937,Misalignment
2.350580859079715,61.05690786163287,47.31727320507397,11.252976894884208,1486.7092525285927,5.382394661949995,Healthy
2.0847412884164815,56.90614649289025,64.99554575157681,10.430275368430715,1450.5434980306063,5.9427894920868365,Healthy
2.324530940279446,61.989851207920196,53.79274018723837,9.32853623946759,1462.3526135775567,5.818437891224665,Healthy
5.556930877898841,68.26265086349513,80.32689885037988,12.101759261329278,1396.4545671389105,6.4543715777890895,Misalignment
4.086875951866018,71.05311108169383,65.48894516013833,11.818910570223899,1432.4555028356294,4.2058452033324345,Valve/Leak
2.653279220493672,52.572214418188246,59.806558664598555,9.895812446598555,1467.2943950026972,6.2942998119042475,Healthy
6.141823175119606,66.79152719597963,78.07725623978742,11.605437019130388,1404.8453013163444,6.258531419497179,Misalignment
5.565383805019735,66.17114845723086,76.72238738362526,12.081783667164125,1398.6153311454445,6.4299937414616775,Misalignment
6.392616099101682,66.7794514008572,78.99179344994452,9.388627674364885,1470.3219964107761,6.592354560168785,Bearing Wear
2.239657667255713,99.509499134872,64.77181545664288,15.251628863412723,1395.9311790740464,5.267749000293449,Overheating
4.141492693292845,63.13909392610921,90.68967624531221,13.787849766268266,1492.1849816527695,5.9763477385792125,Bearing Wear
2.4919947766502863,102.9479340592918,73.11527119341777,16.043971614510866,1390.5499014092081,4.9773696533701735,Overheating
2.0074035091151314,62.82782410045726,61.13895650061106,10.016681178880772,1481.4699029628691,6.159943531905075,Healthy
2.4928237961874027,65.65427763224659,78.22335112842819,11.03075044667718,1500.9436864801194,3.24466065137315,Valve/Leak
2.4859269852917234,55.00170944539137,53.41761598119079,10.426428154125997,1481.3400868360097,5.913580684623209,Healthy
6.95847280056328,66.50847032828587,99.60719601309495,11.639974272274841,1438.7872913854267,5.583345541804884,Bearing Wear
1.1804665610522167,56.79716210949709,58.80355014061798,8.576599895357989,1463.6184734427377,6.126781597562333,Healthy
7.311476713864051,80.37491937211811,86.023604063304,9.819731282213256,1424.5961121445932,5.685837704501895,Bearing Wear
2.076006922557959,56.562214710390336,68.6526397755943,9.996280334912106,1456.9561110624818,6.461522452099427,Healthy
2.1162215470029846,53.76802802395519,63.112732012745305,9.78892018632047,1438.8858214244503,6.225389713188987,Healthy
8.729304676455195,65.6154493422846,86.35699189516764,12.371699336779475,1452.5614767911145,5.845942415314486,Bearing Wear
6.211749401582817,68.70340516997676,81.10143762292158,10.243667579306361,1424.8309593563545,5.730956752044937,Misalignment
1.1919842923469868,55.121112279264814,62.39660184772644,9.844900248101128,1479.8208420720582,6.167374771163653,Healthy
2.664188376381571,87.97032731399666,64.54779926503193,16.82534189505492,1353.5639776628645,5.760054278232113,Overheating
1.1075726244845916,97.4613351416509,68.01705318536547,13.598997197930219,1374.1424575564113,5.263735058990408,Overheating
2.7885327778185562,69.05533774345939,67.93314848390533,14.428950188615953,1429.6392805271216,3.325470788364205,Valve/Leak
1.9039911203297089,53.05883853758732,59.443914381336654,10.209276700779126,1469.5189754576327,6.202372451058921,Healthy
5.698173822150814,53.92651872357624,80.86118567431888,10.82391230344037,1450.1031227521148,6.0906298337065,Misalignment
5.992224471425653,66.94113696369587,70.19357793694027,9.828821443770268,1426.9668219948423,5.628089447841694,Misalignment
2.1875722146535552,51.417593049397304,58.6422978074721,10.1330065819881,1478.6399408770217,6.108698413173706,Healthy
1.30467162576496,44.24547716248045,58.131954775540045,10.560492705098357,1472.7526193087285,6.49462564536209,Healthy
4.085756851401583,101.91142063558583,70.25643432587233,12.1947325486895,1400.685626718928,5.9891093949929255,Overheating
2.277179952499484,48.06056347442189,69.59394965304034,9.208625597434583,1440.111497164996,5.859549704869973,Healthy
5.6978498262506,85.35107099862668,82.71975533498068,9.858319248030313,1450.7589365969836,5.44087850198721,Bearing Wear
1.5552276103069798,56.35366855067579,54.26470481563771,12.599028144790553,1490.0724744005463,5.941797681007013,Healthy
1.7232000083753178,51.19543260096241,56.05801636909407,11.678328850461952,1468.9477208455753,5.148232437344632,Healthy
8.113269543998966,68.48605566045198,84.19551039918177,13.75472167712864,1426.685002324831,6.052967088852362,Bearing Wear
7.6910519641028,67.65318849538205,83.55070495086586,13.230200486266916,1472.440744230475,5.733828805838166,Bearing Wear
2.7995737922408273,57.946654057489845,58.044290956710576,9.346915636710245,1500.4979501388427,6.046160034421264,Healthy
7.137970210675112,72.02678124782194,84.65986511541537,13.805530300264492,1487.7801542863597,6.01275524768072,Bearing Wear
3.0059477376967556,76.1419860300277,76.02673791323164,14.222845936019931,1482.8999786934587,4.515594597040843,Valve/Leak
2.6222129503141565,71.06867527463874,68.7129371400992,12.558319426283429,1410.2806989146266,4.887432402854124,Valve/Leak
7.203777890495316,61.46883293395068,88.72429438431843,10.821905946089704,1415.9211422767282,5.877737385792682,Bearing Wear
2.5980886327395387,73.03073769119773,74.7999367218065,12.017919414553946,1435.2201881502126,4.211741833341137,Valve/Leak
4.023928634302438,65.57202241023779,68.09219739237771,14.410943230090306,1509.3273634034679,3.703454500345623,Valve/Leak
6.3811000946098595,62.111284289034565,71.20384122745024,11.244470606368907,1476.4825986121932,5.376207081960246,Misalignment
2.5976615469919784,74.0747515275492,79.54510432661117,13.390388310762534,1452.5627237950202,4.55908781134737,Valve/Leak
6.521351049594614,63.976595008110905,79.30576448494519,9.605768307449784,1399.5943512771896,5.336428630052822,Misalignment
1.929323246833161,67.84901054959909,63.35494837258715,14.775611475446588,1435.232991195604,3.556727148538329,Valve/Leak
2.8434105772808302,54.41966460377157,59.80640346761468,11.290757461078476,1497.5645867643289,6.170165993844757,Healthy
3.36476632502929,86.83529542788388,61.88162225303701,16.147193976432874,1452.079707389645,5.67499387973415,Overheating
2.154244930411795,67.92316542831558,68.9698058119677,11.499506619392845,1453.8421569104441,5.083647619077678,Valve/Leak
3.1531786402727255,65.89466748588907,60.16609127972496,11.526164289348355,1418.0152712989748,4.237517631120754,Valve/Leak
1.5173550235903268,55.739596699545736,67.34496908116142,11.957697342347236,1495.4082070149843,5.930063798416662,Healthy
3.946266988574573,59.956631173256646,78.8924142267785,12.346495815288325,1446.6259261265627,4.022536013707041,Valve/Leak
2.2221220224108635,70.2911157918543,73.15166323898734,13.262285499128792,1469.5203628590368,4.038015643809386,Valve/Leak
7.056416122002855,69.98219656081356,77.13805116421568,11.938892608723679,1456.131817523442,6.970603162673659,Misalignment
1.9556279316823593,50.44160356326565,58.694298726204444,9.66821514440002,1490.2284513545173,5.71989750192428,Healthy
1.3052184970523522,46.837374318417915,59.324419960373255,9.157440950804489,1454.835322920314,5.745172017998063,Healthy
6.0101343312342195,61.89764605842869,72.30432820874964,10.995134281778707,1460.4272471220627,6.488298186195516,Misalignment
3.1804344950164163,93.90087789622496,67.4062431002954,14.585329040876209,1453.0339073235366,4.7445181483378285,Overheating
2.169594934563822,54.868580212289444,55.30413483951944,8.700633320759522,1496.1264485205772,5.697229659841434,Healthy
6.856572860009898,67.29491450223033,74.42062951270883,10.085448407238971,1426.5967566988852,6.386235040207683,Misalignment
1.218011191630203,51.86117338543795,59.86678156603397,9.503708102116219,1492.8563315033405,6.4355335777793385,Healthy
2.280216171878052,56.36049776011836,60.04754045457659,8.706441300185304,1459.4401658479474,5.459632609211229,Healthy
2.116139015627186,47.75368807609312,60.362975235510035,9.124783671739792,1458.616013129263,5.749860233375716,Healthy
2.303329558979643,54.15997790975536,64.07607028493794,9.55650364789373,1471.8862787623264,6.749353056325383,Healthy
4.02758499473576,104.92714422587497,68.8290874813075,13.504294295943463,1457.0760828695898,5.371295456044001,Overheating
2.689385324646669,91.57883756528878,60.26688437540209,15.665011751163448,1369.0620658951286,5.488141204431451,Overheating
7.03697281809903,63.06444373466356,77.9170850624486,11.836068134855875,1481.709167955428,5.976165475095918,Bearing Wear
1.9350414100104962,53.32179867424741,63.95570319247118,9.436822837679198,1496.688683088954,6.494378775573624,Healthy
1.652777252183396,52.27152246792698,52.66518687123293,9.530597268366142,1506.02899474439,5.581769783065861,Healthy
1.7832777710234613,65.57017818551377,56.590934673422865,9.856018050177841,1461.796338696152,5.724919690565669,Healthy
2.23726834256949,60.14408889588725,53.42205349504984,10.654828453157915,1460.5711336655907,5.465072594786859,Healthy
7.274246000093696,70.3200747177949,89.30535047576599,13.310349476450515,1494.091880175811,5.323862800677666,Bearing Wear
4.505849191756461,92.8026199012878,56.65754158463412,11.924751630396322,1381.5259447626515,6.3056566361229685,Overheating
2.5062527065985494,90.88758644985622,58.38638837497104,15.311864044520584,1396.3172502112366,6.339931803904973,Overheating
2.414968158028635,53.78947584628661,54.54484830913256,9.12641901967082,1452.6150611222183,6.364157887927236,Healthy
2.476250269796033,55.679572011537815,58.53590822114777,8.83039716503145,1486.0326546592535,5.912546793421282,Healthy
2.427671459299521,98.69664664098222,73.20424208111268,14.408833871989579,1431.4116581096753,5.728756098471032,Overheating
3.297248337355063,99.19975311041306,64.81861985742022,12.838417196475861,1351.6729725727532,6.00676962625467,Overheating
2.3729322498917162,57.08008315191881,64.58892672447865,9.485287977416782,1464.1854017103358,6.151348735239903,Healthy
1.384485831696861,64.69262771170173,56.042959170187274,9.006367288014985,1475.1572846364124,6.501143427663165,Healthy
2.5849418072877244,50.44263249271849,61.32262620054127,9.3239930382762,1519.8383370800402,6.04984803465694,Healthy
6.638690413794771,70.53782244941013,86.06605964657321,12.658143725281981,1449.9578617695306,5.249135033356513,Bearing Wear
2.303329187420429,51.650585968105,63.363906398491885,10.03171813295781,1475.6451968646702,6.477657557015837,Healthy
2.4597432813882802,102.39457225807266,74.15024581576768,17.42898872700755,1402.0142212135322,5.6831589518462176,Overheating
4.020060217726627,96.87855160804857,69.63074461723033,14.689660700666783,1420.8889576763352,5.132652305239968,Overheating
1.7386154009610904,49.05552273210739,51.74197387894542,9.576372501407851,1474.7223534712748,6.042014830411137,Healthy
3.1316855705240756,70.45853293481655,64.50924210533876,14.052482917001461,1457.454444567765,3.9831051024965456,Valve/Leak
1.633627826322646,52.34663038294447,57.18770843354906,9.712662581999531,1493.1150991363618,6.162844827416243,Healthy
3.969383273689607,106.73853063940746,67.79579239835415,14.814657833560297,1380.5033688945146,5.8304059589982,Overheating
1.2647722378092108,62.63161696123878,53.754092026836645,10.4388517895956,1462.3933725433328,6.450667049116733,Healthy
2.264588903711593,61.231823547381,60.036685379155614,12.234174680826051,1494.9233046698582,5.639779376150523,Healthy
1.923748986892466,53.7478797078117,51.71430386050396,10.38686454444346,1452.284940421189,4.989837087791047,Healthy
1.6220531733038812,50.692314936822235,44.484520248172394,9.149157124046951,1476.527162696546,5.7463384239615625,Healthy
7.392660648475562,67.58183720127587,80.13197147050992,12.109126689648448,1399.4341769879986,6.075645877074479,Misalignment
2.6512316175612165,90.25624009981826,67.65203229608221,11.77755669231848,1356.4798166773483,5.233297460966627,Overheating
2.1094562607778324,60.161854397760656,55.39064972818291,9.024527028732491,1490.4782393749933,5.680533238357186,Healthy
1.0716175803741255,56.454230007067935,67.70645235908084,8.97071108369962,1500.4340722344023,5.97624056760402,Healthy
1.5526365721859359,50.21766333598114,58.41736107429687,10.419514288446704,1516.9784567448287,5.427541682032605,Healthy
5.924822976507146,62.39212323106422,85.57268611965739,12.002219986780272,1395.5859295875139,5.8072602111781855,Bearing Wear
2.005913859567488,61.34748246603045,62.31533980537969,10.17751709440709,1469.4246848519322,6.02674706033791,Healthy
7.556999611370092,69.40468741711874,86.30425794363349,10.02515726993688,1427.9698967566678,6.083023901018394,Bearing Wear
3.0655190135875534,80.87379440619091,73.0481164987682,12.720246978564322,1429.506181173986,4.919366625014457,Valve/Leak
2.899155711465259,65.83423727751958,53.5652984660862,8.715666255872815,1422.7360017486187,6.367344854811902,Healthy
7.117334800151016,62.643200613739594,84.46579786525137,12.277058242511558,1473.481770006375,5.909194765786114,Bearing Wear
1.9379345650429758,60.90740946962626,63.15865038721721,8.813066929299175,1507.7844073531248,6.490228609086055,Healthy
2.1403588524937325,63.293057844391626,51.83343566863963,11.241224524059652,1470.4758660285129,6.438070978564154,Healthy
2.129951783614233,69.02088113978586,76.13037443899579,12.747750542416153,1444.4628646320473,3.88591397110249,Valve/Leak
7.750635030139963,54.29558314681859,89.00342223671643,11.203746228976131,1447.4067240589648,5.725495301141038,Misalignment
2.096256506065554,49.75452003831482,55.97159280871235,11.184567540891253,1448.9530630928157,6.176415641325416,Healthy
1.5196464252622124,64.859659259847,55.22748719369281,8.869898000265529,1476.2605459295892,5.6925765463591596,Healthy
7.186479155981669,71.40794839380956,84.25665491653862,10.946757445361662,1469.30209128038,5.7553228933983425,Bearing Wear
4.035995589368266,71.27212823765129,76.55191960897955,14.47220613653127,1492.1918208856448,4.54557890405555,Valve/Leak
2.955170816544282,70.53527928910027,56.99862597992124,13.862568166897434,1466.111639159627,4.612762133104314,Valve/Leak
6.664825161953526,58.11246468569278,69.15367195369215,8.523788400278619,1425.9695241250513,5.59098976488856,Misalignment
2.167326188982654,52.87246402901186,52.834544965981685,12.544766772752098,1479.2597875902384,5.5667347788257215,Healthy
6.792228437188955,68.9485242264568,92.81298563827525,11.880855063551689,1505.6562451560476,5.627030822395158,Bearing Wear
7.02198019432783,70.97576152355839,81.55936108714407,10.727988259119865,1429.8353221917523,4.90823097337453,Misalignment
8.309505013515977,75.3810188791353,84.4810772739395,14.548709164394936,1438.4798414696559,5.51354407039204,Bearing Wear
4.877534975163885,68.11197515851768,76.44240905804304,11.609979446373051,1417.5688654420637,5.876770808264299,Misalignment
3.3009804410488375,95.59304873035789,59.49736169253268,13.843013701870104,1389.6860279171933,6.205724774002997,Overheating
2.165713089433351,49.54615823660819,57.21063277964865,10.27681895369223,1475.7727401827378,5.997603657514578,Healthy
1.7531552144007212,59.4207326740772,58.472601283811976,9.902444538447428,1487.226225491757,6.090800080465934,Healthy
6.3169644014847055,67.34515330778088,73.37313742917429,9.93122890191448,1387.1708329174141,5.23171594094308,Misalignment
3.7872265891058743,70.9686174948855,70.89565494351264,12.186440972119804,1363.9237991625364,5.805962439246687,Misalignment
7.855851476170698,67.97640723585525,73.34213619082911,10.016267216773603,1491.6744128967814,5.66070351949851,Bearing Wear
1.0661751029042796,56.417675523513154,53.48580543456222,10.40729017984018,1471.6076903866199,6.117481114230216,Healthy
5.1122607279266115,67.4357648091279,88.84466570264802,12.591090133615554,1450.9279260200417,6.159252741204137,Bearing Wear
2.028138157007609,52.60116560153137,64.78308988376727,10.291528547721764,1468.8608377965325,5.404388101388879,Healthy
2.4047479590522878,95.43238611493729,76.76299841572286,15.202264312599963,1464.4459835530797,5.28475007498354,Overheating
3.0213351943615128,97.19610152461149,75.10420856519781,13.582031263775441,1400.7701781470614,5.138714139396815,Overheating
5.439373101713365,70.11355207909439,66.75043379127574,11.548638071833608,1410.6892008181082,6.1922070557320845,Misalignment
1.7323305425658544,53.067201915620025,55.7480584997068,10.837787755320859,1459.0272530114917,5.893168544506881,Healthy
8.936193430538223,69.94420839464911,83.54493648076935,12.410452297674041,1387.7960735297672,5.320541719723712,Bearing Wear
6.144437019120817,60.395000264539526,90.14667190700551,12.389635094335983,1454.2079574184752,5.52240353953825,Bearing Wear
2.2572247297205297,53.67551973048359,62.222861196201826,9.203939518174884,1481.9497062597943,6.4569993131704395,Healthy
3.9293121634647634,73.7134104925975,70.18968372914648,12.461453300608703,1414.8128810870646,3.527550151799754,Valve/Leak
6.870053861045884,78.47333817283895,92.88879477625376,10.970270787770122,1474.5497714526705,5.6091724541704355,Bearing Wear
6.806017728106745,71.21046406073869,72.53678322608651,12.014303687180924,1373.8155789163618,6.418486272615545,Misalignment
6.995526402417163,57.77538096585728,82.66800467651572,14.033219099420327,1437.1989432489156,6.085385104390083,Bearing Wear
2.5313345697998493,55.957504826020624,55.340942344509486,10.056450679848943,1512.0243380740242,6.199058031214481,Healthy
3.127871909566654,60.796078512806105,64.0836695769923,10.317342465244375,1494.6054766950222,6.3050928292731365,Healthy
2.1974681064147243,54.195970703321706,57.50111863431712,9.804562719955761,1448.883026263556,5.278155959985128,Healthy
7.554589383650711,55.52192723672633,81.54169275158955,13.320827600094795,1441.599568788381,6.298001981519344,Bearing Wear
1.3216443953446433,54.28337950575584,57.75955287595648,8.6107617056479,1450.9145135028946,5.6775913815033086,Healthy
7.339875732692035,76.26528083928652,88.08186973487422,13.125558360421236,1442.001465355889,6.041200078645156,Bearing Wear
2.690969331723052,83.38260569337376,56.017144260715014,10.752034843231167,1469.56749385334,4.067508825733775,Valve/Leak
5.734466858603478,64.45356521882931,90.35401922278548,13.818615646596658,1499.1868769569185,5.164395511116265,Bearing Wear
4.5643735254994775,71.44428502885005,77.08612227209765,11.08019921646972,1436.8888608154234,5.877288689144503,Misalignment
2.256586394892452,54.06930747173157,53.99839243260354,10.574285445358058,1471.4842472745484,6.090993394736551,Healthy
3.623965140557366,73.32097784537365,64.69779895085917,13.386403868246239,1468.8672181118266,4.455666487019436,Valve/Leak
1.6920086074114133,58.33967833590266,51.37591381079598,9.880015184711693,1474.506802303847,6.579138088072112,Healthy
2.303994389085805,46.19110688563721,58.24121017655709,9.153640132566421,1529.5102224659106,5.733281297151457,Healthy
7.151890962730204,60.463130254380076,81.84378753674132,12.607149768973883,1452.5716682572386,4.879835611196825,Bearing Wear
2.5104108307234463,57.94111463656468,66.09016675912602,9.014352662576709,1505.6185907055813,5.982237580684327,Healthy
2.0016522170418867,44.76262253642844,64.24627285653573,9.556486322025357,1472.4754077726304,5.418761427572092,Healthy
1.7394494130985763,62.8751788745626,57.843784192035734,9.072254797850722,1506.3905834805962,5.970666100399908,Healthy
2.102861841801816,69.25425987182247,72.57217494178599,11.440984007489376,1446.5228076457047,3.9897767812962712,Valve/Leak
2.739779822819132,53.50023433508508,56.54749668793719,12.746370632024671,1471.3362929295315,5.923736735532321,Healthy
1.8616154494451862,55.38877431507981,64.60398238796637,10.403987723273406,1501.5419112673285,6.417611469842973,Healthy
2.1881559850318877,60.543683381343115,54.44395035998759,12.4982112022383,1469.7482973894478,5.859614031372409,Healthy
1.408924596022801,59.87017034444868,71.35096638821126,9.432759889191653,1486.9463305625504,6.088066638284865,Healthy
8.218714464517397,72.60486708990793,73.80670359509627,11.528767635709634,1448.8417352822669,5.8919637475329525,Misalignment
1.6006118907184892,60.740763254646076,66.25653997911024,9.792432635160813,1485.2211078812018,6.4789055285318575,Healthy
2.6429180553289147,107.10722828889587,66.49653858101658,12.306175872944848,1404.6912917429486,5.90857423690731,Overheating
2.0881429085955463,53.137927227037565,51.79000936781526,10.081927255130308,1477.270395364791,5.990363899120944,Healthy
1.48933122402293,47.72598583200877,56.546550298626876,10.859252114076064,1484.661405874535,5.972330668221364,Healthy
2.700868053716631,99.42294535014328,67.52391881242745,13.284201695340927,1295.5439139412879,5.2300609479353675,Overheating
1.5464470311486191,52.934121084301474,64.08275064097609,9.962703547043485,1499.7939209580989,5.396651165741838,Healthy
1.4487823113239997,92.44053482097891,59.771712723511634,15.921879250142574,1416.3884802337402,5.905931798237205,Overheating
1.4901409514416786,49.742185027307805,61.32719640385429,11.810161494193425,1488.2476458404099,5.850092908284966,Healthy
1.9843498341241013,65.13321280089079,66.16804282917441,10.259959004150366,1482.194639356122,6.119741356147951,Healthy
5.586802047024404,60.77960526311682,80.16110130277433,11.021982730571983,1458.4618380744491,6.5584634995105775,Misalignment
7.430258175484084,89.20145788310239,86.2421207696789,10.364179788230478,1441.5632430348403,6.420673884698217,Bearing Wear
5.24754039584702,70.53213402984258,73.64189678743483,10.889754213023505,1462.2011846039188,5.613271529738416,Misalignment
5.333336834964957,73.49068266045774,86.55479256298477,10.961150230081005,1415.236251375786,5.691770749940453,Bearing Wear
1.582091023085372,51.68657989023719,54.04739216326811,9.632587110897829,1486.7615798143315,6.846067662817236,Healthy
2.9624253263340865,77.17761963591079,74.17729331098147,12.30680702275998,1517.5515018357519,4.187808323853024,Valve/Leak
3.441078869828906,97.07523420567772,72.62698834437295,13.115136891305045,1431.3352899541082,5.565827378153991,Overheating
6.742017460038066,67.89750786308127,89.39244092455607,12.53698988563497,1425.391170930242,6.338244914565703,Bearing Wear
5.9257958095039465,62.65884444134442,76.82065448436792,11.660485224026784,1382.177747780875,6.050272369009133,Misalignment
1.118041120025783,96.17713795247174,68.4730456719779,14.871317471396818,1432.097934191233,5.3689733631927,Overheating
4.840306801881525,76.55333944340835,89.21839296276606,13.752733396242704,1428.2457592346757,6.121534569050145,Bearing Wear
1.5652532206450944,55.62988608253918,63.316038149132105,11.679012447897025,1475.198718692032,5.653700111284374,Healthy
2.5185078384829946,85.32616077885072,74.54124148680675,14.335038220434951,1454.0253603205026,4.199175658800627,Valve/Leak
1.7471006221095302,53.54346056726662,56.6264784186808,9.552507300242885,1480.9795722500664,5.671315949534416,Healthy
3.2276653964408935,93.9245081428629,60.86270072218289,14.157444573427792,1379.8038174819283,5.518637666842413,Overheating
4.747059882895967,75.86743168446688,74.6373820410613,11.41183927390592,1407.4174972927449,6.356884619816659,Misalignment
1.8029408451004132,52.12242489362213,58.65753987105403,10.418347322952908,1483.4562138126116,5.984056106755891,Healthy
1.615413263037512,52.695628587101346,62.30137856080357,10.662259875770403,1495.9408839379603,5.999413242584477,Healthy
5.831549295117089,56.28851004535816,73.92036605230301,10.624673374642247,1398.8286438671284,5.673042329698879,Misalignment
2.206727250020447,67.73528717150515,79.2874120933163,11.076752408943634,1455.4204460098224,3.6168453171179578,Valve/Leak
1.901131385190943,50.06211938685615,62.86965307683214,11.351150619772413,1496.8335627220547,6.409845247088347,Healthy
1.8784644890904332,57.33710533676716,64.35595457057268,11.753352992609825,1501.380791832579,6.358595449469553,Healthy
3.0770472652858367,93.26564937055059,65.88678951830225,12.627420866469798,1402.7053514307122,4.809259122489007,Overheating
5.884666117934408,69.74817645426522,80.5554527219318,10.036382935248918,1492.2810030189078,5.9593493913758016,Misalignment
4.382306515011673,61.899713049399715,80.2491190576624,11.169778462713099,1433.2344417875863,5.9908688682301925,Misalignment
5.903391446598512,72.04165177648811,80.43353811032748,10.874800557884402,1476.9100602308467,5.3963605972926425,Misalignment
9.236346852588769,73.46783870985114,83.26667594738612,11.91702215094713,1425.8010666061846,5.910637040722978,Bearing Wear
2.0099423549313453,49.20121892394452,61.323780555344555,9.470488567577968,1460.2804547902163,6.506696996614945,Healthy
4.554096103055709,98.9007365825737,63.67207460460405,13.894466626093068,1416.224090538491,5.331900899015524,Overheating
0.9821362528357307,53.52137223006283,64.0053574603366,9.154840352720178,1475.1970221764434,6.2374573664972806,Healthy
4.706061717833755,58.1596275612257,70.2698490608008,9.46246414949184,1386.0086463376558,5.5109355209221205,Misalignment
5.687923181931242,65.15687553078304,70.22267871622911,11.633537075064583,1486.272920834983,5.544948046384232,Misalignment
3.255097068217492,72.10118099573226,72.40074299395145,13.468631798760418,1506.427610476581,4.460110365910863,Valve/Leak
1.7892500900187278,59.19538568232202,55.21576513188507,10.109003989579595,1537.6656711156165,4.9983240321414835,Healthy
2.1358114604394487,53.85955478756399,58.97740369466285,10.091409773161484,1474.9599344907094,6.088791891528402,Healthy
3.0111964093735395,53.73993128351324,62.848057038123585,9.330963900156783,1498.662860608023,6.293387114940534,Healthy
1.48633232189074,51.23798479718239,68.4308649287309,9.236526292289321,1492.8180434042501,5.622131467927479,Healthy
2.450882114002092,89.22087267476,61.438287616515495,13.169296105008465,1416.1869341969689,5.527753482455113,Overheating
2.9804370903408257,65.13899155625342,73.86134419000588,13.992283478646888,1459.401316536266,4.335826701496381,Valve/Leak
2.8896779053255166,66.33445229969466,73.47517141562675,11.640815481081587,1454.7357759181764,3.9005049769582416,Valve/Leak
1.8749562021777446,59.499456631070416,65.52834394162093,10.92620586309067,1486.7270817825683,5.896913375444938,Healthy
7.441193191932729,56.32400965144667,73.45979634116192,11.757498516319579,1457.937317338915,5.619566038468296,Bearing Wear
1.9334294505719243,57.31050828759253,58.75296046602371,11.386309945181795,1511.3022669512818,6.205023477389868,Healthy
6.339675482773921,61.31956772203998,84.74549872119692,10.424937837833202,1440.1277569241045,5.904240121222064,Bearing Wear
1.9890069851830103,91.95891167098804,64.73736315638413,13.259163800392837,1389.179282744545,5.217525121549777,Overheating
1.7326246113041508,53.93415737534848,58.44804948196876,10.111795918796453,1488.377891409504,6.272690490758668,Healthy
1.2121015980401075,61.357981828643034,61.92722957805544,9.045337648826061,1485.5541011298485,6.42719789330725,Healthy
3.1754271933104117,78.35802382409916,62.74238756611165,12.956916698083988,1451.624683768592,4.371284925852105,Valve/Leak
2.1249446971396293,50.311546303665615,53.6828071005806,11.64578006275394,1490.2758682477047,6.179232538790023,Healthy
2.1339308923339217,50.06520046936595,61.93599177851826,8.825129863425973,1472.814231099445,5.742842740536238,Healthy
1.8266156867332966,50.505667877685354,58.94805058054608,10.001722800481854,1515.3586388596316,6.121883598863003,Healthy
7.594736602263094,75.23085107344676,87.72567672312711,12.422569536636178,1471.3374075568943,4.829346231667558,Bearing Wear
4.271783875770719,96.30281451115574,57.934967747956165,15.815525648739417,1372.2449400374117,5.7135364066299745,Overheating
8.226406898973122,57.7889161894569,75.3449303515825,8.877812785488507,1428.7633264341102,5.72988591794469,Misalignment
6.489544682089761,76.83174149707799,78.85527659446798,11.577057595432883,1442.142637062385,5.998235302253167,Bearing Wear
2.3611125774616806,56.334153016448695,63.30657413306558,9.102136071306862,1487.7759733376247,6.643282370978272,Healthy
3.3423055684782494,76.06067866762871,78.7671182648301,13.871256319948252,1462.5078985539676,4.415036597755019,Valve/Leak
2.728422349349578,63.98578296178803,78.92217708606535,13.540188782741016,1437.0971884918847,4.335678481331293,Valve/Leak
2.496396162727192,50.361806934167994,44.33080592060226,10.39538608489638,1462.2626073632352,6.2489310023922,Healthy
3.7795431778143675,82.4684429158712,77.41814150846382,15.099458594540826,1494.4765085808833,4.933108787011084,Valve/Leak
1.968538855014098,109.89362152689448,65.3147646760801,15.843062095961352,1377.989006759031,5.885568977018256,Overheating
6.507467930798855,69.40953349964627,87.77565260983111,13.608037014901662,1417.1757123510906,6.063987275568081,Bearing Wear
3.1729557913771287,58.53313991918767,57.70247009259389,8.72823534289174,1516.5840459573046,6.2949367742371765,Healthy
1.190090852889091,50.34408024550974,63.15660144386968,10.3538330241259,1441.073368820671,6.253045022600731,Healthy
7.3540090686022594,66.04277957452479,72.6828927562535,11.990154339110672,1440.6049786533736,6.429971043402007,Misalignment
2.069409683202857,53.57374783701046,61.31483571383582,11.697950879789254,1469.9447165987792,6.259182059732255,Healthy
4.519921458785861,71.24475244222066,87.22243254081654,11.834923095836274,1405.1204508768328,5.921720429856649,Bearing Wear
1.5556096844537133,48.2325421426349,58.73806036147016,10.652929246777768,1488.3330946358399,5.647665200866369,Healthy
8.064551686570681,62.96400574439911,85.37893220825916,14.009461470256309,1411.752035341183,6.262210516419803,Bearing Wear
1.8888972374145567,53.284956904918594,65.1654720950978,9.813869624970481,1432.9374659860982,5.960482162124168,Healthy
2.370041926791234,50.596854176240385,58.65099440263696,10.976907264152299,1478.8000275717332,5.388504802415635,Healthy
2.828711182098204,101.54731266308828,58.02271652066725,13.818519878616373,1420.3894409470895,5.465142055399605,Overheating
0.8065983465782427,62.6163256475168,61.240191009506624,11.166801052791138,1498.573381987209,6.238738730447832,Healthy
2.244883462819564,62.16268473185362,60.41505464136878,11.90170104439919,1450.0115622706628,5.357236555495021,Healthy
2.3450056507832975,107.26002152257267,71.68670685616472,16.38135726013706,1435.3774522220501,5.131366550531882,Overheating
2.747647334594511,47.502158969939714,67.9244284386376,10.669614760229356,1478.474946923598,6.176819073734125,Healthy
5.79758961141292,72.12843617459657,81.95700430299767,11.155659301820942,1412.0001683989908,6.422381617761717,Misalignment
2.2219463035056615,58.69787554104461,55.858240826109935,10.973785487437647,1479.4722827736675,5.781719951220353,Healthy
1.4571577856511255,59.345966682819395,50.08826893090372,10.285704446731197,1480.8768791242699,5.784121693253696,Healthy
2.303715027720916,71.52257922379327,76.32817376383328,13.672181186564123,1471.3173558218589,4.345930601780102,Valve/Leak
1.8490982250121513,56.24107920110445,59.13320256446432,11.111452830432995,1481.869003790875,6.1503866431300525,Healthy
2.471615136030189,52.094132031628284,54.78673208851643,11.646186009112572,1493.9524304486517,6.3908382875567105,Healthy
2.9347944428674024,70.32237595166242,74.67466111274003,14.359022850685951,1458.2954063018537,5.236271432350401,Valve/Leak
1.3029957775550138,46.392386295030114,51.561123160603366,9.586188207427504,1475.3596395777442,6.273039855071957,Healthy
8.012045241561022,70.26935699573696,85.0811285567612,11.13372768898733,1492.6776538119343,5.187406281368802,Bearing Wear
1.9091747691253833,58.908772987522504,59.89585299422075,10.0086437056159,1474.6672075538058,6.557302561652799,Healthy
2.984825605806736,56.36123540813768,60.108799203986635,9.854673040145562,1491.2849379937036,5.764642650837118,Healthy
2.0040685070539093,56.626238496325946,61.750151631308775,10.401994880183913,1481.8980949234658,6.627577396939749,Healthy
10.127183546031194,70.29910845139524,90.75347975473105,10.91092618743798,1492.023677659339,5.518286425290212,Bearing Wear
5.735572798435873,67.26003898558442,73.82601881564256,10.210747106078784,1421.8522313060664,6.516632049656659,Misalignment
1.3555749850604344,60.4769135062003,55.542429098363606,10.743359288058151,1491.063302951918,6.246524186500542,Healthy
2.3370872600783876,98.66476865532097,71.29794306216193,13.034987447562692,1370.1698567794003,5.385124984491026,Overheating
1.2947618630195241,57.757009954291576,52.958066291271365,11.293330825807447,1490.2753365618025,6.765255948854241,Healthy
6.63428745865481,65.20793718869402,86.43334634846717,11.954624117283188,1485.5841710463183,5.42855247345806,Bearing Wear
2.637388470857497,53.982381848714276,68.9891044881881,9.216871904942728,1484.1117957983045,5.489411579372138,Healthy
1.1763065934595112,47.79779151868921,56.82643446469398,11.322323674676161,1499.0968977215778,6.048820251291643,Healthy
1.9422931376444255,57.11214389633998,68.25863037828059,9.753381126795787,1464.6725475845658,6.188148685730797,Healthy
7.132537284574334,76.02028788223619,83.79244518259893,12.191319014375239,1461.2372464769082,5.914944415214977,Bearing Wear
7.4434675000003985,68.17658719047189,88.16789020894608,13.513276260405188,1473.2270632455638,6.087523028465191,Bearing Wear
3.5074873831596727,71.37632269310312,77.19428723103066,10.97842258338473,1450.8293908334047,6.6709239742663655,Misalignment
3.7697764582415663,89.67964620300414,61.21604598515062,10.42039297794844,1425.3405389553968,5.943450878984466,Overheating
2.337715235638388,54.22966570886343,57.178612690449285,9.174635203909235,1476.731503016696,5.608869498441421,Healthy
1.9581027575475194,93.81768033866466,55.31890793284563,14.444832291947098,1399.9046516097148,5.357283858544184,Overheating
2.001230917793808,52.27769554992881,59.31566055316665,11.957430001917993,1483.4435443178513,6.213146883189613,Healthy
2.4508951432276667,71.86225371930811,85.02355602911335,12.655086766127248,1469.0359450841206,3.78580074245473,Valve/Leak
2.368134934454675,109.28425716412256,67.97695147362383,16.461386301580177,1386.091110602721,4.557267558497335,Overheating
3.277917332730918,73.42568316561871,69.93745722053063,12.363701185076417,1483.4928921700812,3.9493266629995194,Valve/Leak
2.0976640825163018,53.15748778318894,55.59351974480218,9.57266991327704,1517.472435653955,6.444979145306471,Healthy
6.056243551870222,61.37386436219866,91.57896529455172,13.357150890674916,1454.1174693004766,5.6517840449666155,Bearing Wear
2.433700222189251,60.93067557482955,56.604537857544024,9.237400399260377,1504.8212385001762,5.743254214842607,Healthy
2.912758593707432,92.68062975880011,65.22554000606698,13.42005239845397,1445.0484954539072,5.854324055830155,Overheating
6.184519740694062,62.718227508458185,74.95467996286133,10.574303208429725,1473.9978953954887,6.300909489519441,Misalignment
5.073525043228729,72.70419844101909,75.6834206777215,10.869832539803266,1476.4895815915688,5.6960204746487735,Misalignment
6.723089261949083,62.10058497014895,86.89441219255569,10.856482882982323,1432.8783480306663,5.518225808239334,Bearing Wear
5.161085535984186,66.23607088809986,74.22203453757143,11.048008138208116,1500.6136422938694,5.837775527560321,Misalignment
2.3593747996679895,54.68571687817863,61.36899565772519,10.020698190262426,1484.0511679142296,5.765393284260745,Healthy
6.016922253283076,55.140481780745034,82.48036394882662,13.160858017999129,1435.1105077977413,6.166187670900403,Misalignment
5.410396312506077,75.56966767170654,82.44136123339464,15.436086344725267,1444.3522129000391,6.163272889268664,Bearing Wear
3.0983463781652234,52.43824891480547,65.82544393663694,10.626677882451947,1488.0861992332832,6.091602960417909,Healthy
0.7069718447829614,60.371960542308074,57.55580444827858,11.169600143682029,1487.0339553583133,6.480102712408049,Healthy
4.042365783424959,73.68937369748798,82.9379470863131,13.747516780902265,1467.736224854104,6.041187615186242,Bearing Wear
1.5436969039461044,52.835565205147375,51.00053869234526,9.409656265453354,1450.7168180092115,5.424903678496876,Healthy
7.640858727404753,69.80923911894871,82.00725701596959,10.578887756641612,1440.4842102290586,5.471110783508902,Bearing Wear
1.2392341129605473,58.50658789102864,57.164844389621535,10.376256900282339,1497.7444399126239,6.1311483527724,Healthy
0.9666803685729644,52.535716681480565,65.51538333394542,10.509229538316221,1516.9692653110292,6.681752191986807,Healthy
1.8740106905575966,50.20780643466505,57.62095717232376,9.591753091510634,1468.1350161523658,5.632664900903581,Healthy
4.187647774699564,77.59954060938155,68.06547965037807,14.21683461712085,1468.666271670972,4.179647824531579,Valve/Leak
2.860041903408215,75.90639673642362,70.83802049365853,12.125892642907612,1440.5786972724911,4.352951990640834,Valve/Leak
1.8434336778416078,49.33997188626878,66.25482558542566,11.0386046095271,1440.2524699805301,6.535833169325412,Healthy
2.0949935400135713,60.691115300263135,68.26269393314527,11.00286528504553,1484.8206099790111,5.4497437254788,Healthy
2.4390794695122517,61.71015172872238,55.92677569580976,9.73022003526127,1468.854682232291,5.766439970604399,Healthy
7.262047759304371,68.62493013162599,100.94512012306224,9.84836865148866,1466.4373324448736,5.380408685931122,Bearing Wear
3.1189107075701386,100.06757431781055,63.69409052419489,13.449577853304737,1388.8365960874596,5.06801892547953,Overheating
2.1406671853909542,57.17584335657525,59.652284987334596,9.807122040109906,1503.5120067646171,6.408714588062806,Healthy
7.769741207694099,78.48880351710633,87.23556610897522,14.028996141983129,1437.5175208083876,5.719659285543467,Bearing Wear
3.5903950767821673,70.25729755851061,63.72245058388174,12.755242951609032,1442.8782889680742,5.062251741244338,Valve/Leak
5.234077422613234,59.77504519667494,71.10843363107722,10.441174761533667,1424.9989881860843,6.3458185963523555,Misalignment
4.83162979587724,89.34019857902807,57.95476134452701,16.532457237985206,1452.8502239934783,5.427060480897486,Overheating
3.325255295281611,95.82027457246136,58.517602307647635,10.27704922600062,1366.2109527070634,6.226461764548379,Overheating
6.6857956426092295,64.25221466485797,86.66872731837628,12.658471793200539,1468.0215855788217,4.789188526864961,Bearing Wear
1.3191578459357363,60.66237334021816,59.01068148130167,9.281522369839147,1499.746113881592,6.1981578460138165,Healthy
3.320834243548568,71.32368237465231,72.41117359430382,13.871635421144205,1468.5829218520507,4.34546094916096,Valve/Leak
5.083471456697852,65.21270632864942,85.15936411588613,10.905198625606138,1438.1190238526817,6.315096713156017,Bearing Wear
1.7195522806002184,69.45994962399433,70.34867904480323,13.047627438947591,1473.9009360336604,4.4371942873777375,Valve/Leak
1.4034801208772834,52.794303741812186,56.88611721689101,9.714896197313744,1493.8233707051577,6.161641099825501,Healthy
1.8079583981986032,62.541803841423665,63.364192562983604,10.112234681841958,1492.0669316875594,5.729695834147587,Healthy
1.696651815465111,58.73728478621084,60.40108019844482,9.863165527322126,1463.0431985844455,5.217669669633386,Healthy
1.8960526290941964,52.852310090514045,56.64176866454064,11.25452247762663,1497.6270162475878,5.6131042143156185,Healthy
1.9274647905393665,51.947289060063866,58.531938066012245,9.216702749485103,1453.582457945024,6.310452386203436,Healthy
6.617209533645271,66.43606665564774,77.7427055567662,8.954013194592914,1403.9971925192895,6.12774590216074,Misalignment
2.1865325419061157,48.04647709990712,60.08221991747347,11.609990393936057,1495.4920023066325,5.259703621023706,Healthy
9.1866858720755,86.78209606097043,87.85045442481214,9.953370114171967,1463.0403393407328,6.4384134393365855,Bearing Wear
2.521554461441279,50.80198500561156,61.86176626563425,7.510420484829872,1460.9932923632657,5.997551741087258,Healthy
1.3496912528621268,52.50171900957522,61.648275242339984,9.91377241288978,1481.2187513974175,6.292787521234295,Healthy
2.6795889415259575,50.05364466949294,69.6400127652976,11.113038630494263,1472.8800443897555,5.884272518307568,Healthy
7.718405115846372,76.56728965140074,76.9564525119095,12.65616393309187,1386.5045724261186,5.7290798056658065,Bearing Wear
1.2911954838907507,47.00381106984169,61.10397549773988,11.387429164172602,1486.5079090217064,5.23815284124738,Healthy
3.0781971463435354,87.92454548422539,65.68343146952829,14.293992669900408,1380.4096995736916,6.225901717579525,Overheating
2.605795439397088,59.60290879135811,59.249632190250665,9.805552748660652,1474.0475992634247,6.272440901000097,Healthy
4.380026353627654,90.52478417796564,66.07237536148514,13.656378781931076,1381.968267424539,6.368938740985445,Overheating
1.8476394095037867,51.679332007720554,60.20520307844461,9.898693632657306,1457.614937385914,5.830252054260938,Healthy
3.8215894795375633,95.14400367779288,65.29497395326605,13.458507392352086,1379.9023319216847,5.132170788047079,Overheating
1.6487766629467315,59.52026433670257,57.87791528651412,9.653981316305957,1472.690296005707,6.4978830663330935,Healthy
7.492241456676,64.42970457681197,86.66232003033996,11.897300799644754,1452.0378047528432,5.8977401628465795,Bearing Wear
6.793021886650919,64.85371336018535,83.72188196712848,11.044479938966846,1378.8959935219918,6.155324143257493,Misalignment
2.0162725158809622,53.70214342189428,49.426904667701066,8.053155937734324,1512.9503844099497,5.765798958760246,Healthy
1.8778767087316768,65.71885022779041,74.0718456812903,12.87699875716164,1473.4416792997345,4.1931837170350965,Valve/Leak
1.6599780859125548,49.029986720349996,67.0135064486625,11.567309106129882,1459.2259409051164,5.558368359197221,Healthy
3.2723480118905215,93.90909075225998,67.49760032623861,13.926126578582952,1395.4147543420306,6.465231494707948,Overheating
4.311957514259638,103.68117840608518,67.52046753292325,11.110802245325711,1401.2422996145185,5.2941220970417815,Overheating
4.937033207612117,68.78128974525026,79.92492513555533,12.170024302066942,1418.534638508464,5.476229959181291,Misalignment
7.756074322148741,65.34694817306767,77.2614854305605,10.765076554118002,1414.8958938231272,6.1633103754417995,Misalignment
6.40352291152933,67.53753428638514,76.73758419569454,11.55785531938774,1404.4098280171972,5.534388257461268,Misalignment
1.990719339869376,52.388385866401855,61.20500148207338,10.90821743083404,1503.7502374830697,6.564904749058862,Healthy
2.1859009984041022,70.26212763935013,70.48171924604426,12.713898395371613,1446.1840167454363,4.0477908799013145,Valve/Leak
1.3351887766039838,66.71678586293551,60.10496771692149,11.050847394228725,1468.3999021007098,6.229739837009907,Healthy
2.4284041969441468,54.00676541088124,67.75781783544839,8.507944152512955,1498.9874766039604,6.047487902213219,Healthy
7.95206587004711,74.2434886328379,64.63064627588273,11.176784387345824,1451.1698766419222,6.0766819233271265,Misalignment
2.6538163537573074,56.32593678158591,71.38551806205818,10.936846522707578,1472.9717100964415,5.77906096206866,Healthy
6.04845492816347,67.54157032324913,83.56256865127091,12.533480089914226,1444.1962491111526,5.273211641407944,Bearing Wear
1.7978006756074425,65.09967634399746,61.5199500362992,11.26720748440216,1492.6172302836158,6.526022508582651,Healthy
3.1881350671934454,101.5594045511391,77.42986057296027,13.595304592092686,1431.7970795090005,5.497902030995941,Overheating
7.050590269091841,57.05354268573758,83.79887969357094,13.499332609212802,1427.043801301943,6.1683785772286175,Bearing Wear
1.9042547345728955,59.52907692641684,63.40515771782131,10.420547071198035,1500.3180040556083,6.081239327835433,Healthy
2.7353153888073765,61.173585463320805,73.94418895725181,14.075439807151561,1483.542556053326,4.444547349614902,Valve/Leak
4.423396661732539,64.46216539102856,67.92542005595892,10.641670387194111,1478.4875520779826,6.337294872941878,Misalignment
1.9091898856996785,50.03202607777209,60.93513841892214,11.110675831822306,1488.1974297851848,5.365723684326175,Healthy
1.043335903966826,59.02091916553004,56.534961259666424,8.776878600147068,1496.358613254644,6.223751134873595,Healthy
4.534195563005736,75.80999901753573,66.1302584204358,13.62304464098193,1452.8480664150889,4.833379410948501,Valve/Leak
3.265946300760314,63.345789538828235,70.36810971701772,12.932480974881688,1434.3946636197363,4.089249256805577,Valve/Leak
1.9978252003279935,47.93950154207983,58.63391583401528,9.531975210960125,1483.8702704606237,6.0342130247577686,Healthy
2.639469245261319,95.403335527907,69.81488377493281,14.417960784062279,1456.9227730116286,5.953276391536757,Overheating
8.642353182163667,79.37769710044434,78.0811431371726,12.971139416865702,1486.549616585917,6.359610928742647,Bearing Wear
2.328690262465719,55.376015324752096,69.23530116503807,8.61270837560555,1464.6142083715426,5.275746470015062,Healthy
9.716608323123582,69.73395028880024,85.60619993514553,12.825358155934808,1446.5112854497813,5.946410407657632,Bearing Wear
5.985332017487767,69.43571973070199,89.45159755894147,13.392864174844643,1488.9550496858283,5.934174426713118,Bearing Wear
2.3750924326073126,52.02614893214346,56.82110474005419,9.875202142345602,1454.499646008918,6.162760308679964,Healthy
1.644978177580823,57.17574594942636,56.854344745290035,8.983424498005075,1521.1112208751933,5.599106745593103,Healthy
3.1717723176442503,96.6111288707646,68.33616070594971,17.00184208026486,1368.9148073922147,5.2686252648104395,Overheating
3.7512990124046275,99.80048802657039,62.050656522463406,15.688832330618379,1432.1273128072414,5.5758149072477465,Overheating
2.053347777194223,63.24243444241636,54.5301612369816,9.20020093193653,1467.4439512985866,5.835671537596102,Healthy
6.958571028201906,67.30707057208731,75.30420525251715,11.276993475080346,1448.7197288108953,5.2273176215081625,Misalignment
5.173587057113598,62.78244814411256,76.70217660851793,10.924594171996082,1444.6079132328002,5.9567311673825625,Misalignment
2.764379084688141,58.54032766005068,61.510586625678094,10.692519840859367,1465.89341014585,6.869908696726673,Healthy
2.056584329146701,53.5678686069113,58.37792812286476,9.54574324368524,1464.56579998003,6.475336881923248,Healthy
2.49178194934191,58.24268867360491,58.09554434160327,10.532607283793853,1476.8420196460686,5.559597464596259,Healthy
6.655441516469691,68.01785161842511,76.2100570715961,10.608483460659492,1424.2870539910693,5.76977873713439,Misalignment
2.0306266251281397,57.6122743060475,60.33804399389103,11.769149172019203,1459.9087571034004,5.735558513242512,Healthy
2.1218834050962156,45.49395687486864,63.01348999937802,10.2483168395556,1437.6121411233382,5.953316292446031,Healthy
2.637341388548968,86.97139529193282,67.08094339336786,16.642664570855338,1410.6009429668113,4.6362463592945415,Overheating
2.844288966240772,88.39392479147538,66.76811915695514,15.319647092191033,1373.2602607242745,4.842506875675244,Overheating
6.201177887697614,69.06697918444114,81.90396661817512,10.975076861006427,1467.0369858138447,5.985130418458369,Bearing Wear
2.4082438921720533,51.71846323602341,54.52720382470716,9.477666325772628,1468.1739445663645,5.179484217581189,Healthy
8.32582066621867,74.80512058370718,88.15110314173648,12.197427064855468,1493.466955784261,5.375932842052816,Bearing Wear
2.5621476368442666,55.138024484193544,56.64410846477911,10.55192462675647,1471.2306607662404,5.664989801810906,Healthy
3.2250845527182115,73.23489297978398,79.10048059993571,12.651892904078197,1452.3212637800523,4.919816765263458,Valve/Leak
2.0724491518813695,47.19493638709345,55.94072608858384,8.945905202612263,1480.7290355379873,5.796663554183382,Healthy
5.114275343471189,63.03196169852372,86.46777270927912,12.782154074646254,1372.3859130731248,5.105835936333902,Bearing Wear
3.9492305420394773,83.32656531130182,67.51301505902184,12.7952236270955,1439.078356067884,4.516603199943061,Valve/Leak
2.628010368690025,54.85499693672292,55.80734147432388,10.008197004309821,1507.6157340886716,5.839793160661353,Healthy
2.7119925973460255,93.32584547906997,55.89350919365251,14.348055997997479,1420.2401865302159,6.243957045927324,Overheating
2.365260715644382,59.83418075587939,62.59810465467655,8.993198367155875,1458.7014663851498,6.038878700913526,Healthy
2.6083963227599054,79.74982208119954,67.59549050504764,10.727559107057155,1454.398587137379,4.440136674122853,Valve/Leak
7.401067104567936,78.96393408614007,78.31125656978725,11.364437477473988,1496.351621140312,5.013060045214286,Bearing Wear
2.614460557618517,61.0700812546703,63.300581864231766,10.685439301761694,1459.1795375388972,6.549270833571674,Healthy
2.0876695845013,97.32724478698248,62.534927521414005,14.310045048559639,1417.230683171209,6.211243895750219,Overheating
2.2581650711545103,57.16862292783205,56.907328479207706,10.676487958186135,1463.3649159983577,6.365262209750417,Healthy
2.200271908078474,46.0967301144266,48.74627202409256,8.498575767586567,1514.9154171139694,5.540738070861163,Healthy
1.6790461005446473,53.7998495039038,59.7763987246537,11.643778427811496,1491.6901106158284,6.154013256128141,Healthy
1.683401568119209,60.34171488475717,64.50651297579365,10.889899363243533,1476.8996659417699,5.825074041689028,Healthy
2.3542541080267694,89.49792109364905,66.83423880913038,13.657495530094891,1417.2560079072007,5.695152807861121,Overheating
2.1281851743126166,93.62803770096012,61.12439638193109,12.679381790710572,1467.8274803629947,4.886658091249035,Overheating
2.1444381916795443,59.93119141508963,64.34166408665116,10.616959177266036,1513.2366359828636,5.567033324609287,Healthy
2.403007161249477,61.8235228138057,66.03255328865066,15.247057333868586,1455.663332564557,5.19175785666678,Valve/Leak
5.396104290956866,106.43295811458984,76.79065932666903,14.487751311583587,1409.1331293474668,5.61793574448614,Overheating
7.179595762201052,74.51309539092051,82.20509286822077,9.933563643286934,1460.9085639271757,5.522878066270073,Bearing Wear
2.8857974157486628,92.76714068279675,70.55021246258346,13.749887690714985,1446.4179855150687,5.582406499576861,Overheating
7.189864583544153,62.25022081587559,87.02846313682417,13.273783944472441,1479.7255128053866,5.259130365848852,Bearing Wear
1.7315907374595816,61.92331178996439,61.10487696790123,9.225304760251797,1450.9412106613925,5.726404278218554,Healthy
8.122741262374307,76.07526549632226,78.70058876685438,13.1297490923724,1469.522706960263,5.328127674094827,Bearing Wear
2.1704099940787085,55.816177093586795,51.44729461595722,10.131182454516619,1492.7252978286335,6.63183766754701,Healthy
1.7272734217355539,53.955666170636945,61.456079606584446,10.097017767622855,1492.0861597593419,5.549925383113943,Healthy
5.257784619774346,64.2833304897221,83.54006813628104,9.601757191233991,1421.615975946819,5.39014169107575,Misalignment
7.048232915390018,65.84827559422135,74.41642073332169,12.328402329052052,1439.9150730431643,6.227826422524725,Misalignment
0.699007676674591,94.53998716627432,59.609627655593236,12.756024658764707,1458.9834442930116,5.350077781870963,Overheating
1.2961557898645721,49.58164609861316,63.811753304759854,9.658628480241491,1486.146546732021,5.9550772694521,Healthy
1.8478819656339618,55.897466802038686,63.20819143763951,11.614422150972477,1475.9497492931437,5.8425446817456494,Healthy
8.763740626038999,74.14194938268291,73.60579944137098,9.085318945805426,1425.0982636150575,5.89205817762175,Bearing Wear
6.514778551843681,64.1227827890836,81.98709385689472,11.772111378774015,1432.3272982134706,6.358135772213642,Misalignment
1.957462643667388,55.687561530639925,63.01018249976255,8.28483399717138,1474.7918618625104,6.16018431854043,Healthy
2.593064920727101,58.80752666203372,59.69576975313979,10.674973748948755,1475.9727272889074,6.058709581105141,Healthy
1.9773496034059788,56.809948397659184,64.80654384658506,10.712164860739053,1504.6694371176275,6.931379319181165,Healthy
1.7693537242976227,57.559115239099,62.344092082452086,10.613510693510381,1509.9003249447474,5.326355396406397,Healthy
4.480333494446491,98.40842397962129,67.96067540611567,13.637532789110752,1400.2529595926683,5.779180863659261,Overheating
2.360354865001694,58.13334285801642,64.49194987071185,10.786648669985647,1459.5130266947974,6.332907217403152,Healthy
5.973373248044598,72.49739973991238,70.41352350044204,10.970237380389564,1410.7652554457043,6.45168850096952,Misalignment
1.950401939956219,60.85530761330925,68.25313313951666,9.96708114203833,1482.5950322359397,6.293446147850793,Healthy
7.132117114257473,82.85672263721163,81.99991887849822,13.280739361059771,1465.7141333841103,5.734493636518819,Bearing Wear
4.402095939631543,98.32158287947581,68.54909311630631,16.401293444377636,1388.4235825200733,5.081234036064862,Overheating
3.0955652478329014,77.36160510089408,65.42602488628384,13.466231566295399,1432.5766803784536,4.231869919864047,Valve/Leak
1.5611728325437242,53.48438665317038,48.53304678515897,8.840097562222468,1495.6482831252065,6.139066555819091,Healthy
2.273936784732533,50.60893463924057,63.60981935206709,9.884360926538175,1473.4975369921535,5.963574550509018,Healthy
6.0894381765731795,71.35935199759827,89.68821225695423,10.556380726366598,1402.172264877822,5.559560742815131,Bearing Wear
2.726397238617374,93.61336441183386,69.5538482564604,12.790485380757712,1396.4497875541554,4.894463583473272,Overheating
7.275408489482092,74.77321778900331,78.12846320997168,11.712168628841376,1411.6458891862544,5.701557325537681,Bearing Wear
1.8396236220130087,48.17040087877548,56.60060367512592,8.38904816658279,1454.0845424238555,6.26839477899816,Healthy
3.2498628722839022,95.15445605529544,62.34235875453333,14.341024970086664,1362.4935396261099,5.836337760330819,Overheating
2.729543177975179,68.96789396761736,74.13684138644659,13.65333269621068,1394.4574708519049,4.32712146813909,Valve/Leak
1.8293391439054185,54.4591298912665,58.23970885234081,10.500819222098917,1494.4015313215907,5.690613682872284,Healthy
1.9820152231737416,47.28133959716922,57.61511012406161,11.348077833387357,1449.8739886957858,5.863953056274637,Healthy
9.40632145766531,66.77283275998208,82.12113468784902,10.453852608297405,1450.2796541070174,5.9080668220094745,Bearing Wear
3.6921059605053754,73.62638150573105,75.1113956125911,12.606237366592097,1466.0796082722834,4.0934517525629595,Valve/Leak
3.0813848961597436,72.05252368989,67.25054800587452,12.380843643433403,1465.9430518705956,4.609793729686357,Valve/Leak
3.101263421740903,96.10501694611469,66.79181758187805,11.438755397208922,1363.0106920115604,4.953662191951239,Overheating
5.918831956131626,67.02255328943951,77.83431685653493,11.395145194248297,1416.276891963437,6.10316337681318,Bearing Wear
6.150229281474353,63.49029035159716,64.81156616848638,10.541793374505154,1407.1563036893788,5.998909686906209,Misalignment
3.2272428637451607,79.57822985475953,66.59011459368946,12.268268942415228,1485.9469557225643,4.283108197269067,Valve/Leak
7.8465211448947825,67.88865273691341,74.04727913032958,10.3140551863527,1469.795380147516,5.982798808355868,Misalignment
7.811531712946108,75.28052714112384,88.29921990694538,13.325963363447915,1463.5412307670804,6.021956233372091,Bearing Wear
7.810353881617559,58.831616705046486,76.54688807248738,9.663232941821391,1427.0561378349214,5.671482544852767,Misalignment
3.2392303769503514,66.26199778203245,69.82351327029055,14.672409066947539,1427.1933725624635,3.772973115418967,Valve/Leak
2.03877740662321,55.75577464912282,65.11151174346163,9.205931298201708,1469.6132953980482,5.742943253413265,Healthy
2.669761042473839,46.49459952237744,54.02890594544964,8.63431693270682,1508.0338790137193,5.754240026120095,Healthy
1.1926829110395318,53.68806981917041,64.33260860420984,10.252957048272963,1477.8427189740275,5.374045789819304,Healthy
7.176297716711058,64.04905085780017,88.92934694786729,13.327602819967606,1434.1405387403772,6.090332877508682,Bearing Wear
3.802996587105169,84.20490396034849,63.43800710840052,13.923381284256,1492.6241141540681,3.714659829824084,Valve/Leak
6.296347482124956,69.20331256878326,82.86180696267627,11.702573117917376,1475.139649848345,5.0416753112455375,Bearing Wear
3.4689496533469066,75.31665689172524,63.648746835799656,13.671642340364404,1493.1716739204944,4.175486742767245,Valve/Leak
3.612467979419973,82.33827258582524,64.68315817936261,13.047102488740041,1487.2538908721756,4.257679357481593,Valve/Leak
3.310392403150059,66.12714818206261,62.375664406035916,10.926702410817047,1489.760182329142,3.782644340491287,Valve/Leak
2.2894772152897014,55.809094949076,61.48285389986986,10.381048087399497,1482.7619537329078,5.695936194273591,Healthy
6.874022146988889,69.2430157117059,87.57591839455945,13.65247510074774,1460.3171608170846,5.475646512353135,Bearing Wear
2.384850235296541,86.93305783084085,61.348138988196006,14.363415483297818,1403.375620313547,6.243271046775284,Overheating
9.291000739977642,74.29083642393957,91.5142404598302,11.461646592568563,1417.7647215001211,5.620416043679648,Bearing Wear
2.560288781196485,65.99314545317489,72.50102615452455,11.793523400563297,1421.6627012970368,3.6389569430512023,Valve/Leak
5.810897070682572,68.63146058008894,88.60266583167527,12.861664570295027,1430.1752227273207,5.27842336518442,Bearing Wear
2.327822404891775,59.44598114522284,61.76444960516677,11.20143605099542,1514.5840423923873,5.806708828748189,Healthy
6.687340575049908,76.11909218356038,89.25143481203658,9.034412371121064,1421.0131859521962,5.311484833475856,Bearing Wear
2.4396574916978278,65.34385927560032,58.711637476504734,10.854156665366379,1509.692506353815,6.083332680073104,Healthy
1.8771560361289539,57.68779441102487,64.37347025016291,10.46180490603918,1488.5492615163373,5.979518839516818,Healthy
3.7181731110052776,87.2922492823109,68.09692821042911,15.133604974989431,1354.382715820371,5.256879683757938,Overheating
8.151267028683147,82.72884730833847,84.52310657278372,10.169679486848223,1474.0263771913912,5.490929917770727,Bearing Wear
7.62372345765576,64.50029310530122,86.92713005333462,10.780964942846454,1471.2161258280905,5.873399329842374,Bearing Wear
2.191006270352294,53.55134335784805,67.08358821095402,10.39520784901585,1495.1231568750602,5.71578367959163,Healthy
2.979480535151548,92.8363032392369,71.69004526105041,13.770021411915009,1351.007130000651,5.1689676345245354,Overheating
1.9163713278685366,53.89644116025119,65.30093784608898,9.085236811134457,1435.2964740314535,5.658853341457343,Healthy
5.750488479661911,57.197851899577834,80.08029765675775,11.163496946084448,1441.6704408414048,6.067844103913348,Misalignment
2.1514394582147456,59.537268916010035,65.70155115185327,10.721263325012952,1490.2625931718405,5.305031494091835,Healthy
5.043425650563553,71.41083940973179,80.65189746188526,10.049471189279807,1428.6206544888196,5.9994037774028435,Misalignment
1.6595054001060374,81.7422661169742,65.1907425542041,10.202874766436853,1406.3428963924825,5.736883109433097,Overheating
1.6887158743720037,55.80590823067578,63.25754919830162,8.824279991585643,1498.306955955032,6.10973693009106,Healthy
6.1413805722255965,64.3033275741013,78.90036975123932,10.639539909853067,1436.8127148013657,5.651627352738675,Misalignment
2.0857663959549244,50.51616166490715,64.00290145724412,10.592232532177123,1464.6977108731223,6.085512172749273,Healthy
1.1978435970991619,52.013874162764814,59.748415853636445,10.521408724913533,1482.9895986094068,6.3630698460112916,Healthy
1.81165080604392,63.22183350883162,50.34459973524588,9.548045694074005,1458.570121044747,5.921840638298368,Healthy
6.602155438090083,66.27760329704752,68.4719121404486,10.411837926820912,1429.9964885262293,6.195752353615606,Misalignment
7.8433549467465005,63.92500047670309,84.43692846760482,12.271464292550714,1434.4182738896943,5.9881031223738175,Bearing Wear
3.4425196970623997,92.14167546541717,64.45147384152237,16.19858440853975,1349.539312975643,5.609087711441532,Overheating
3.1362691666290408,85.31484616687894,71.75198313650664,13.682968924390465,1378.898365996879,5.375806847122832,Overheating
2.1668742290751566,72.9897035164639,66.41660195251599,13.805065926579795,1472.9398873403795,5.012834705881906,Valve/Leak
2.3574001991641467,86.18154598908372,75.96671693037406,14.9931619947742,1372.3032031528085,6.177262035706854,Overheating
4.648722497544862,61.23262562458014,74.33837577419816,9.929914903998037,1427.1026161126745,6.184784778575915,Misalignment
2.1465002739869687,60.84248987716353,62.001101196352614,9.924383645219908,1466.6379648084749,6.33233674883974,Healthy
3.169954267766586,72.1530943983199,76.75366615725825,12.300701486717331,1447.556604702672,3.5790675646842884,Valve/Leak
1.7880920784838756,50.68963011365074,56.16591866661359,10.537105496462909,1457.9407900055387,5.594333614008127,Healthy
1.9169397120852638,59.777225429921536,58.203220923454175,9.998874100603368,1483.1259854387242,6.554914506858729,Healthy
2.5766185190961677,51.85590565032304,55.06585215308391,10.760791463060906,1507.5351940460164,6.465127492847495,Healthy
2.363904272437075,58.726938265425645,60.74471395689702,10.192373624737,1481.963906736056,5.684761386688439,Healthy
2.508956746943253,62.40457933930497,70.85715956409047,12.95131195259493,1479.0491033920925,4.830358641489556,Valve/Leak
2.7092327291548757,51.214594863554964,52.84020361006418,10.930743578065433,1507.642668764018,6.62239697888417,Healthy
1.0016480261981866,56.828047317167965,62.77720433954705,11.25207502125859,1508.5925738796648,6.363853361354134,Healthy
1.485441342723671,57.669805759081534,56.03792444787217,11.475137106842372,1445.9088212529616,6.226754644957867,Healthy
1.8966166662344186,50.37441862847629,49.691118487784685,9.468571313927317,1469.7223363753203,6.444694663539383,Healthy
3.3622164908510337,87.24656117934923,67.40124097041794,10.643449471722999,1483.811847117228,5.4435729892808595,Overheating
6.138700629328149,64.7460266014848,81.06509120880219,11.453037906301736,1430.1214854002321,5.473435169172715,Bearing Wear
2.4108947119665434,61.00567807618123,58.72713088381856,9.982363349967725,1457.4733827961484,6.02840827933457,Healthy
1.890300695143088,56.980374888847244,61.543543910255124,8.94586061090942,1503.8609502745792,5.91694149606817,Healthy
2.210210294709613,64.85466565185916,65.87634584653223,10.227189628140861,1465.5378626676074,5.719373010092202,Healthy
3.1001882586536422,68.46584258405349,74.99835968566025,13.046525596427239,1480.975245382518,3.7122649666492213,Valve/Leak
2.25049778467364,60.98784832230952,64.88715250358169,9.915046599292086,1476.6925091871337,6.713212397036377,Healthy
3.523903589186491,69.71167804686155,58.8287015191741,11.527193082632856,1470.1480221215495,4.5505658498025525,Valve/Leak
2.5729747506967513,56.95630077617064,56.123826468329575,10.594302181473765,1483.3921592185993,5.769776798020184,Healthy
3.063496132813957,91.36999669467592,64.1106711321851,16.12035070331321,1455.2355126427858,5.575257655708216,Overheating
4.56695401273616,73.59682556683141,80.18170943683984,11.751951570704326,1361.7580784872807,5.916369060262319,Misalignment
3.546252350640479,92.29381511872522,63.84144891773241,14.929119408432054,1369.0568653164528,5.270382926636272,Overheating
2.669242851674787,59.04234868611674,65.37702034466248,10.06331680621529,1509.9015604756596,5.303527030199477,Healthy
3.0758794875900177,57.28308174768445,64.16131318717757,9.962000135994721,1475.8086327385333,5.7556518498542655,Healthy
2.277966737802852,57.09941923581711,69.93301535845619,10.100274545802552,1450.2234287730994,6.657724248489367,Healthy
7.52073413025439,66.64365444696746,86.63045884810542,12.625762623394838,1406.6368504320835,5.5014111054505515,Bearing Wear
2.31085653166128,60.91689942351443,53.890809778767434,10.995659953047864,1498.6155748864933,5.736371684035399,Healthy
1.4643719904026353,52.02371206545604,67.70835423404597,9.881697424983779,1459.863440480194,6.059139421980777,Healthy
3.3600380351444445,66.13401564436941,65.00485755885654,13.45059045811827,1503.7558420700555,5.2988937801179485,Valve/Leak
5.403393673284681,67.57766142518679,80.84394674154353,8.835916310412276,1432.620104567189,5.7051428093744425,Misalignment
1.930265776006104,91.59335324215432,65.29407509991228,15.512154290396216,1414.1739246032826,5.879015774867061,Overheating
1.6475270265315007,54.08125023064713,63.47758673734606,11.032562169326784,1477.0425063111231,5.628353895046785,Healthy
3.3823847710737764,102.39631451631871,61.606185635201975,12.99830411860147,1430.246407901583,5.337026571596357,Overheating
2.627069935070122,48.144971968594135,70.28101569887755,9.387364586892174,1497.3345680560142,5.95648013522985,Healthy
1.8686067501191188,59.282883260164866,58.263380629902166,9.427053528154898,1516.2668365173997,6.0117530788054765,Healthy
1.2548567050440507,64.3278901551799,57.24037311772374,12.061838238501148,1487.9770870282578,6.057154080120981,Healthy
3.1079754696383475,44.03890715289569,61.071707597537525,9.734796392469942,1475.7381322983388,6.059724740856762,Healthy
7.225756800625967,69.85853522706968,77.1186509308921,12.572049056716319,1471.4816335509875,5.583173752996767,Bearing Wear
3.934900221964866,77.06371379502703,74.99092446416809,13.036116343131866,1488.5343026183605,4.985377306031051,Valve/Leak
5.429716658187635,64.801592808567,77.86835016488045,11.837744904046144,1427.6756835636934,5.673276581157172,Misalignment
2.1421442283848338,89.35200946620249,58.36436095249293,12.584673770563514,1449.89379508476,6.0123331026052815,Overheating
2.24815719777839,54.94747711188042,54.040115870235226,12.218107007674433,1507.4947993013996,6.141767762131884,Healthy
2.820052498264176,90.84544669148019,65.48791120464234,14.464884761899022,1386.3549802475854,4.918234898837199,Overheating
3.1900213974650806,97.73955200116656,62.88795306962507,11.65698332700618,1396.6679787640865,5.37071119640524,Overheating
6.9060775733761695,68.82514739854685,79.94136167958574,12.803665807476598,1441.6955521860666,6.339686328323934,Misalignment
1.0499823000110413,54.227398586561456,55.66144246548108,10.23143333070436,1464.1797968137273,6.242272356012134,Healthy
7.203570046020159,73.09630780762134,66.61987957964554,9.800999965053181,1517.8344555869935,6.303809487943818,Misalignment
3.022426257218327,71.65883911743049,58.39752065478748,12.07320507445181,1457.2038101373835,3.8420700622698067,Valve/Leak
3.279365710990309,53.741734792167996,61.390600041333656,10.242536285003721,1491.7891899724616,5.809086893651959,Healthy
6.443562193606736,58.56417813137667,74.46248000385185,10.827851679328209,1423.4550363400813,6.103718720889234,Misalignment
2.258326541406993,56.69457679038781,60.42818853828088,7.848792995887693,1495.5578525787635,6.19534163804259,Healthy
3.2244658227173133,98.88763088648135,70.8562353261253,14.76545216476083,1412.8640722726548,5.8787089270002975,Overheating
6.412003219595053,61.89443402898088,80.55148353810652,9.390288885743328,1454.5021152245097,5.907083584739203,Misalignment
5.219455629608702,65.44991789408148,75.3031504486564,11.433883560050456,1398.5731414805605,6.154486035233742,Misalignment
1.6660789714413182,47.18634996430401,64.14109699842813,10.400130777509036,1489.1207729379748,6.589275758499424,Healthy
2.3047928407063303,55.330111735882376,59.56882722665696,11.306625832078897,1521.6375872680408,5.827413334854635,Healthy
7.382940295176173,71.98667453470264,86.48306637420093,11.500383012808262,1342.4505831723488,6.413923729839396,Bearing Wear
1.879221427524696,53.898535499909556,56.08098303373311,10.240240141995622,1479.1137512915584,5.713385608468185,Healthy
1.9834766535208177,59.63919285644051,53.298086061591334,9.194610679108218,1494.505952216748,5.744102822620711,Healthy
1.7048545294956945,54.495106416553085,59.51410531966479,9.790041563897667,1459.428697031027,6.309263570901413,Healthy
1.0447856568066345,47.23229691288237,65.01428487387494,11.56979634062574,1437.4164205659054,6.326174600511534,Healthy
2.396311413917032,81.47800696135927,68.93203431471997,13.377564508687744,1442.0191671363227,4.700514263010695,Valve/Leak
2.8623546778649116,62.203036845551125,59.95424977891383,13.108378615181897,1507.015852969474,6.216206414018263,Healthy
1.2349836353861825,47.77486071461669,55.331672565377275,11.377302655890228,1489.7417782667505,5.754650726652617,Healthy
1.871126798536057,59.000253352618316,55.60601118782085,10.349686386116243,1486.001715518934,5.660452795938835,Healthy
6.645314552172246,64.04349925266258,90.11727987712116,12.081743365731963,1462.2528493797715,5.326128079923384,Bearing Wear
9.606914037429465,62.42299762129322,87.12525283593718,10.822035456974982,1530.688181787924,6.2958529912601,Bearing Wear
2.0177060193044634,89.08366355134245,68.73137252840894,11.956261703423763,1346.7554462103174,5.503532506067152,Overheating
2.190015703597147,52.80237351091443,64.60073273065542,9.138185287023573,1492.532887071129,6.08564827146725,Healthy
8.418397662310646,67.26800592937072,81.03353480908343,9.467409365772625,1389.4299371223149,5.729610336772208,Bearing Wear
1.4569584380280867,50.64450150065779,67.61726928647964,10.875839780302814,1454.7678625055676,5.823060779552438,Healthy
1.6867744878197293,50.956523422972836,58.30877108108734,11.090660885332474,1503.6280260503747,5.705821272883092,Healthy
1.9967941235611248,49.958822537569745,58.51462743374978,8.735765812002361,1503.2611047430619,6.620988817062122,Healthy
1.6754603437278435,60.272972188242875,66.08074470490008,8.885588598107486,1477.039106624947,5.976424644851506,Healthy
6.385981694087448,61.50027332458024,72.29869627321813,10.898657270164959,1385.3281315332392,5.077418692009343,Misalignment
6.111612293065783,82.80918449815023,96.83102755050197,11.240282067421417,1520.1715898674788,6.175029811755031,Bearing Wear
3.4181602601877255,68.44077568800164,75.15647937440573,11.4313615857437,1423.1349147048666,5.442457227760455,Misalignment
2.35331864297252,53.22812316312894,58.197910713286966,8.480612911942353,1481.8240096355655,5.555227223404988,Healthy
1.6329495498849091,53.52147954752122,70.81991782872186,9.693425777299412,1471.1885036773385,6.234248794359572,Healthy
7.250809321778526,69.96970021727797,77.62225872437362,7.62290250652369,1422.2176490457266,5.390853509597867,Misalignment
3.736792761079208,74.32805933898464,62.78133281715992,14.793153052629917,1453.443471524513,5.102685533450283,Valve/Leak
2.253404009458324,52.698478077187346,67.03477788890905,10.608433884293609,1508.8578338502925,6.071016479418816,Healthy
3.416591114029168,80.65524305454724,76.10040584343503,13.165868568585127,1413.5695373093024,4.605193019685662,Valve/Leak
2.017502878076169,54.421169063147126,52.91115758467193,10.372503089873833,1523.0863548041455,5.874957787528032,Healthy
4.884551870993687,100.17567931405324,61.775783461711356,14.355522194184122,1419.2312073243727,6.073525253309585,Overheating
3.2301163815154323,60.71897723901912,74.64986638693199,9.984712937462305,1318.9972532272807,5.60975260489973,Misalignment
2.6323007220319927,66.01834046954195,70.24878774870898,13.411705810302557,1448.2850721508632,4.885871911236836,Valve/Leak
2.959726960276543,66.77091798219072,63.252776065900996,12.744436236089605,1487.8355163384363,3.7881556454284335,Valve/Leak
2.0472784550071563,64.96616484752339,61.95125731830285,9.301773760574141,1494.7273905752936,6.308008796358388,Healthy
1.418002147834995,57.68017595613286,60.31757588382501,8.483449908262447,1485.0904199798122,5.745202840791517,Healthy
2.7183069252893586,102.69751240524118,71.04030750044029,15.420128153011051,1410.7693156036848,5.73831888134204,Overheating
2.226464421649872,66.56698860688539,66.35691444665378,14.681630891963595,1486.917268278011,3.6600612183365877,Valve/Leak
1.7986964286236362,54.224497303496584,57.31978590523887,11.405691622806277,1479.6218692625273,6.086462721840509,Healthy
1.48611491251949,55.542768489202636,65.31158410893421,11.472690985480705,1457.0437006456111,5.392559505044509,Healthy
3.887350060588027,97.15757872570212,68.40148038039902,11.959626468640217,1377.1205006292003,4.621555077682839,Overheating
0.9178902795783641,61.66330850920239,67.77410733954467,10.140643492061766,1449.7485378464414,6.15028506156527,Healthy
3.333014849780849,79.10990394294552,67.08900812982269,11.95454794259994,1458.2284497709338,3.2366473225296355,Valve/Leak
7.167580055776591,75.20063772620205,82.23094882962276,9.685370445212568,1492.7744449204263,5.350359887489347,Bearing Wear
2.221542405659726,55.36975651839442,56.07707881908901,9.85036776297377,1460.9989834791525,6.323671077023575,Healthy
1.9892987834510514,52.15824264152485,70.53658949891008,8.697936013846665,1449.1077380627833,5.9671976077487905,Healthy
3.8780659638035058,98.87669872968003,65.1476279349102,14.750506674229209,1419.2866299299862,6.341422688072781,Overheating
2.5232460071243543,73.19100659896927,54.287923520378556,12.960822950295565,1487.3245617776497,4.501092059435211,Valve/Leak
6.649239155570494,70.51628272438859,82.12616703649094,11.447455900289459,1420.5166569646192,4.9745912037760895,Misalignment
2.2576012568019515,55.763297437579006,56.55974252402881,10.965152003340556,1474.8552714834373,5.986231155581606,Healthy
2.224925859082749,49.256839944849354,62.81275930953673,9.279111643191973,1466.283925862017,6.3540960190231,Healthy
3.7067539208083726,95.60820034825343,56.75861625564964,16.046713777469748,1412.4101490905398,5.657650346355948,Overheating
4.1993765956490385,96.20616137729677,68.08643661248034,14.55677889592614,1386.2852917319328,4.866625478841942,Overheating
2.689468915322278,57.916664816788284,54.66288404511779,11.097521505644906,1473.8106029628732,5.163189651001998,Healthy
2.2436955007255097,105.68437023870746,70.73886700298709,13.65830108950526,1418.3743938301784,6.469567426262041,Overheating
7.285840029741507,87.33492396523762,85.70548606573892,12.872722228318255,1421.9136043282222,5.1301124537620435,Bearing Wear
2.0192040421842594,56.64631792204929,52.901144766128766,10.660674322117947,1463.3922895191265,6.243493743757766,Healthy
5.604490909947371,60.180905338662,82.71824658691814,11.872912094299195,1434.5592900154222,6.487371105471942,Misalignment
2.503594231844279,88.98978761376344,64.46100432323179,15.15758071697239,1455.5903686043127,5.50940408641379,Overheating
1.8928652842489846,51.092009906720726,53.46843383099806,9.493760037658134,1454.6268514510068,6.80380465247608,Healthy
5.904385150835688,73.61000881172787,68.48866315514248,10.862857164104256,1489.9902137630559,5.842383797310133,Misalignment
6.785604839441539,71.52962954316116,81.67447411727436,11.001602460248037,1415.3536500621326,5.853823872047835,Misalignment
1.967018558385103,54.9779697537752,68.44617497659601,10.593275710727477,1527.2523511557374,5.136182360942421,Healthy
1.8223273361673167,62.46247232007103,59.452113998583265,8.532173164348748,1475.0975112770207,5.520960696898034,Healthy
2.99941390882695,53.241955666596745,60.865764314012566,9.907043652831913,1474.970087507831,5.663735587084947,Healthy
2.1686177392620736,62.09317656031977,64.73717818277036,8.780933102544918,1499.770648364732,6.190175204610948,Healthy
2.0910485480932843,57.8614359182495,60.23526473911438,10.480243334156722,1462.740979661524,6.797132817698605,Healthy
6.577851223328142,66.83381731505162,78.21471696725857,10.291629648351737,1465.0759108499917,5.856807727328675,Misalignment
2.2336327282068305,72.74823041302552,60.42087085923105,15.160607180130906,1486.223032013566,5.113422160425499,Valve/Leak
1.8240467675992036,50.653352686749116,46.61113658917907,9.593765875107035,1515.313057116719,5.668859737001118,Healthy
1.7227148754585584,56.874975768038574,66.43042342107155,8.460789382485483,1453.0444803673881,6.594648015709742,Healthy
6.688743326381849,80.24249657155846,76.80982668166057,13.39682023678655,1447.9528567340801,6.0426175344051565,Bearing Wear
2.8175076480739554,76.42078029621823,69.62001868963102,14.506357327361021,1490.5451251785196,3.7207181873897044,Valve/Leak
1.5036686713858798,55.27007720577378,63.2806412465381,9.164717068739417,1495.7385237112876,5.797857701539239,Healthy
2.3533254917698576,50.82013528158291,55.565822653184526,11.041156040030081,1482.1711430384987,5.418352201878682,Healthy
6.512078521307866,61.581919962631204,69.95610993303016,13.355121445548614,1424.2024580166528,5.302462091480599,Bearing Wear
2.402895798154427,51.06448500702685,64.56320329802989,12.054892921113128,1506.933265419422,6.476422838078783,Healthy
2.645025435576862,94.66468368261947,67.2037080183138,12.11373206201765,1369.2247236957417,4.928899942806966,Overheating
3.0581377456768757,68.08374800718832,74.92299523227845,11.74647956088603,1442.754131495569,4.5902632424562535,Valve/Leak
1.6021368986455784,56.1602130237162,56.105963796104845,9.802660466422696,1482.8767478830312,6.2241464795263735,Healthy
6.273162340540242,59.60750831446497,76.94138319653749,11.5510653511963,1450.668035902614,5.6121919282116455,Misalignment
1.3413825691115875,52.84590922977976,58.62240458852918,8.737590937496702,1474.185779769904,6.08859236573792,Healthy
2.6842492929833233,84.50959440642006,75.20769392158472,14.318736825400975,1405.0331713532403,5.592829364663657,Overheating
6.978154849834528,57.182230355926684,81.55088798713379,12.245825294017255,1428.0096016742737,5.852508523726721,Misalignment
1.3780044188992058,57.594246381315784,66.00308733154945,10.728836922116797,1478.4856986844343,6.770349080227378,Healthy
1.8030867906275474,65.91055325976707,54.519163826467,8.528159779462543,1471.5778922575216,5.696543928791766,Healthy
2.399045348200558,54.83010214197661,59.95851616190107,10.058814816208905,1433.7534901405043,5.393895796832773,Healthy
1.5785355993261312,53.841062564269414,67.02064189804045,9.925550502606802,1453.5566356455404,5.682760085094131,Healthy
2.7662469857295076,57.97938717824441,52.18758464652335,10.30680493510415,1487.673941983014,6.010216083356096,Healthy
1.818684478065128,51.801425464064636,54.27463020820488,11.365987835468244,1497.646275900594,5.886028222966676,Healthy
3.2727906232733743,86.05730134845638,75.23541208549423,14.001723542473725,1460.9495253267335,3.9827880207949122,Valve/Leak
7.7827265410794215,65.0227482756736,87.72319932603902,13.256079132631218,1387.1250713112142,5.431045282966133,Bearing Wear
1.037769348085622,46.16934417057353,58.64769129802869,10.491544259094942,1490.7556741380224,6.632959821076584,Healthy
2.7018777172315827,87.15584248306851,63.076861917864825,15.06129396199509,1430.1088881394846,5.605847602691397,Overheating
2.638191779537296,55.37635921559979,66.83659418875118,9.273353160700655,1478.5341791091903,5.807666708055832,Healthy
1.4927577767042757,53.39117262248254,50.701617545886734,10.594376085569861,1504.9358055145096,6.364283180520038,Healthy
2.4197001979899744,58.49846914218253,63.071978112530395,10.678913457628626,1466.8863574018487,5.919922622592061,Healthy
1.8321474306502432,47.168451819825805,53.82495506553031,10.229976115023474,1498.1155181744384,6.003736763663882,Healthy
1.657915192562056,50.401187849223646,62.22471071032849,11.291202610649442,1501.3135424233117,6.262026744709847,Healthy
3.04431547812616,104.9772904689233,71.41579553177131,12.72165859893418,1412.8627175053755,4.881081348189259,Overheating
2.112115720515867,61.74386422033506,59.45321247616085,8.14373250123469,1532.7473508213998,6.052435418874896,Healthy
2.5728811441954442,65.17928640622148,58.98780912771493,9.900757589273027,1484.7609246942316,5.55561174737916,Healthy
2.8909629321825108,54.338967810502425,55.81221510987395,9.547958103636725,1501.4564737466028,5.209641245950024,Healthy
3.2311093725212308,65.15531313644514,62.866013904093364,11.31644261004398,1506.1365256959255,5.949659198604361,Healthy
2.8942915093936783,48.681188784379344,62.88325438740798,10.361475448088552,1482.0632896994841,6.0058533222661525,Healthy
6.315572197849485,70.59307646431589,77.3825733161359,10.822123405323628,1404.8023562752692,5.711022992869185,Misalignment
2.4351434096941382,100.67526253228773,67.15027570336427,15.715291130085514,1374.447231161319,5.167572934140701,Overheating
3.103963165334043,93.78489722658865,68.49330247826198,14.992173857968591,1349.7694505306683,6.053858049234436,Overheating
4.360014438193524,86.99870831861803,66.58699441240155,13.721568198592285,1320.9906129426327,5.7632831912206655,Overheating
2.7666665112263793,101.62565286629713,62.34982011352481,12.64439877272672,1432.0142588224803,5.40019277978824,Overheating
3.892494734018526,64.99632758907254,67.24235646717747,14.039736413283725,1429.201316112262,5.087673579868097,Valve/Leak
3.699621905129892,100.23461106813525,64.23856038018786,13.281481832230162,1398.281417521832,5.78507369899615,Overheating
2.1577189878882277,80.90521633052174,65.59086957740263,13.424900658434083,1454.9448947775224,4.121067194388294,Valve/Leak
5.914830812242476,63.21586935891061,73.65142181862554,10.496541580922495,1409.8972792212487,5.700221254833648,Misalignment
2.355744413530213,53.27401725570164,64.90827817309412,8.41280619861263,1507.5135670343134,6.518062307930769,Healthy
3.70808600735506,74.62340726319103,77.74684230920889,12.249028682351684,1450.1145877074462,4.167877590773281,Valve/Leak
2.315297317774213,89.22762981458204,66.18269039103508,15.076295745613798,1371.876776962397,5.768167181108773,Overheating
3.8403231854384674,74.11975661116945,69.45641350666614,15.082748362776897,1460.3850998622863,4.6701773098076025,Valve/Leak
2.417634039814967,50.014543835464934,53.80488609345856,9.702370579936899,1494.1899824691645,6.177914346737605,Healthy
3.3045394014329847,70.0353526994962,63.19994738134066,14.416524853476814,1459.8484692697937,3.4469301158836343,Valve/Leak
1.5021309444364965,52.87181244825092,60.03095988221333,9.09482195166501,1470.2475166208728,5.702352066354672,Healthy
4.99197948286844,62.586177176984386,70.52650779113023,11.586584115975846,1436.0240016059088,6.3778860899963155,Misalignment
6.677325013921769,67.24793512316654,78.70168636147447,11.466588817002158,1431.5059803627978,5.888269677461041,Misalignment
2.4194597771524196,54.84352595070835,67.24759487145322,10.915135903585316,1467.4809675544805,6.498676418759502,Healthy
9.316270893949376,61.969328333502006,87.97067307502522,12.641124249221292,1483.7115058552524,5.668521277078235,Bearing Wear
1.836356044309722,53.90418848750171,49.754039916913484,10.045371608960737,1458.482970226709,6.259634041237382,Healthy
4.372766419863813,70.4629280589571,72.58234759804718,12.744314192248597,1419.4182952884898,4.097643497431252,Valve/Leak
2.300994902832481,53.53366131086066,52.71621941542018,10.644458587733286,1488.3897317092699,6.33736434154104,Healthy
1.1578126035952212,57.66880091538348,59.95428617463258,11.391683773400112,1480.5746606489283,5.981813244324199,Healthy
1.7015344655994344,51.774321394382156,59.51052366831029,9.079593691730027,1475.4180906906806,6.77582454297948,Healthy
6.30803794139965,72.75838630477459,70.87551950996678,13.490439869879996,1416.1849244732082,6.701522358203672,Misalignment
4.896124231843354,78.80255285885089,83.29654515728394,11.148047314022895,1465.7391436049495,5.396833870098097,Bearing Wear
1.5296027588512167,55.88539639630909,66.67681289545074,10.386517935432453,1472.8041682543771,6.216564444335168,Healthy
5.161139215803966,62.84864969746492,78.93425123059063,11.40579875382143,1446.0549936350403,5.889046980435827,Misalignment
2.744058468284668,51.5110327276617,62.0951947485291,9.88789534684625,1491.259863340693,5.757805205913225,Healthy
8.653933499003124,75.94793849497823,85.94575195584189,11.347312130844474,1534.6633535157869,5.403350182095212,Bearing Wear
3.232949421653637,71.62477534692768,71.1109776384041,12.387741635966437,1470.6763885811313,4.358412242980034,Valve/Leak
3.8566577720670088,98.09529663275845,67.87779466654813,16.75930648324362,1361.182937410389,5.426906902495292,Overheating
2.2793869210809508,59.2408687527215,55.021999738825826,11.435080018000704,1465.6224001475043,5.863012756393375,Healthy
2.7970981813799076,50.709010909595506,61.456235626828416,10.774837754792422,1491.3694032735898,6.2421604132266815,Healthy
1.7226386376974392,63.438898934151624,59.44425300913787,9.756151797017596,1506.9525100262751,5.747773253249212,Healthy
2.4217323008038103,110.1154148926701,76.54327258363394,13.834638527845181,1420.7942869400213,5.502079922018952,Overheating
3.083742049374106,71.75639138866525,60.87599555540822,13.315627985878708,1458.942678187184,4.356100228316769,Valve/Leak
2.747762445565018,77.24946036165419,73.19880642225044,14.675256759922826,1472.3682441118083,4.101196724092433,Valve/Leak
1.0096934203805144,65.51839944365393,61.37190071888784,12.184455894125755,1462.6130988063874,5.552941846954374,Healthy
2.1812673713833295,56.69122387218472,60.929131016252406,9.371882839073612,1450.2928841184296,6.113260222660275,Healthy
5.347592442713528,67.71620920919058,87.5839539119703,14.981638855884439,1479.3777790976137,6.373287034851632,Bearing Wear
3.2567976032606123,87.03474188913655,62.062866316645646,12.504123620326906,1451.6205057604398,4.646778510679161,Valve/Leak
3.610743686061281,98.47789899061641,69.06673717473399,15.192834570267646,1461.5327854653037,5.4803162148250495,Overheating
5.2634507144370914,60.17602494866216,83.82414392301801,10.187881212642925,1449.2393623085866,6.112417119802993,Misalignment
5.010159221681106,75.3472419552771,84.65180796150882,11.100136322306394,1442.4754746471883,6.214708314816401,Bearing Wear
1.9360382709972497,49.304462679653604,54.6572770154418,10.753030159924661,1454.4451514869122,5.9527382047022765,Healthy
3.3676486706960764,99.45349522397002,59.69482364066836,12.159047515741333,1431.832881481522,5.387059204442057,Overheating
3.114506590099615,116.33817671330078,62.63840092343326,14.583697293784144,1368.2341734965012,5.952832004260972,Overheating
2.311048117268538,93.69629063531943,72.35917386750263,16.027563658058682,1347.4241744293743,5.353612142507117,Overheating
5.932822199305277,66.41711257274629,80.63465958330039,9.767838293701578,1404.809075077118,5.8105203667133445,Misalignment
2.5598826741261487,59.098831835935485,59.804200256646155,11.229569737679693,1478.9470953832338,6.271187204948963,Healthy
2.898410033755323,55.218377077090864,58.68694889526791,11.395075362788367,1509.4370515736503,5.822650203043874,Healthy
8.582841359399335,60.74963575842776,75.44319142875008,11.747557327786936,1453.0731914718747,5.37601913348912,Bearing Wear
2.13323504431824,52.598060529728606,70.16732089583928,10.429761210007305,1502.5697807304357,5.417514804532271,Healthy
6.460062610648927,74.27428844710137,69.95032110513809,11.143376646501283,1392.9471126591104,5.612550960314139,Misalignment
2.6059110293097905,87.16685658098194,58.360411546927075,11.170987850803641,1419.0633521285836,5.739032410172455,Overheating
1.545412101067379,60.02975645287091,63.53389333755429,10.007294406644998,1476.863425134815,5.740353812385612,Healthy
2.808623902658999,60.68928307808257,58.71894788185461,10.53862146177436,1457.971399009565,6.29202687096208,Healthy
2.345127780638837,69.845360952372,57.14993783836435,12.92280330923803,1489.8127097556596,5.70014974669522,Healthy
4.6554689254938735,74.95793210821859,66.60308286300497,12.755847266748516,1470.7693944427238,4.195639662393484,Valve/Leak
4.241527627657994,65.23217601262394,73.86778196658346,12.912522874381443,1447.523866348532,4.736087083894971,Valve/Leak
1.1068533134813865,96.3471980885729,64.30910130063552,11.970729124280062,1331.5779001525987,6.272253351067522,Overheating
3.013752006150246,85.17146945375664,76.1323749583934,15.123132124648247,1430.501151797087,3.591303704937658,Valve/Leak
7.497399061714947,77.49797221395924,75.21526674812404,13.055396123957467,1479.6780590026087,6.174468826724555,Bearing Wear
7.622338205915292,65.34605744820789,83.24232350891721,10.4355954910531,1427.2400281198375,5.703615068648352,Bearing Wear
6.089450268333231,62.20241768693067,96.76657473075406,11.249155585163612,1459.898967205937,5.096411217502259,Bearing Wear
6.167160650486847,62.780627285374365,72.82429464668026,11.869409857766055,1341.4071371376563,5.57032266451637,Misalignment
2.895511135014987,110.03187178207048,63.31203264775934,15.485340488092481,1472.466287461438,5.768245634315372,Overheating
1.357756207006527,58.72710141357102,68.22512611828225,10.545963095529121,1504.668963078723,7.036778819095234,Healthy
2.2295569939442577,72.30636459302673,78.2212911611269,12.701464250862385,1497.642639870324,4.1665315510058045,Valve/Leak
6.579110751587381,70.95721804192645,86.27468456661724,9.587187110374924,1436.7522012225677,5.306716765258624,Bearing Wear
2.874316909272779,92.55734835566984,61.024181151674,15.517731764353364,1440.9359974834204,5.72411766173339,Overheating
2.921492178229166,86.91684612931925,64.26353307024452,14.971131750843906,1439.6841729166042,5.689137911943617,Overheating
7.31170766432495,68.59863836793822,90.24196305819648,13.359714150265011,1434.2748490502886,5.951592903428027,Bearing Wear
4.589686237359514,72.64063895267992,77.2328669092569,12.49233631400064,1403.9408109351639,5.512133169191704,Bearing Wear
3.9613798162490768,91.79890964008443,59.625145231956466,14.54651762299039,1391.3210564506458,5.816224224259735,Overheating
2.105426941069889,67.34783398363594,58.80360520482829,10.186730409700628,1446.7791948392476,5.658808284803139,Healthy
1.8350511287488904,58.07216480300389,62.124693428982965,8.68197056412224,1500.3061256524963,5.50292602263104,Healthy
6.229484915534213,72.83511504003289,69.98061823936254,11.147684453419552,1434.6806140649103,6.162943991108976,Misalignment
1.79796236799903,60.05924620631475,66.6516085941319,11.783959178871573,1490.0384659944325,6.062974764141053,Healthy
1.2705066339251962,53.61023233670751,60.561688681132544,9.890507697567093,1491.9543598562966,5.418330690237389,Healthy
2.997384754565155,59.97799379751112,63.080950646063606,10.39068237502249,1472.6913628520267,5.298371899297314,Healthy
0.7757858418551657,53.37222068693612,59.98170405248835,9.552809564592986,1523.4276612027047,6.729737114040025,Healthy
5.074673233927623,74.60707663482728,78.0948456941185,10.058020340246989,1430.9815073388872,6.283429941415253,Misalignment
3.098372788270954,73.89885826308095,63.39487479076001,12.675888582690519,1434.3634356239204,4.63433400785336,Valve/Leak
3.233442963305112,86.65906508963842,59.33281558429345,12.227178186243977,1388.4169938447967,5.572152647988185,Overheating
1.1138824341448528,54.15680307985166,56.24713945144949,10.534178492770257,1474.6472733784149,5.967667597752605,Healthy
2.8623238547952496,48.58210288383399,58.00133004805552,10.107598453272969,1474.9727907556953,5.694425606917251,Healthy
2.515943734375769,66.24369095099281,80.07534755627822,15.717635114317662,1458.73020805011,3.497621729850439,Valve/Leak
1.509461754341051,52.25414473202667,56.85575219408355,9.49949433979604,1472.905594970185,5.474599220268294,Healthy
2.20535975908734,67.78791803004144,76.11966548718061,12.959731671551014,1463.1328460372192,3.083875934824352,Valve/Leak
2.451584087869505,101.74381132620617,65.77137402098849,13.156919856432012,1332.8884161779529,6.36993838297123,Overheating
3.604152079782303,82.91296623271575,71.34452207337317,14.622880061658103,1448.0356185563294,4.568789266416604,Valve/Leak
5.496141204515687,65.48500287727138,68.66300545020138,11.32942422237468,1420.641253703772,5.104975746884928,Misalignment
2.7239562374772857,100.11701878902946,66.42598976246889,16.171208550534722,1420.804383824993,5.278415571906286,Overheating
1.825975981544229,57.43986428056584,60.299110737316134,9.371440366041078,1480.1720094212503,6.184472266221904,Healthy
2.1585043808223525,47.106584519240876,65.52785671570804,10.527180810771974,1512.585660712436,5.55336142408983,Healthy
1.8678424179704036,59.67890031784065,59.08883976396055,9.623356646945094,1458.2970788701994,5.461676120911003,Healthy
1.3721121787985218,62.97861241795309,52.48974038365529,10.148895478106095,1488.714102537702,6.142999692779181,Healthy
3.75712025395974,92.32446702537997,65.43775322845106,13.559657730551404,1452.1010236500072,6.33994636938995,Overheating
0.9844495786978378,57.845657845095104,65.35186442117855,11.956977313248455,1494.757807024333,6.558312383474883,Healthy
8.757733325957041,75.28696306097889,77.30674262233887,11.987457216242465,1459.001158571775,5.760076146722551,Bearing Wear
8.880673676425484,65.45900989786982,89.79431417719992,12.474662437318846,1424.2740283228502,5.369359400698569,Bearing Wear
2.2427885149743862,54.683775932994806,55.87111285011613,8.123894875563945,1488.654218036978,5.930509082559873,Healthy
1.517980037674586,53.80712418288367,62.34998242869629,9.670017015578651,1456.2294734540706,5.976750017985805,Healthy
7.048321109493053,70.41054125376573,83.04598625933096,10.665504284153094,1422.3130775093884,5.135258373299234,Bearing Wear
2.2312270880239247,55.412434196264485,61.477913833886944,10.339529396224892,1465.3090741949015,5.869895068282679,Healthy
3.255712008437502,60.101010207280424,60.83941142412696,11.365984275129685,1504.7937648901684,5.447790276973999,Healthy
5.983675603191414,68.05763974491033,73.88003627353784,10.901468884912124,1416.1595351812598,6.319574065034043,Misalignment
2.700851659902863,60.93794403362339,63.82216334111047,13.380612959646283,1468.4038572490163,4.043404153979672,Valve/Leak
8.624851464759146,69.58463598832016,86.50259713836526,11.321183336664902,1468.8066316435459,5.322375807990141,Bearing Wear
3.9119882101825803,87.80644187635338,61.054907622496586,14.631873146067239,1386.4699558526552,5.71783981948866,Overheating
2.762405879060029,55.04153496350652,72.10277565504373,10.60267529711283,1453.0119132350374,6.834598633389299,Healthy
7.456177150097176,73.87980073719056,77.86571941229687,9.293435834495604,1448.7475087749592,6.351508135659667,Bearing Wear
4.3673371979273155,102.92732469915313,65.10304353392726,15.775635381990838,1460.9038154341893,5.467927211566849,Overheating
2.070225243666621,42.940460861373424,61.40215950787922,10.720437983084814,1482.8902218283101,6.137869768144549,Healthy
1.0014890550228468,63.31297380451682,58.16085576299141,9.382229872469827,1507.1596555690367,6.391480187384486,Healthy
2.3846848615497973,49.225058321547586,59.595528129902256,11.29478410945725,1466.4571636173966,5.6006666780025,Healthy
2.051028505548897,58.23786049920009,53.109237813801776,7.450623229599369,1498.4246385487775,5.566807210718101,Healthy
1.253411614436835,101.13747609215335,66.75169112036265,14.465291816076423,1412.1382033675814,4.6759351383874055,Overheating
2.683791022687663,67.50754337318199,68.37093070212276,13.295439643214554,1485.1609579063797,3.4598979864796497,Valve/Leak
6.7115436789237775,60.3795841501409,74.03583613116061,11.46655211548735,1430.3362657843854,6.169679104226426,Misalignment
5.6881374603357555,59.136451225680624,76.23584278206832,11.09997277749237,1400.215039165832,6.132822329938106,Misalignment
1.6699534660179949,51.361839278610205,56.179257215393406,8.32133844781274,1520.0896337375018,5.8204458477936925,Healthy
2.098579962408526,92.67219520163611,61.52395316668342,16.157109780140832,1350.0504873574478,4.884586307484665,Overheating
2.914234802952553,93.6623309823253,67.79818123152232,14.2050674559418,1398.1272965255887,4.937741559230544,Overheating
5.299571618709452,59.57817529550535,76.34602899261594,9.201285089290238,1416.585197211943,5.83077005666729,Misalignment
7.478757115251449,68.04075883905425,80.99504797623737,13.866720225674687,1440.399019343625,6.36765214702172,Bearing Wear
6.980476404076243,69.16751591498964,86.38731165179395,11.370227707656072,1452.8840492123725,6.41232561063825,Bearing Wear
8.26688601234344,61.948416569035004,77.91928034979333,12.326626384135484,1473.122137763678,5.59234577902342,Bearing Wear
2.6969215013364822,58.4293833337682,65.28993340364754,9.558549941566776,1469.5995882536831,6.379556241865263,Healthy
6.097073005244784,66.33485782364778,79.5208213816887,11.233057290540629,1476.2525065437603,5.196134057308819,Bearing Wear
1.6458906206269257,53.94849802606528,59.26877209691322,9.779255128362689,1474.2574474016906,5.8222576264635215,Healthy
3.923841482875831,72.15029589641956,69.24431024065031,12.226416733177496,1449.801404471733,3.879414395819316,Valve/Leak
1.6232004567645366,43.768770641758934,60.29154018732443,9.720609172429791,1468.284235663854,6.3646224479790785,Healthy
2.788122032484945,60.273388802237456,56.85973368402591,9.549215728316998,1490.0877390292537,6.212486395936399,Healthy
1.19161162306787,65.56846360601003,64.78062024967775,10.15685302829435,1483.5155049848008,6.248526811398609,Healthy
3.913633322512032,63.245640103173365,72.72585021897838,10.838565341498018,1453.1238182942543,5.183967921017076,Misalignment
1.6591274817321866,55.7717256323328,64.16062806670188,11.631323419561157,1474.272916002313,6.332192363849994,Healthy
2.270834575535065,54.878595300808996,58.00234030779748,8.934600669397387,1457.3681426775656,6.138832729399202,Healthy
2.7091448355118697,75.98885175778085,68.79706499746736,11.904185015457726,1453.3375482742454,4.610314923603997,Valve/Leak
7.251132181045052,69.6674455336367,80.43514065178327,11.559971719440764,1402.8495097366404,5.843856077662933,Bearing Wear
7.07243721722279,64.54013788482905,72.14093171715363,12.160559328056454,1399.044534673257,5.600926837665865,Misalignment
2.6547531521663883,64.36432848296599,51.632030109039704,9.184227559383334,1481.396271630161,5.793722345196539,Healthy
1.941201029144846,57.03775930089152,55.195172530230266,10.192659650244243,1457.677451541816,5.835256833587371,Healthy
2.6763614468387447,91.56357450255216,69.7178967836933,13.911109891520598,1404.9001293241527,5.491019188601127,Overheating
1.4024429918626655,93.08793419971518,66.39279994086903,13.647702210919832,1365.437641002662,5.403874752253719,Overheating
2.389501624441187,58.615099909329025,57.23292736178182,9.95007574615079,1485.5239857238482,6.169857758176272,Healthy
1.985926184329192,60.84372402103259,54.19958461178199,9.36232617544929,1437.2835116597728,6.060522616003894,Healthy
0.7223074451267839,55.941431837954205,63.02105173615922,10.547237596338439,1456.082777599307,6.3092479892369,Healthy
2.2955188094582577,54.37071054576486,61.905186835277306,11.109235800040778,1475.9195589179517,6.113641923558683,Healthy
1.933384917595121,49.37301917291076,63.38021562077997,11.434877610609373,1505.7756702563513,6.28599510653155,Healthy
2.554917091102582,68.49239707404718,70.26921035096872,15.025917801328806,1432.9864591610701,5.321101044298215,Valve/Leak
1.6165493432632774,59.22602356155894,64.62152133412063,10.649946911023735,1464.61089066388,6.2008112510956295,Healthy
5.2027541360197915,64.52564917947872,70.9001820004945,12.052748247878633,1412.6549740427122,5.81181751268756,Misalignment
7.037609811421666,61.669365128251535,80.71005551372377,12.068543585282251,1416.6217714716424,5.911867123304407,Misalignment
3.4365775962055816,93.83317213202659,62.91259668113618,14.06926874486007,1336.711369458965,5.469660702077968,Overheating
2.069027190130585,59.75828282862433,58.11350956069612,9.540709287673746,1457.6536199204768,5.83770203858051,Healthy
2.1377716825932263,52.0723189210089,54.96929030966467,8.401469274234078,1463.3921286118536,6.303677403415456,Healthy
1.5209141259287142,50.759081079828796,63.247403999699664,9.918736924618372,1467.4559117157978,5.876644652178172,Healthy
7.219623074205644,72.34312664834924,66.23948027185142,10.84889772216306,1410.6563270254735,6.117536078333539,Misalignment
2.1632131064600197,50.6376497867027,56.69493331001382,10.620570866132855,1494.4014634641885,6.056380948974962,Healthy
7.06014704292226,71.61457934648338,89.29576585103088,12.945248560854795,1450.7075630165025,5.7803802330690655,Bearing Wear
6.063603226960283,65.2418311040095,88.26373764881866,10.930696670408155,1474.4180160373908,5.779462915585749,Bearing Wear
7.764350564265769,75.05757954863246,82.14180546098876,12.613349175718563,1472.136639686451,5.179469320240226,Bearing Wear
3.132976523057037,59.73644147248906,64.02940381064995,10.588758597459519,1473.5313331662655,5.9559319154925925,Healthy
2.221426244106862,88.63569852122525,63.01335405628751,14.984379762343263,1365.362553669032,5.4098335732330565,Overheating
2.1905046090924345,80.36139249928569,59.86743730290598,14.391329775975038,1419.445738731099,5.697745193544562,Overheating
6.248326119355065,64.95634525007688,87.25034802910514,11.682374894644589,1477.212358676383,5.952549425735019,Bearing Wear
6.441356434809285,76.40520550064707,97.20805538282991,12.08061384241144,1464.979200308223,5.427788684520605,Bearing Wear
7.129058169524301,62.52773407966694,77.9307978553742,11.280472738844605,1441.7235587082755,6.2248078963061095,Misalignment
1.9305060869135786,59.166481777150686,65.55928044762307,9.445805565980002,1479.9640174590686,5.292522877911639,Healthy
8.467741091517125,68.45622863506443,85.80061694700817,11.66970639758409,1438.4831132837242,5.892868514738638,Bearing Wear
2.8353061444895973,66.57269443136472,73.53445951509806,13.287085744321242,1449.219052065377,4.218539372811198,Valve/Leak
3.800726619400844,69.35392610793943,73.8102697925913,12.153751257630049,1480.3559600094975,4.718652800001804,Valve/Leak
8.765220269366438,71.75467000047415,92.42768020997946,14.436269928480638,1416.338429083465,5.558704743294719,Bearing Wear
3.7428008873073395,62.94880639566995,59.32094595711582,11.683128782925808,1416.5421997368892,4.336079014912716,Valve/Leak
4.309717087996214,64.79063339947415,75.08556014223524,9.1302169025139,1408.5889647958843,5.8701444992108005,Misalignment
1.8352583864736312,60.896434893680556,70.73272396161786,9.686701514018198,1453.562369348405,5.906166760554474,Healthy
6.9360657462761885,73.66414670934637,98.27145550117729,9.43031871437952,1434.7876099889859,6.416457270944602,Bearing Wear
3.6315948044595388,98.78540418408595,71.18439928406902,16.870009616239294,1413.322908284021,4.801668085832038,Overheating
4.53023700661553,63.514813143690155,72.98083941514344,9.982588931118176,1426.2193204527623,4.643468640699957,Valve/Leak
1.8117790873058606,50.928219878225434,50.01728730182454,10.693405886226637,1474.3370526068486,5.391253930194538,Healthy
2.290624007705064,53.996631549373134,60.57996341656211,10.038126815487441,1465.8641038274366,6.021703845319933,Healthy
3.827714938660466,99.74437603153606,61.624509843820434,14.954318827354676,1418.6186570934617,5.2161164830219215,Overheating
3.475785171853278,80.26144891683866,59.12996861211701,14.968073486043153,1489.1039918977042,4.299559250083017,Valve/Leak
2.1952167246095717,51.797173196705145,59.11152490026665,8.524973048561021,1445.169540858633,6.932922653882354,Healthy
3.1629512168018934,94.81560324133476,60.86112990259554,13.539406835355098,1403.647547758734,5.421344688979214,Overheating
7.575386551868854,71.13018815120886,87.35744663046216,13.057567218029753,1444.884282631052,5.732444823887408,Bearing Wear
2.339189353763616,60.7582095106538,73.33323221234488,12.244779886150877,1433.0662260676638,4.64261900854621,Valve/Leak
4.736435942368157,74.67473059504778,66.94656867801301,10.9133216076639,1373.3216967545843,6.0082632935408915,Misalignment
2.4096374076646847,54.91306806846646,66.75303889503415,9.570286082596075,1447.9091128770817,6.095006421210746,Healthy
1.0903700593112724,49.723098619571445,56.314337772617556,11.555383390400733,1494.1489159913997,5.860905934882906,Healthy
4.552648144167945,66.610563333112,87.40597227405017,12.248064459593202,1433.8193156228917,5.7846767471476,Bearing Wear
1.995321669915756,59.305019784617365,61.593510549438214,10.51124047042968,1514.2710957646016,6.331002533186027,Healthy
2.462468507023856,85.4455167629267,64.29859604644547,13.661605457483928,1458.3765660955742,5.047982226937265,Overheating
2.2025896830214435,55.50051251992179,59.142351763806516,10.358568453206345,1501.5819526182395,6.614298188489065,Healthy
2.3473233971243483,104.20720456456019,59.61183276632255,16.6858682646727,1453.7654145967492,6.095759516571548,Overheating
0.9437549799310925,49.80439584462228,61.53444110346529,9.324353001449067,1473.6944024332422,6.24512327233037,Healthy
5.537175274810792,75.3139522788314,88.08941665092236,11.626506085530654,1471.33798552314,5.838018825239035,Bearing Wear
2.0756039427787547,61.6196383329034,50.63173609312393,10.459219023211828,1472.0427640663831,5.6563796046625985,Healthy
3.622361202313424,59.96113986544517,74.29297381189879,13.712977655687121,1441.9232123335585,3.7823480265184175,Valve/Leak
6.594961723315643,68.9350747701606,89.78198068215107,12.404070546750837,1418.20275654087,5.895549729977938,Bearing Wear
1.5325868931677773,47.052463781138115,63.124016675127535,10.446397149479468,1491.135380565618,5.708702226603295,Healthy
5.349563023519303,64.08050312888872,85.20239319849001,12.393529545483268,1401.1354631218192,5.3769821142789445,Bearing Wear
2.4792593664551466,50.9344862356689,60.70287641397539,10.24539264063408,1475.0061634855306,6.107208015263774,Healthy
6.21305536172566,78.60615914481338,94.02858941198565,13.264381117915354,1483.0117656986095,5.069635657584095,Bearing Wear
2.782228901225322,86.49385155848424,68.12149615296134,13.893885159547809,1469.459300706371,4.378061730365604,Valve/Leak
2.212399315333023,54.882346882313946,53.99983584886939,7.298836086514485,1505.6368496407144,5.753400885496984,Healthy
3.3503688168023436,97.51273645441422,68.83946155740684,15.673573552697558,1363.2405452288153,5.150007317332663,Overheating
2.4108200920275813,44.48680503093807,60.64103168045629,10.932121824480669,1497.8171289403629,6.283424633934933,Healthy
0.626408646742151,63.06734344786137,61.65202476786688,11.334651271678004,1456.5073104617325,5.29846926216454,Healthy
1.5367390826902425,53.44575547683455,62.63727320231244,10.772886660288515,1501.5683258972856,6.089354466956321,Healthy
7.8479591590050655,74.33533633840081,74.10979065288268,14.128027262480028,1375.3877316231915,6.213766254637539,Bearing Wear
7.846611377540246,73.06116523179521,84.77726470656559,12.676629959070478,1447.4065403375794,6.085580330628049,Bearing Wear
1.3293805046825624,39.059268360309105,57.921628665270426,9.515974100085971,1472.4486364920406,5.629424418428955,Healthy
5.342404652941975,72.70465063432995,88.83079370714226,12.474698860560919,1464.6142982747776,6.179706902290985,Bearing Wear
6.584204063529217,72.91822263174919,88.60219742567195,13.334521531828129,1398.6282172032857,5.726587391726177,Bearing Wear
6.560964826612025,68.63354585668881,73.62793659421459,10.270732018041567,1447.908906047783,5.846703073202817,Misalignment
2.8864765270747443,60.003555243174446,61.16328703024052,11.825574886182645,1484.814405811596,5.808322443833758,Healthy
1.648249218774441,54.96815126332471,62.31543408081134,8.584843060514082,1471.0214814486467,6.085140405578959,Healthy
5.974077247920179,66.22254066914171,68.80738796504727,10.088213262322475,1428.1741448814778,6.104220446075998,Misalignment
2.320940490750359,93.58062803871083,72.55919171438404,14.816387348894843,1393.4986782657438,5.089665295312141,Overheating
3.0046132535638512,73.65568259160004,73.39338067060936,13.465582701266577,1450.7440909432828,3.94444755030371,Valve/Leak
2.610472874650481,64.24977782821261,60.16769513168538,12.576173335444345,1483.4995955166708,3.912026155329403,Valve/Leak
1.9963592274307218,60.547790333733715,56.21139433736218,9.257783272080209,1481.8209140665995,6.193021866537959,Healthy
7.350958540816942,73.53091572070139,76.47696592135979,11.48859382621629,1434.4395241282073,5.611951136951652,Bearing Wear
2.6466473950924154,59.96953418272899,68.58088808899404,11.722712762490024,1472.4082995295637,4.60284849592686,Valve/Leak
5.225767929959677,66.76686511709603,67.95562432399218,11.782660877180211,1461.4794960458667,5.835193746442706,Misalignment
0.8447161872623437,59.0701264738055,70.01268489338177,11.795651198335154,1476.1005296501899,5.562929672912841,Healthy
5.873131223847974,67.39065861821709,76.51375851648473,11.093003464179807,1460.855414104476,6.326267227612248,Misalignment
5.076887528613574,52.50442080224906,73.26919319950103,9.906674841488666,1442.5759075699127,5.765653226061828,Misalignment
2.4059830478759405,56.98627340016872,59.416549700316715,11.68642567593526,1494.7629783266607,5.833655658502344,Healthy
3.551865785452825,73.21707419027692,63.27304173799614,14.073655407733684,1491.430805004922,4.790694434002923,Valve/Leak
9.48303775546839,80.37975421193741,87.04397069055833,11.687358187063538,1395.111949089936,5.804347138176018,Bearing Wear
2.0217764527136772,45.55889500663792,58.566893256264635,10.645332048856682,1459.4816993007219,6.06627649809488,Healthy
2.5589838205128723,63.56302696397012,58.11086968694667,10.183757381790702,1484.3013834511505,6.259749943755347,Healthy
4.140004448239817,81.01221961867498,67.09010539111496,14.731116513536351,1390.5908306988013,4.594396103001766,Overheating
5.289439237310026,73.38977704961862,76.87645684913937,10.20451517250574,1368.4206498561457,6.13624707288735,Misalignment
1.8921115744232295,58.018377410778044,58.25864735768343,11.067215275168161,1499.8536967154107,5.34442985143883,Healthy
3.0156408615217645,59.66098175013545,53.688094974857194,8.429619961577094,1484.1554413122024,5.543073843250689,Healthy
6.943264972479091,69.45736966681172,91.75922969069495,14.752134358688256,1435.6324644150352,5.347736334478704,Bearing Wear
7.63148011444272,62.98392421830178,79.25179446007107,10.16286440746588,1430.6381410430038,5.435223087079938,Misalignment
5.883545021284401,68.04061449581039,83.89030804344762,10.611104579090657,1370.0081255796292,5.81915844432817,Misalignment
2.100950044128369,54.21288594857372,67.43857470398176,10.136214539867815,1477.9040746976107,5.688917549267611,Healthy
7.395078323581525,71.47250739920413,78.64401679043097,11.933441460672274,1445.6844569941866,5.55019979023633,Bearing Wear
3.283557169773399,70.6451297906979,66.45403845143345,11.965993569115717,1456.7503733559365,4.662241784434885,Valve/Leak
1.8814389890126817,56.5424521228421,66.82192507333801,10.490414035180132,1485.2040196314572,6.2554118017039535,Healthy
2.092033910384761,52.555222880603274,52.24723339332235,10.342835852387344,1486.9336016887107,5.884914816691898,Healthy
1.6391983395691836,46.14307794067656,56.514420770724016,8.459060697448013,1486.7607271098136,5.699168852117752,Healthy
2.48189940127973,50.37512953380935,55.95946568372343,10.534439652683652,1499.5967956289599,5.194951755350749,Healthy
0.9012047035783677,52.25741945050619,65.46828403948116,13.009770133419362,1475.2235233170206,5.501153648651982,Healthy
2.033034844020152,51.64879380230562,55.37588162010098,9.573149993527656,1487.911545324505,5.932236424377462,Healthy
1.664968750157103,52.93070725164784,55.00286801207891,9.292855003612235,1492.8727200120748,5.907871615509804,Healthy
2.512474349532487,57.08359909892536,53.08433518126401,9.634620993886104,1464.1580234188443,6.270762283631853,Healthy
1.9636133330570194,54.05402790078871,52.599327351373034,11.405396167957155,1493.2466011436704,5.701046559580053,Healthy
2.487058957423694,55.27870506378796,67.78377093334045,12.917850841917806,1477.4775652817723,5.766988102783654,Healthy
4.343710452285655,77.48887030869787,82.87903713962031,13.313033621205099,1482.2935651266646,5.367611908027591,Bearing Wear
4.221280822615303,71.57960910123839,66.03827477728778,11.745792046114941,1456.4636054899722,4.953947210489138,Valve/Leak
2.090881173155397,62.94260471795524,66.97887582485254,10.334122210722525,1535.5223931507228,5.901030737762596,Healthy
1.8035016974789364,59.51424218209711,58.75806408217612,10.46136831591702,1527.802718197651,6.3807407205525095,Healthy
5.225297207821608,65.94114352251613,69.95998749212741,11.886976348237033,1455.8563291906953,5.828145821634564,Misalignment
8.82747528324399,70.89787959067571,88.39306672992683,11.117314173088348,1441.8345841811024,5.36879691441457,Bearing Wear
1.9478055678720958,46.69816376672477,62.88406987498061,11.022128270526274,1479.8416453018135,4.921103176624598,Healthy
2.024629651342764,68.3422858047795,78.71161780377115,10.078632300556558,1439.5909368778161,4.614784805927447,Valve/Leak
2.4550988759796524,84.19443701164516,72.27032436046315,14.12116289323837,1472.3667429468555,4.280848695799389,Valve/Leak
2.9526733022336433,46.58241537694678,59.82341321906477,9.956801251601572,1471.414455293755,6.392424251789375,Healthy
2.9627364322213894,60.50133204648051,66.82351218894412,8.800835780013767,1463.878281519659,5.710523418052091,Healthy
2.226258971094553,89.37239390473543,59.393222912997224,18.12954082831813,1394.310723613355,5.711955206623625,Overheating
8.151110079903974,59.35800024854508,79.12598352879733,10.902939150792001,1456.5661461552481,5.482767074365123,Bearing Wear
6.503223204426424,61.55198286957858,79.9880853853425,10.606715428726941,1412.2869008827965,6.258326258998118,Misalignment
2.3674085333643546,51.43452602893171,56.42696348173814,11.958136934922722,1469.3757445646038,6.3823658531049565,Healthy
7.459589230419487,68.49674645303752,83.1837069859426,14.291982585242838,1477.913802093647,5.600127616559581,Bearing Wear
1.7077631333096674,59.90747635025392,65.89345887333204,10.554943602015932,1447.6645813758316,6.3015116322114855,Healthy
7.208267854813645,81.87881833361,77.07417606454665,13.027211280670462,1419.39335924611,6.223416763385499,Bearing Wear
2.9006779083813643,57.49854295354112,57.97996990969794,9.508929787578973,1474.9964551797448,5.795710383509659,Healthy
2.6378191383808614,47.51716277528825,60.19180071541324,10.062491516800145,1464.374094363987,6.175299996829538,Healthy
3.624266288767286,80.08241033365202,65.68919291478605,13.043809327320002,1440.8588080183463,4.319715035290283,Valve/Leak
8.151805606481089,77.88095112308174,89.13386298367458,10.709745205738677,1409.4348185702734,6.008008012282132,Bearing Wear
1.9876040614658788,47.3630321893349,70.42377978354007,10.489404550161444,1483.4228303209825,5.532811539597449,Healthy
2.3434420810977765,57.51510360276774,56.600564359237836,9.942934717042501,1467.6798659592646,6.665664633158557,Healthy
1.7378325657001792,49.15765170572482,61.389075411156306,9.507182610282722,1471.6338667259479,5.545914346575823,Healthy
6.1626701525605245,63.66560776078988,87.48257193010348,11.594253432667813,1395.4491445576396,5.285745502793155,Misalignment
1.8015664526364916,61.65737474752328,61.4093191922997,8.017479690305667,1459.6115140316494,5.729887177597148,Healthy
2.157798056121003,95.91690556375146,58.319250893937934,14.009278128467681,1414.8010393779286,6.084604126943184,Overheating
1.5916325378746086,62.46502543479079,59.08410981896101,10.773566768101446,1467.742084576597,6.036311303956966,Healthy
2.1611299776746042,59.01914047581809,57.52600362237723,9.448992080613326,1487.1363643692791,5.669993612008084,Healthy
6.353196418401236,64.46151411690033,74.3557030427971,11.52107041458124,1449.8225105729123,5.835599243365121,Misalignment
1.6807065984144272,57.924819652326946,60.68201331722491,9.45024063424252,1464.3122702832975,6.247129124102371,Healthy
2.376358389386068,59.39667898719281,58.43580124857408,10.949647484836099,1482.7681950892386,6.107103295033616,Healthy
5.0290787016765455,60.4165281806128,73.40672638798215,11.114351007653777,1434.6575097512293,6.014298778716501,Misalignment
2.345681481887419,64.04644221775796,58.23337556275437,9.336331832566351,1466.2933635217826,6.034187130612197,Healthy
1.134835793458395,47.71624063774164,65.10095069733723,11.281794040123375,1511.9977917591596,6.090521775511751,Healthy
5.561983850842818,57.54306182510076,67.35054005229013,11.255262710562727,1446.1703464822106,6.683349422290497,Misalignment
5.370598227033279,69.2684776974698,83.30524480531959,11.26315248480233,1460.3124870242461,5.314210988357589,Bearing Wear
2.3257816328597394,62.098688851159814,61.5518792451797,11.043120450519277,1471.122079193878,5.8782838903683095,Healthy
1.3142077875180922,52.98429848877203,65.64223153362983,9.78888828524749,1474.2879593625748,5.893867153373395,Healthy
3.8688670735353927,100.54538910993928,65.0572862074948,15.638582851236194,1413.6717185331895,5.843648067128333,Overheating
2.869276366716532,56.10106527072714,46.25845326341093,11.659527173469357,1480.1010986242131,5.841802415539442,Healthy
2.2197509342671844,50.55805540531355,57.11546768664634,9.447121896188312,1474.1550591259552,5.793916700107256,Healthy
2.13553115239885,56.965183691721414,63.05301106758644,9.9069057298343,1459.5938134175235,6.722068991750753,Healthy
2.8064135069677922,60.17269210480725,57.69814298067259,7.6520220616711345,1455.418071489445,6.254608818683295,Healthy
5.580150141084255,52.52223249174327,74.9343636787786,9.918221449747698,1408.2685225770224,6.240041638758855,Misalignment
1.533155347313404,55.9279016370506,64.36181045806654,9.597294104593203,1509.3443081004582,5.488532328829936,Healthy
1.2303570008573717,46.739081177947845,61.68274482580058,9.022210680610828,1451.7961527230157,6.151918678054242,Healthy
3.840686717532319,100.25170678801865,60.40948266978705,14.414136446674558,1419.874863095697,5.310046701964363,Overheating
2.123867239026822,68.2343989434348,72.2307238335285,14.809051185216633,1488.785990333046,4.53042923886716,Valve/Leak
6.9097233844296175,61.31440027667409,79.98696079666297,10.795717718109463,1467.2427794662194,6.1779791085943305,Bearing Wear
2.591333219034899,55.3612877576324,55.08534908703057,9.950067103650744,1465.5032581913504,6.263143996702439,Healthy
1.9507341913827734,58.46811114835542,56.29452855204217,10.96397658582225,1453.0480729608078,6.12262038717553,Healthy
2.4136708982119894,48.128130190680075,52.34604438604394,10.750044385861138,1472.1815571690163,5.963679158492718,Healthy
2.4564051899136183,56.496081052050194,61.20332044028522,8.83037953182514,1490.030111064088,5.603114832497008,Healthy
4.63465233521485,64.21729262707794,80.32236630033655,11.22669498916318,1416.7453728051048,5.943658527240475,Misalignment
2.033034341963246,55.886672151299116,54.80002823027487,10.10653836003021,1444.8950326139923,6.230249443361592,Healthy
7.177597830158916,52.77381868169098,83.37212471263356,9.360779323222085,1394.001961125886,6.019622815176401,Misalignment
1.8583072867419745,59.46303026128936,56.0172287362197,9.600308053217958,1473.9584411503527,5.7846416567287,Healthy
5.975332933491506,64.42496423148634,80.3909138185517,9.714055584296105,1410.8177802779092,6.3813964902094185,Misalignment
3.3845657803094604,74.72060174003718,72.74722988460732,15.185259993817219,1462.2885164495078,3.6943283615786306,Valve/Leak
1.716724162886446,54.450315117908545,61.8509050087786,9.178645684781145,1469.7941050436045,6.190339428428165,Healthy
2.4866926579951785,50.06921201068684,55.05237811794216,11.906055865755322,1449.395471168141,5.989313388400684,Healthy
6.965690262520873,78.080624014384,88.91484918643009,11.989197173647797,1446.0806421561138,4.952273034342902,Bearing Wear
3.1857748046649554,96.38997745815546,77.32929378576948,14.421437099224258,1425.2058128317537,5.96598526696396,Overheating
1.956975466631655,54.594063247302984,58.246727588818594,10.44421102913658,1476.5935855804025,6.249974556212642,Healthy
7.176218150090373,79.31240392844421,83.65225901593112,14.764502440450165,1454.9101434198678,5.7773967231415995,Bearing Wear
2.750861404668971,83.11666357336152,69.40087429111576,17.28906974592067,1419.2171708013068,5.716528384542584,Overheating
7.1577890988306425,64.80364190770112,76.33610049098448,9.434783532535777,1414.1197438926665,6.046941259272495,Misalignment
2.4674698710647522,47.10409542341125,52.61110112375959,10.584137101055214,1465.0638322399034,6.35783704241671,Healthy
2.921272045013242,94.7945790965413,67.40233548501622,12.453260005780471,1321.3294375469834,5.568509104618273,Overheating
2.5037274813165187,53.20724173307925,63.878408205077235,10.485773774888429,1506.4481015542867,5.977844833582313,Healthy
6.918808391656904,70.53070449077627,88.10916545439096,9.700976450489076,1440.6386555557638,6.147241428625846,Bearing Wear
5.694265617867915,74.5316319889175,69.64997906584225,12.233154709984314,1460.6374920762257,5.809933415353215,Misalignment
5.9635412670478365,65.90973878171768,72.02729321281106,10.57185177357133,1419.3432640730657,5.770680919760447,Misalignment
3.759175210963928,65.48824543964726,72.36266109923034,9.1331889133853,1419.4984695526718,5.747617008797044,Misalignment
2.5686160332564674,99.00674107924097,71.91406001692859,13.057896936467612,1398.1001116055297,6.19147670996388,Overheating
7.448499810482712,67.55647645619003,89.12230498259345,11.940536079471624,1395.0369118636042,5.657906986406873,Bearing Wear
3.0785686749907817,66.49896541764673,72.86877079415488,13.053716105120555,1428.7997749105284,3.9537309421931583,Valve/Leak
2.5739965179069833,50.48789384363033,54.512797525294765,11.950984940301055,1479.8046410701,6.036587574128789,Healthy
2.1076101142701935,63.57547838270088,61.27182634428466,11.064963249139344,1480.5796771307266,5.589678723750422,Healthy
1.4410989123475855,56.08893291793343,66.11944396825001,10.161010942150824,1473.8443636273946,5.684144099085051,Healthy
5.514241536647652,63.195393530421676,90.4009796058435,11.583397406489103,1441.0763742094996,5.7323735934749,Bearing Wear
2.082751336512184,51.284592791670434,56.46453891525749,9.804889189152966,1486.0443948538727,5.98579602260083,Healthy
2.0231417795300706,54.81887797452909,56.098085487180306,11.107050912338774,1470.3537708961633,6.051688220273624,Healthy
1.8924128559708429,49.50205418293485,55.10489115150355,12.422185946966783,1484.9905180126173,6.490408871219548,Healthy
8.179891458397677,68.80557003044142,94.63841207146918,13.27003094786474,1451.240048554069,5.905315849783044,Bearing Wear
2.0261195924331883,54.78199632456628,61.90766815618245,11.739973801410464,1455.8957176608253,6.456941905403522,Healthy
8.523595777917766,67.99932782191505,87.47652205924152,11.761733626806956,1398.0822362986523,6.495590750517595,Bearing Wear
7.1006594333875785,63.685469282949555,76.97799009107527,11.692590240466302,1432.1946621378918,5.332473991477429,Bearing Wear
5.221711932282604,70.75284279048712,84.23603908601513,8.279390948248084,1434.3067029085046,5.9873640040907015,Bearing Wear
2.2558960972179047,57.16339604956789,54.91139286523897,9.987717696694014,1496.499821666953,5.6494311078157935,Healthy
8.380286941577369,64.85420761144474,87.75494971481271,10.38121333756159,1445.1711429041497,5.978690685829558,Bearing Wear
2.625973843216957,74.57599156311827,71.35506465519039,12.373145938435453,1432.3854498604708,4.514232441097123,Valve/Leak
2.2726736008145028,56.90111567758754,57.76290857215756,11.072561742994651,1468.1144477992768,6.4761815896607615,Healthy
3.84009173959218,93.91663307980221,77.73539572183995,14.227766688633865,1409.6422591538583,5.491175461904756,Overheating
8.554087884861717,66.56557942201637,90.51766615622388,13.739329662477815,1468.0996414164786,5.523212289640679,Bearing Wear
0.6614619096593393,54.417661718167025,64.01355093849992,9.762494920918076,1468.1983941548535,5.8809012303562005,Healthy
1.9728171555532683,64.28958088204307,57.146332475576386,10.217231785131263,1471.3319614874595,6.829794565503196,Healthy
3.0640380686005906,52.8993622254884,67.6378958792753,10.118003372273495,1496.733111890912,5.51211560883638,Healthy
2.1447036496074396,96.54257840423017,57.40804973480923,13.85887547064286,1443.8244814850682,5.719021551597682,Overheating
4.721936340595484,72.9816674827646,94.48719277215048,10.55408094469475,1512.9221223452907,5.7974026847324,Bearing Wear
1.219559821643249,58.84974574685706,60.647840204175175,11.482220965793264,1456.0375046660363,6.047397919265512,Healthy
1.928492738471379,53.08696385676504,58.1865031223076,10.174645824280374,1486.0516205567644,6.101029140041297,Healthy
1.3993607438556397,45.94158232747632,65.08482527193932,9.056474959091009,1472.4104836276965,5.755160144046889,Healthy
1.2708679808875378,52.15236206132643,63.24665556139766,9.996068560390023,1490.0901425701384,5.801567201022061,Healthy
2.584685450265565,100.41707594469158,62.45819062328232,10.83716404921116,1412.664951717052,5.806953907611472,Overheating
3.83944438718589,66.89584687377102,74.024360877204,15.09373113058858,1460.9182746092888,4.086758456988488,Valve/Leak
8.953954464342157,72.41669544274707,97.86521606331203,12.418877081916031,1430.3861002028877,5.566597225914716,Bearing Wear
0.979338692015157,52.625050816396865,57.73601082975116,10.239789755418867,1518.836364408029,6.021926595363672,Healthy
2.2688738800984307,96.57372717122549,65.46497379839349,16.436683283468877,1438.403091934855,5.872046189511087,Overheating
2.549560518275439,50.52038436901354,64.84147154646868,9.717581096842633,1451.0401318807894,6.23729468024595,Healthy
1.7966990643420186,62.8138087512173,51.72029542839227,8.803206763223638,1477.0654791649572,5.851694445628922,Healthy
7.1604132625818675,66.82845725301787,82.8461520171836,12.417637605525556,1429.9738935258592,5.757592735472411,Bearing Wear
1.3971897916199851,58.81851087336852,68.53897220421007,11.064571995073916,1486.6343216372263,5.743388622905613,Healthy
3.73991488232713,58.311079397859515,67.8204386536369,13.88093910369312,1431.5429904453874,4.4116941421227684,Valve/Leak
4.545667569737508,65.43489055071467,71.9127736599924,11.416098675883534,1450.0936605767379,6.05957557350926,Misalignment
2.1444356362112864,49.11967455541998,59.84624108068388,9.203516753277995,1500.630775069741,6.273295262392576,Healthy
4.3707932446111855,93.02013521119791,62.25496323894575,13.469595925613836,1335.9105436864718,4.890566751661597,Overheating
1.302429934538086,49.6254371749497,59.4914006144752,9.587772397262333,1497.7130471559212,6.024184522000598,Healthy
2.4858165048715395,58.64395692419391,52.94508281213051,10.252266644660033,1465.698464208297,5.703424882879933,Healthy
3.0994171107614306,93.69476906891632,65.4247561264781,15.311360394243941,1371.9358209618622,5.287660012223599,Overheating
4.483610709509631,69.95385920454646,66.9741013258822,10.754233191424591,1382.0350138049798,5.4774993352262635,Misalignment
8.253349448601664,76.90793379866862,76.30607029876957,10.423415762697505,1460.1961770649339,6.086126996071739,Bearing Wear
1.710539308728039,49.34326176970682,68.29122645290771,9.525044200946484,1480.6258460722554,6.033457840889051,Healthy
1.5237667176837955,60.84130417113077,53.606396421891546,11.165720257777723,1445.6940082979052,5.958177739252758,Healthy
2.3486280541228273,57.10621144320624,54.757924291879135,9.265198755831642,1506.8879164206232,6.1889357965027925,Healthy
2.0368969062403703,53.59134257993257,63.83330815237716,10.25935303445597,1476.6007999782391,5.434397177383439,Healthy
2.220013155819692,51.96868975426074,65.89626367064025,10.243812499066625,1485.2679767819016,6.353558230497934,Healthy
6.2936744791308445,64.05707473227501,84.91832077117265,10.266199179135986,1452.3791551698223,5.86645633345107,Misalignment
8.480107982044327,68.13052943818725,88.61101805280198,12.398335920764659,1430.7609551716505,6.303239599487683,Bearing Wear
1.7827250342441658,60.5179688861904,55.842901749634834,9.971065737114868,1471.4155233088777,6.300524795607997,Healthy
7.910179740353253,73.56676085553421,82.74850511552097,14.744576387184454,1427.642960508296,5.236394365577295,Bearing Wear
3.8505920592125404,72.4590841316532,75.50876938263183,9.573014925194762,1401.5460649256788,5.246364529793995,Misalignment
1.336542914503871,57.51044515347974,58.47587924273213,9.524635859787907,1490.1869193372318,6.249404531851237,Healthy
1.6831108318846906,54.85095268669535,56.823364337342944,10.162987475546794,1464.4342062945973,5.830361307799793,Healthy
2.1466804720136055,55.01477483617289,62.531508028843604,9.893003417854082,1468.4049466638107,6.076513158902989,Healthy
2.2845789078896765,53.57267406017579,61.02259704849767,10.220024004945262,1512.0309096877108,6.152633480625112,Healthy
2.5153404260976813,76.81431092958303,68.37876687752487,11.16942382488826,1455.1227944434668,4.2957448971841075,Valve/Leak
5.8818196948902655,64.64258581675449,74.7204605286209,12.234641869715455,1390.6532641644587,6.713520983674226,Misalignment
3.4061478637667237,72.76701759922713,59.643858569408856,11.73210681401695,1446.8931030090553,4.696859909058483,Valve/Leak
1.5721312864794585,55.824254201391284,62.36428223891468,10.442720876831501,1460.3198977255256,5.360803455923463,Healthy
2.7165619707698645,53.27349192312157,54.27656757757984,9.570119677535157,1487.8812514676947,5.906742737289346,Healthy
8.109964863285144,71.10602839722551,73.27406260222384,10.961604556738319,1433.55933020963,5.5013536073408025,Bearing Wear
3.169153664828184,84.95555079106869,69.02299031030576,14.024185559489498,1414.3056565403444,5.79793053394741,Overheating
2.6294528446579095,54.29103221456413,67.56273613283467,9.106067564718826,1508.7649321386177,5.638406390252976,Healthy
1.5240831183079506,60.28293360227696,58.18802888153749,10.715022383666549,1479.1894986574866,5.563507849854915,Healthy
1.9714377659929918,67.53791648096447,60.36512112807507,7.056469922066944,1486.0521721292982,6.27583466261193,Healthy
6.149974554515674,69.8809489177601,92.21556538457305,12.14994017973454,1493.8967591302746,6.252487669012097,Bearing Wear
4.42947624080683,63.866645806018234,77.6324120019751,11.05989347637947,1449.0327449507388,6.245367990459888,Misalignment
1.862335722973837,57.59941737496006,71.1774211576447,8.510120439328988,1489.7457493378292,6.732801314022293,Healthy
2.5005500459229575,60.67358622283314,52.61576922545568,10.712361714418192,1474.5736819767774,5.9758216813960585,Healthy
3.918882364004242,71.32727387760343,67.2201187920962,12.464349383989349,1451.4752511027727,3.660232240034732,Valve/Leak
2.0588348123517095,57.02190709991255,66.02019528921403,10.240978899541757,1470.5106054080627,5.595584002474017,Healthy
1.941314609621081,54.57841377992913,61.312647585740486,10.51938908124473,1485.3947044827294,5.9317927587021195,Healthy
1.6936076155619824,59.24129912562715,57.8820688080164,8.653957207562538,1503.1914936302446,5.623048603107672,Healthy
2.2455815426047256,55.016091877688886,47.609310521442325,10.390487996606726,1506.5292650025083,6.314612891199943,Healthy
3.0636221615013506,48.370742240328454,54.60790270177728,10.781877593537292,1489.0568290178464,6.032134042095923,Healthy
2.6654283641149084,54.8033707490918,52.170914951877236,11.232299949978463,1484.3856998593435,6.4460026829151875,Healthy
4.913298196964551,93.14017836924664,65.08046620660609,15.079745965939688,1387.8483085677317,5.821055083532117,Overheating
1.9636083720871618,54.485037656667714,59.30392393255931,9.123073051491554,1498.122456770926,5.798222070491225,Healthy
1.9814181801428226,57.50182103926899,67.15480399451944,10.195103855213368,1496.8279405276298,6.057948068735835,Healthy
1.9292212317200295,53.58228809288594,62.84081065959767,10.106652042269184,1464.11470834876,5.911215094354719,Healthy
1.907698405674791,55.006529339521244,69.0422410019297,11.348452060844476,1459.3185080470723,6.0807077677327115,Healthy
6.7234751766822525,68.9998688507127,82.87630154024683,14.809062730324959,1437.5144723969818,5.9363748574397075,Bearing Wear
3.6588547067198847,102.10552884351462,59.73984985449689,13.23216987486737,1418.0601408050552,5.507784277764979,Overheating
5.7127589354252315,74.3163269352576,71.65129933930496,13.691574713048215,1467.257717520474,6.2328461149537295,Misalignment
2.4548411918474864,58.01969215340308,49.40194798663537,8.595399692778775,1487.15255852831,5.946680111333676,Healthy
8.294739033346554,64.69732426948406,82.26855434190365,11.029455317974566,1465.305077736392,5.112216720071596,Bearing Wear
1.1386173896686569,53.43562262379053,63.6152450487876,10.74089649524711,1465.4480333446506,6.213328781166371,Healthy
3.9527594811548856,71.2202228311563,52.16171582630067,14.073617210453168,1448.5225200190227,4.062900023925283,Valve/Leak
1.2876460434626318,55.37326787439324,62.67248497442758,10.36406418946307,1468.0213749793315,6.396772785408498,Healthy
2.4995826940973327,94.18399138683714,66.47734179635924,13.513185022466013,1449.1434759600638,5.6181144854404605,Overheating
3.1820953113862203,76.3974355857702,71.4446493588461,10.828579800221101,1487.2377216007217,4.259837604038049,Valve/Leak
2.7158395317767887,61.039700723478546,56.32654228075398,11.866758652770676,1472.9323559214388,4.848945477482139,Valve/Leak
1.473886295312918,51.07937928178176,66.80391549325589,8.68921912945845,1522.0354576302873,6.750415010329852,Healthy
2.190350743742222,53.29237591200753,61.78173133075768,10.908584951051942,1466.9844818841937,5.559518704869536,Healthy
6.07323066696116,77.44531887190216,81.30142291762411,12.143462199896014,1479.4912156182352,6.311936924138336,Bearing Wear
6.384296236613252,59.915046862482626,80.11528323461953,12.263523242297268,1373.8894078274263,6.605178328214249,Misalignment
7.713557065762329,70.46537034889532,84.63774492333654,11.690223032584704,1420.2231000392933,6.009531204259191,Bearing Wear
1.3452888393378042,49.82497655775482,53.537768681543085,9.475409449697981,1489.7019861686472,5.715552779760448,Healthy
1.9403927602913185,53.55297539079315,60.08382715148034,11.395154931756322,1452.5732261611538,6.662546788567658,Healthy
2.984840453473821,79.09815410862068,68.06516288755412,13.34281405039237,1446.4646373114567,4.683237581942647,Valve/Leak
2.9640425476987815,76.07483290995117,76.28913784892909,12.014613949877342,1478.8284558780092,3.7090074594369105,Valve/Leak
6.102323623323056,75.0079598564579,84.92669872613291,11.19750304236571,1451.6643497047303,5.808959869206702,Bearing Wear
1.1941450377871758,54.48823521582741,60.62138635770762,8.634629836145743,1452.4183515753073,5.854116632407044,Healthy
3.008432217538871,68.66190911194053,66.41599244219725,12.525788414224877,1467.4630440337187,4.822310503396659,Valve/Leak
6.623002121301826,64.4442416940326,77.62861140549418,12.185543337260988,1407.3462177255028,6.277721871158899,Misalignment
3.1020793862138043,93.5448993839841,65.23139734003693,12.51644857272575,1417.475338242008,6.134514906205912,Overheating
3.1517164173305785,100.13523872647409,63.51629635917275,16.040589382334986,1382.8124663432513,5.453482118720482,Overheating
7.151908428483747,70.01813767299382,88.8154074690692,11.045690939366558,1429.5401312634829,5.984996847159993,Bearing Wear
3.5032081981047876,106.08447349166687,67.77653735610977,14.778939283781552,1427.1717152267968,6.095268302311665,Overheating
5.6981461202694765,74.80349132566043,86.59213903479105,11.708947476166609,1396.8121253362774,5.183935635895889,Bearing Wear
1.2677042457826277,53.28121590623043,63.57170626380979,9.419043676543843,1481.6692520550248,5.572019216688373,Healthy
2.254067695734783,47.88532871492929,56.24056851701006,8.732829732592645,1490.184295936357,6.065602624219272,Healthy
5.871718461858681,66.61417717716296,76.71425746005703,10.504422506186458,1410.9320958838875,5.876401921985253,Misalignment
3.0303411125246593,53.0805266381446,61.44832656057189,10.465926488283149,1508.0104858122838,5.675526163301546,Healthy
2.882083540543327,110.00807137787842,66.81301109613075,12.1566063059737,1392.1136530942847,6.034507742931302,Overheating
1.9701872962014477,58.59498581933842,58.27501154666223,9.789266824217064,1461.106509801369,6.691528312386556,Healthy
2.084733329881744,57.39942274040966,59.93174440040769,8.746137204510177,1460.0247194457772,6.209006767342648,Healthy
0.9639913887557676,56.934891613945496,55.637523100221095,10.63121927357025,1475.9675740355144,5.900075068594479,Healthy
1.4307533349698094,50.87273456201194,58.70037975622668,8.85565707522943,1494.2763531892329,5.877048407804764,Healthy
2.60867971484768,72.60721538953145,67.32345727892869,13.479779063674828,1474.3509087378159,5.400850137976557,Valve/Leak
1.6909037245093295,92.83860509000795,63.66679353776017,14.862606383636958,1362.6565571719316,5.287499134320664,Overheating
6.27728113181019,66.61020671648754,83.12196512286165,10.220230894620364,1479.4607721820269,5.988885545133354,Bearing Wear
3.0207783513339423,85.6084707215447,71.71127863013317,16.42116255973494,1397.7705082444581,5.1589419330581325,Overheating
1.9060268380937226,51.67865336202212,57.731289588620974,9.8931727640754,1507.4093929481267,6.382240724123625,Healthy
2.0852891353364242,49.23194138029142,56.149716451841854,10.06072126315243,1455.977998063118,6.1215931802208425,Healthy
7.65441447034999,73.03113683750999,73.8023041002616,14.000033695006644,1402.9784400990395,5.73890031446167,Bearing Wear
2.1792987629924117,48.610818364770196,54.50837188548152,10.287071622406781,1490.21690027539,5.557118462154869,Healthy
1.242363260152968,58.12194628651895,55.58079089116485,10.080513457918205,1478.2520461540898,6.464262931164507,Healthy
5.400898145359484,66.79796352772087,85.71206619610489,11.740122921286835,1428.224989587989,5.56655481146481,Misalignment
7.815991505962276,64.68518456606996,85.01613256647481,14.156428368509117,1454.5117717907096,5.368347283481027,Bearing Wear
9.11493795753509,73.00705935027456,92.65453246803452,11.599530478298542,1471.7336343299635,5.630584077927699,Bearing Wear
2.9454122096265087,87.55153566504406,61.560771600260175,13.357069757269489,1467.1469171294543,4.458002792094759,Valve/Leak
5.920750156771893,65.69205866695164,77.39934240670392,10.99818363856977,1427.949165625253,5.37155602282425,Misalignment
3.3749894045116564,73.25344056782492,66.25319623396234,11.795662968580187,1481.4996612011885,4.120068807457732,Valve/Leak
1.91827989303908,104.2811290638598,69.50688717704719,13.878405960853037,1418.7050167369164,5.796401743813926,Overheating
4.342261513110336,97.8995659884978,61.479488562336485,12.355112515003158,1439.483909655362,5.584463678890802,Overheating
6.02666455455628,59.98628155411974,77.54308894964059,10.802464860849543,1429.3492662052058,6.850801082282231,Misalignment
2.4633824548789627,68.6026156371878,61.9228693609006,10.119707536449313,1466.4158530121751,5.818979256709062,Healthy
6.7904233388065744,58.665395013448,79.51367990977877,10.956973983039425,1433.8417614429309,5.883052827942241,Misalignment
2.604721179968214,54.85554297172689,55.504979617933515,10.923889105332039,1460.5085005716949,5.378055483552735,Healthy
2.6092449609016133,52.97457416103062,62.0225884411738,9.5843261882623,1494.4398669737163,6.438011874564886,Healthy
5.766876210732965,61.257816384330766,90.55413059476149,10.29515026243826,1461.160727236071,6.110962827377007,Bearing Wear
1.9168945749100221,59.995217237533865,55.9590310633262,9.090288394965903,1475.3121755758186,6.511165064830549,Healthy
1.950608489779633,51.439391859776,65.32057307959792,8.330704418339526,1484.9522170829619,5.982434562864318,Healthy
8.674022247566052,64.34482865231635,86.00606821284985,11.14409348663769,1441.200178452798,6.046955109823189,Bearing Wear
3.1357478195696173,77.74363299167858,79.09097034277556,13.346416173771345,1462.9441351760036,3.6463549202590766,Valve/Leak
3.3469907474797043,72.81735074692016,70.51029533318017,13.432784168266306,1479.2947622470183,4.647775265065297,Valve/Leak
6.242688508512616,73.77100609632701,80.28861639741281,10.939868618830525,1379.9787881467003,5.934224905718794,Misalignment
2.4573158089074525,72.49477588477531,70.99131345593065,14.13055191019744,1450.3047113054176,3.7653081257723553,Valve/Leak
2.405290384769918,83.98696788714734,74.20185962213932,15.390545993206329,1475.3355114166875,5.8496051012062145,Overheating
2.1847678167101785,54.06985859218861,62.560532909525485,9.446767515625899,1458.6154165504156,5.86710967323157,Healthy
1.3837966565373745,48.9174167459995,62.95654581356411,9.584921295563333,1489.7099009031892,6.3959429727517785,Healthy
1.6838772106607762,61.41466904264303,63.710613413017555,10.026827854189579,1479.5683437220314,6.149597015790795,Healthy
1.1843976526399702,58.75078873130837,63.453715099355875,7.698934034303275,1490.2135228531452,6.702593415555885,Healthy
6.912050450931147,68.90810611519565,94.9624716062253,13.681420566235442,1423.6475156046272,5.93684740934341,Bearing Wear
1.6876460504294308,54.944231081703336,62.56753651743809,9.389945450280743,1515.264061699855,5.810932679886592,Healthy
1.7375089805418553,58.26510043093085,56.00912937122873,10.302199388867102,1491.2510088028332,5.516426383168138,Healthy
3.2442796016766473,76.21447296002108,66.76729588139416,13.182126772297634,1452.9015937563559,4.563925085400297,Valve/Leak
6.551820381765193,72.87066310717695,82.5244097692438,12.686042931534718,1464.1388363603376,6.748418611427404,Bearing Wear
1.9293657565182536,51.76384199803938,54.835881511054026,9.54353950640758,1493.3020139044247,6.294984612539722,Healthy
1.8521175597350448,52.53312507034595,55.41584744768988,9.443112399036993,1454.0974388173545,6.543143324750265,Healthy
4.0641372465000725,66.44631818925305,76.36345977678013,11.208808789590131,1412.2176703636098,6.309005583502277,Misalignment
2.5170608769819163,51.31244010293597,53.08408597671035,10.43490552958202,1460.741125483635,6.421839842333549,Healthy
5.531460105097807,61.920390761734666,73.33811679083918,11.261099071963205,1441.887072080042,6.155895040925879,Misalignment
6.794169279193883,82.65222617023875,93.32254200374193,11.532017676507959,1445.8937892357405,5.666780882919899,Bearing Wear
2.3196435189000053,67.26277523445629,56.995802527513746,12.521607845472188,1486.61897959935,4.123949489925267,Valve/Leak
2.1390795719277556,49.988812836024366,60.12643106322118,10.890329495498825,1486.1312633322395,6.391265892504683,Healthy
3.463812833146465,67.71979785491965,67.93518781827844,15.317786623559963,1467.8542128332124,4.290478294886199,Valve/Leak
5.908538844384678,68.58186793076393,75.07422855248234,10.480621765149353,1421.3784151115774,6.376730127206439,Misalignment
7.640848272234683,72.64529283369198,77.90182024458866,12.4085236301239,1482.0402243169037,5.695631383511902,Bearing Wear
2.272613359260614,59.13836421278353,60.25468243278541,10.886585561217494,1450.7063677315873,6.013258288069351,Healthy
6.296299526245954,70.47811828002018,74.21450587401927,10.452544726994942,1380.8277500251293,5.790813399850841,Misalignment
7.913210216498932,61.60488651006388,92.0519507579598,10.53836876830543,1446.36555576116,5.572473447336984,Bearing Wear
7.112889661050214,74.06781133221904,96.06282768714631,12.59677870951012,1432.6996108409726,5.984427611022222,Bearing Wear
2.328170131914479,59.72846804529995,52.0321177505089,10.386878598957376,1474.639645001487,5.727950055171033,Healthy
2.0543169906485743,51.87804049004014,60.94231880104364,9.826512902201113,1494.0487774903224,6.091029936328229,Healthy
2.4896939843433312,57.77477929919606,59.96957803695435,7.9130750499836005,1490.2745598759002,5.635230679097183,Healthy
2.1855234926298897,61.66514511895606,69.21161400725111,9.078781713128585,1453.6827424727508,6.13028686767473,Healthy
1.3990620610379498,54.91698499034958,62.98770472873378,8.769848277821074,1460.1082921573818,5.742336025855099,Healthy
2.3469857528877327,53.367596632123714,60.27658413012252,12.246177830239958,1460.873794346425,5.738802641079485,Healthy
6.9880431911327605,67.07400436822998,84.04483784382667,11.317455934871989,1370.7168894947058,5.938798274978944,Misalignment
2.6919058744278046,59.82312032107514,52.05154611769695,11.350318063587542,1498.787355375975,5.870215148359669,Healthy
8.670612449363825,58.17092850535028,87.67238803023817,13.64011445268755,1447.338609078639,6.0591639252567155,Bearing Wear
2.4511725112016576,67.14581989551448,74.27157560427466,12.23715192935422,1421.885476540106,4.26119934586075,Valve/Leak
2.1606243123322026,72.43048459840732,74.60366044052198,13.024180077029703,1433.3439785983562,4.440901781201776,Valve/Leak
4.549123914307845,80.65106418159411,63.96784965880785,14.029699285713516,1466.41309801644,3.62395041956536,Valve/Leak
2.959338348953546,60.979321053595854,54.932750968816805,10.013717216884938,1489.8334886061368,5.308038559344341,Healthy
7.1855534129303935,71.00605029960411,73.96708639922349,12.581960288561438,1482.6088811049526,5.712679332458195,Bearing Wear
3.4571293733473976,97.63417565776433,56.65688748917392,12.642318211829572,1384.1658625524556,5.155669179685526,Overheating
2.3172379691336915,49.451372971017,58.92832121102747,11.130392137050329,1467.075212172233,6.340633541737703,Healthy
2.608070482323283,55.90202072291915,66.25512498657645,9.47776198341469,1529.7176267589218,6.096339816573815,Healthy
2.74659379868942,74.99648719950895,73.26078088396825,11.88539959088198,1436.038915752206,4.097748721788729,Valve/Leak
1.0842861780774906,53.18575390153652,66.54936311433092,8.767870606562315,1505.078013265115,5.548882809372931,Healthy
6.823333866548818,81.24075441028562,81.15995682152611,9.400555817456656,1407.9419185756262,6.172779276109004,Bearing Wear
7.187964575481167,65.34895410550303,74.83864386692528,11.297304245959458,1405.972389923097,5.955148768598077,Misalignment
4.079112743723252,88.83622862053598,67.19440317461849,12.447874546609082,1378.6718165403436,5.3504671863360755,Overheating
2.9884431306118264,90.07082121775876,62.77722194113061,11.74299117231871,1393.4885631417976,6.240434665763547,Overheating
6.903400949726854,60.45028180097448,73.98328915379146,11.203902635256169,1408.2407950872125,6.060002694692434,Misalignment
2.27142402541827,54.24458361330827,65.45455650326281,9.74238256148152,1473.0235842444545,6.576615602840183,Healthy
1.14851553960726,50.66091841880953,61.9362096333902,11.283591014465188,1466.7896298363678,6.725935008116168,Healthy
1.942235226400905,50.750309295902206,69.75677584317816,9.849711121981013,1453.3602394761658,6.983067467532184,Healthy
2.3994152253021404,63.407801104203614,63.0723129122722,10.974889357044455,1481.086501446561,6.293492914974089,Healthy
5.979789914158936,65.59858378266973,73.01592426976909,11.50437783533592,1445.0553552564531,6.227566639957836,Misalignment
3.000021525808013,60.26314869818283,58.96374054792703,10.453071503825914,1508.2539622832003,5.620010724393787,Healthy
2.4577523963751258,77.40165235942665,70.03960264134695,12.938881120102671,1427.4271781588043,4.653750047460326,Valve/Leak
1.2786148835691402,60.79851509203288,68.9480279789654,9.332754233769007,1500.0621844731047,6.318610541359071,Healthy
2.6679084408021123,54.181889098617184,62.58767072659513,8.74623011665734,1455.7794073969785,6.4676179859155125,Healthy
1.9287715620310404,64.53922600482238,69.48657835916036,10.439167999760134,1450.8868976353358,5.955360404799865,Healthy
2.04475679540648,50.318514167112326,54.018870377866975,7.737386756274447,1483.3451462700193,5.080494753288363,Healthy
3.486077881285006,67.66742587677564,63.491028922003174,12.918583650929556,1439.2848617881111,4.292828961496186,Valve/Leak
1.9477530369084877,53.2678963908002,59.94239192244202,11.635151594017184,1483.9962174983432,6.201777648903611,Healthy
3.1562794932253424,70.3511793587524,70.17793624425015,13.778734685038653,1447.4941539938268,4.000977281995804,Valve/Leak
6.393136427911624,71.03941138344169,82.81610844806426,14.24693454536786,1530.374881335825,5.572823085925075,Bearing Wear
2.519003788027619,53.67125468988011,55.02804430347133,11.738173311464758,1493.7231458761041,6.127476181189223,Healthy
2.3851165869118676,54.76032482019702,55.11684567123238,9.506668255575685,1504.0964641067703,6.27283426192398,Healthy
4.2365942361468125,71.05667228165512,75.92510776438695,13.26404685674408,1508.3238259355687,4.5765227435306635,Valve/Leak
2.874838964863212,71.90776499362691,65.64761637314595,11.35995623495366,1467.7183847527294,3.9332407433178123,Valve/Leak
5.9111597634526465,65.26111719198634,75.03688005792453,12.73829535180845,1449.871384037342,6.743126231332117,Misalignment
2.3918603215641223,53.08293729685072,57.19434071037554,12.14554262640637,1464.6370346120937,5.107306398710964,Healthy
0.9958381691263145,50.243377494640825,55.706670895749895,10.03528176485155,1439.0080674543922,6.478380890432453,Healthy
2.897799341876895,93.05507113407413,69.12675179950647,14.527314912351061,1447.4749168504304,5.355418683208789,Overheating
2.2063954925265907,60.14600939763903,64.12534548041027,10.321814213467594,1484.653250045356,5.985484350479812,Healthy
9.44192133337505,68.54455971065873,82.81305903150748,11.338416201070237,1461.6811827436725,4.951301892361219,Bearing Wear
3.7045174809999812,91.84261523682669,65.93352314906923,17.164003194959687,1413.2639949991496,4.604309351485162,Overheating
2.8242977240042615,67.17704455072605,70.62029923480384,12.64650877326188,1489.1517883207825,3.6543342764117277,Valve/Leak
3.1520809410926307,74.04680666101179,70.88083155146802,10.106471891970255,1462.0823019502016,4.124622813562373,Valve/Leak
3.5060792159985823,73.44506706595989,71.87898477043454,14.622859719075601,1488.7574026773923,4.3376660011305805,Valve/Leak
1.6859018377215034,49.072784459533864,59.945809965558524,9.626190137874016,1430.693173810638,5.7390476760034455,Healthy
1.9709861271223246,51.11769294152888,60.211627597780364,10.123072479243138,1494.3014876772268,5.743399741788562,Healthy
4.909357025740656,62.483115404001616,83.49496600800356,9.976122232402815,1410.2369806210759,5.398755575762273,Misalignment
3.1106905264230154,99.2392537570577,64.90680933240664,13.512965226169001,1350.2890445552011,5.209147817927222,Overheating
7.883871549861447,74.83643919188327,84.75731440401071,12.662176475826904,1476.286977200417,5.840483555073016,Bearing Wear
1.4881036518791508,53.25664885974942,57.66128915976195,10.64723809402951,1451.3171734134785,6.57918984284582,Healthy
9.100353367141565,69.75657271969169,81.69808420609746,12.985659134641445,1480.9169523374283,5.514231663811382,Bearing Wear
4.173734608105725,66.3069246292349,82.70094693936211,9.699161333941987,1421.8290097032072,5.7606201791072245,Misalignment
4.581087027161188,74.5467161296956,75.3880022015289,14.044238793179836,1427.9919607591082,4.549261507717933,Valve/Leak
1.9142320855116917,60.69868522541566,60.40466662903428,11.102496441060373,1505.9852688397714,5.297226521868322,Healthy
3.8134647183817814,79.2144442197972,71.53956769781836,13.470659220324558,1482.3261924520689,4.637204455675929,Valve/Leak
2.4779251176697716,53.2676342595639,61.21775550415797,10.20002245551465,1462.8112180275252,5.702805085516403,Healthy
1.5540571236128766,56.84979633327769,62.89899588233304,9.9457837087181,1493.4297987072632,6.131593306429073,Healthy
3.4294538353108663,91.7317614635339,73.70334591667412,14.643687915825627,1371.99385895659,5.636915821579458,Overheating
2.128889539996796,53.87151105166745,55.86564415803271,9.160558605463022,1528.6986851632616,6.036556912680675,Healthy
2.5160651202065214,97.8269966174155,61.8075198272337,12.358073049659378,1398.7034241238307,5.484012364339466,Overheating
5.930449264672412,67.65417039517904,82.18217581410802,11.087453736400649,1458.295002047161,6.690491193189694,Bearing Wear
9.330303363146216,66.59385214579575,95.04812942482715,12.34091372455375,1479.590904751593,5.983081583219262,Bearing Wear
6.719497618606045,67.42465276809237,66.15906750293553,10.875875768886871,1456.1721255973484,6.010968645277556,Misalignment
2.474003320998536,73.53726363842809,69.42194433285437,12.75585611847627,1443.0185892991656,4.657431177331581,Valve/Leak
6.2445477749393445,75.25392331245789,77.36899584758731,12.200496687643394,1438.187984826833,5.758734524795324,Misalignment
7.289668153597338,54.01906277226096,86.63480245534714,12.473097589492296,1443.4729726045878,5.763053455629848,Bearing Wear
8.662724344084872,67.97649426334284,79.1674435215798,12.816991597850235,1453.32268323371,5.656666086188963,Bearing Wear
1.9797426512487006,54.97180653629344,66.72907985267683,10.469546410486544,1479.3118343898502,6.340973550288496,Healthy
2.200776137917675,55.75563865993335,62.948902090069225,9.555855825793063,1457.2131427287484,6.362739260165919,Healthy
1.4540594581201516,55.896458370732844,57.75564905347861,10.883378692000763,1484.9329146965677,7.330988914571979,Healthy
2.768646168487565,63.17315322675567,62.66798729525032,10.037083319378194,1481.8967539498005,6.004081940842264,Healthy
2.3018909623378323,94.03409616153263,63.589070211382456,11.41070836831406,1434.3565963904964,5.925167752557336,Overheating
2.5150662283273726,47.081711394813574,60.119772516012176,9.873741529311278,1481.7549741679918,6.033018068100838,Healthy
2.6897816676671775,94.34776418925341,71.81610619550707,13.131921575136648,1490.2136005274588,5.2459342189147025,Overheating
3.3998445522189273,70.24946456787934,78.29417927470621,13.654254140053606,1454.8774410229014,4.885632386522407,Valve/Leak
1.7172582402324226,57.81285215963871,64.00733212707267,10.322621885155451,1477.4561535568644,5.8994223728228485,Healthy
2.1201973247681196,50.6388061379965,55.35048818402454,11.513461312593929,1465.6247677602248,6.109092426833925,Healthy
2.2710536453897463,51.21178796164958,54.92152952408142,11.86988847284636,1459.1767081612802,5.778692306439504,Healthy
5.781121550923514,67.8690260244781,67.66113937287736,10.789600616093601,1450.3306624202764,6.172429230806923,Misalignment
4.9782899554021665,66.06856553709437,68.43768677187977,12.284270595963907,1434.722262927229,5.621275369511213,Misalignment
6.240332001049152,60.628413593933544,87.96867442122989,10.795730113569086,1461.9901528526818,6.015018286984949,Bearing Wear
3.201478077595911,101.75140622698105,71.93055217369881,14.38732275573498,1412.7410629956785,5.2770104804205875,Overheating
8.538489411173327,73.63446227463814,89.12097433749418,11.113935589851764,1498.7176451083674,5.708554430198121,Bearing Wear
1.713162937401746,62.8559580835962,54.44476186995102,9.248877489943839,1537.9701863719574,6.37641509452995,Healthy
2.134842113056966,84.96381683991169,65.48557073110771,15.09203053168322,1460.7519283960387,4.742406567534625,Overheating
1.9402247112165631,68.93835027929535,64.42951251198753,10.372799773755077,1455.501528189469,5.152005880360506,Healthy
1.9503152554223746,53.66096239724365,58.097831661752714,9.251645979560202,1460.4471574592915,6.555803119291266,Healthy
2.779081552985312,94.765531365703,68.53140167515647,12.722254488205433,1439.122720860011,5.268133455378688,Overheating
7.6430985856598195,60.15386143450666,78.60452356220338,12.00461086805955,1439.2969340672098,5.8529876711259305,Misalignment
6.983385526696773,71.22446500019682,82.98083935673483,12.226622786069582,1478.9235393611937,5.6898778636355285,Bearing Wear
7.6162842193801845,63.529993353347116,89.45125865175504,11.998012902409945,1478.2932730993455,5.420662492833115,Bearing Wear
2.727971179205319,86.10630678429743,70.55710104357689,11.561865625833002,1443.892544719127,5.669759391469463,Overheating
2.1725580743173896,56.58866644165162,57.997860442109896,10.298149814359803,1494.6236665703402,5.622126920071593,Healthy
0.6868374518763687,45.35200050049969,62.82263325778215,9.5821707681558,1462.9312365501296,5.978789810577221,Healthy
5.813670642624423,60.165705928400186,73.1910551755986,13.108188577889782,1437.3250134256805,6.187819725573967,Bearing Wear
3.2839759620027005,94.24757335259282,65.22223364429549,14.139555215916458,1382.1717297267408,5.008151394848213,Overheating
2.796773396096028,63.29607704987012,57.23365044466011,9.266829242029328,1468.9143510432934,5.929665039142483,Healthy
1.501035770871348,47.60132076727298,60.249711532536985,6.469590899103458,1477.986863613684,5.622100956635574,Healthy
8.257161852526176,76.4274745614876,82.92131871225618,10.297283982054884,1425.5622304940014,5.91504427327256,Bearing Wear
4.114839591571229,93.016219809216,67.50086836221467,11.327860829394739,1362.960718969666,4.737728341737448,Overheating
1.9198976300624901,57.85652476718118,60.317068411650375,10.46847505391236,1473.2511627918295,5.918581764210438,Healthy
6.4056316549272285,67.16059210609014,89.05718442003672,12.681602127379607,1376.637236423311,5.842757808829099,Misalignment
2.640065240405,53.42126018699392,62.32144438723333,7.66293836971988,1449.7279837721344,6.836917271640984,Healthy
1.5007699882654906,56.21435435611269,54.734705232737426,9.716626458104317,1450.9476412151198,5.684511512882628,Healthy
8.344839177204054,72.78427604609895,88.83114421565256,11.96133802295403,1474.6854729510876,5.450592292262703,Bearing Wear
2.20379553572844,53.604263049864116,59.93077075818585,9.835864722085404,1505.0690082912295,6.522221173071549,Healthy
1.1200653265546343,51.44251549556179,55.51519926716021,10.831748340799074,1498.4099495354892,5.5875703267848085,Healthy
5.225186695293874,70.80627114113656,84.73050143549554,13.183682726158391,1464.913938836783,6.0440811884224726,Bearing Wear
1.6868369817038713,59.74448652371602,57.30711940768678,8.372434125530958,1496.1597915974332,5.769094001994238,Healthy
6.977902334991627,68.33668334259353,93.1791453467402,10.046016571294244,1493.0266353889326,5.544257601781631,Bearing Wear
2.0859100977127905,52.864400882187525,56.189436549615294,9.63017781103486,1459.708746324144,6.784784257179212,Healthy
7.158947254429943,70.13586479288156,76.81464869478431,10.86432096593372,1435.8134554124115,6.128867906901667,Misalignment
1.9032757065494559,61.09013210249936,79.05392934287063,9.838343316141437,1464.8921288406714,4.082510992753292,Valve/Leak
1.4300166293829812,56.75338743967062,61.03008217087537,12.761011747279754,1482.599600930347,6.539294042731256,Healthy
2.51004765902269,56.131366514784226,61.34869342014043,10.28356854346038,1514.1267634261928,6.102041786289029,Healthy
1.6920309803642772,59.08563746932353,62.237277291100646,8.469526337972981,1490.292836477186,5.567063057277324,Healthy
5.194445961481409,63.59259132662803,72.2759577110527,12.518912983235383,1442.0554325093005,6.4044452009229325,Misalignment
7.056166410315928,79.01194111780734,80.80326600644322,13.882317164894067,1425.7747345771231,5.792633947384152,Bearing Wear
6.694231230057277,58.63724178936956,70.66489038071103,11.611450078770895,1418.968503103607,5.341060596455449,Misalignment
1.9405142469381145,55.884574906544515,62.6462066047365,10.465651359083354,1464.636538109828,5.83566861251487,Healthy
1.7284075664784764,53.024539706704694,52.4786545987191,9.971319529898764,1486.905409295211,5.209802712621223,Healthy
1.862617811605298,99.73011342220246,55.438243632766415,13.881973104330973,1428.714486197822,5.57512865964774,Overheating
3.277174709420536,101.22183980298684,64.46194194722905,10.641594150599047,1445.9093116858262,5.660105862024124,Overheating
1.0098140758820064,53.50845698416476,55.62261384971642,8.783720737035527,1477.2710113859957,5.7856132458009455,Healthy
2.369813183298052,56.27786070059674,57.522425884417764,9.37761877915021,1470.9028285908068,5.901022307959597,Healthy
5.748927844448201,78.7506353050336,88.50863194676583,7.893108013689053,1452.5604770328564,6.216294657350319,Bearing Wear
1.793829520140919,54.69454110177525,60.891599740855085,10.769588254623315,1451.698103037526,5.757992658705381,Healthy
3.023063056296655,81.16741282126847,87.9135582267055,12.409558231830328,1430.0679714659832,4.067234644610033,Valve/Leak
2.6194479358881435,66.35988742578424,59.815972403418634,10.488056515552488,1465.764606980909,4.997206020248953,Healthy
1.4231228731301457,58.21678601629835,50.59303339730419,9.260667109282462,1485.353584072809,6.148944866965249,Healthy
2.9336725839655546,62.84731817904558,56.5783625346704,11.60940966778636,1515.2440289758035,5.950439050383064,Healthy
5.949278446873401,61.775003059213184,72.27166160205265,12.319322572396596,1443.1212842945104,5.678324181175253,Misalignment
2.4693227209705673,71.0168686677905,75.47901932384356,11.967902596691525,1482.5425642034147,4.2984783741606485,Valve/Leak
2.51289807407296,59.216793589698945,52.977410537142205,8.915986354191563,1475.409670026492,6.142389129212474,Healthy
7.078081031034885,80.22217779234904,80.75994691668451,11.193632018580843,1440.8295248641912,5.473108989746791,Bearing Wear
3.230169088324039,62.48215534308188,80.74103640099248,10.687681518930804,1462.186594109375,6.779073657998459,Misalignment
2.584467134497371,67.09568761845634,62.010453536052346,9.951936812611697,1498.0493063485012,6.473686701348914,Healthy
1.7580781707196202,63.58697659148166,58.646927711389395,11.193728770482258,1485.2573454640567,6.7307860630634,Healthy
2.319215678373916,100.12691841098002,59.34830346711348,14.174942693734383,1461.936369318395,4.78606714442656,Overheating
3.8482217725269896,71.8445540096791,64.43744301780511,12.684870390287188,1439.0370053381487,4.234579112508221,Valve/Leak
1.7433697387682596,57.33073697480845,67.89557811060693,10.327820878844504,1506.8733114088752,6.631529959112181,Healthy
3.219886803192955,92.45031413510826,57.589180794119514,14.533641303078282,1357.9140152780615,5.693721310239551,Overheating
3.136794399582084,85.57560197436243,68.36932383185963,13.409929889615785,1380.4082756985795,5.950601940497172,Overheating
2.055426301036565,54.0069189651554,62.53696209671571,11.042944922262595,1496.712709137826,5.813332572177162,Healthy
2.2669189095038265,90.54510851973197,64.3609963209395,15.570200678313185,1353.1939432222557,5.856593657655462,Overheating
1.783133238206933,60.48903183173964,55.98664585656027,12.285676153749929,1476.4671642291544,6.059936681692417,Healthy
7.211115614296376,77.13321327050426,73.28104919518614,11.336104439743554,1461.9020133526778,6.232567719049364,Bearing Wear
3.473222475553024,78.36634705412716,72.85011792044754,10.428179167852148,1496.055081312842,3.7811675004782,Valve/Leak
7.217205713400639,70.2839657144191,78.36375589368977,9.091960104247809,1419.9286328021087,6.130495374897736,Bearing Wear
2.383803320994397,74.5082799227974,63.83545195079381,12.348342172302912,1462.0455379017524,4.34132136956508,Valve/Leak
3.1127543332649417,97.39312851718222,58.633997379839734,14.322264464083743,1371.3366708102133,5.54956607227443,Overheating
2.8589927835061317,100.48049249587433,68.95406992120175,15.36174514288924,1416.1243975940533,5.9403067561757625,Overheating
1.1663698168283538,51.03964671620129,58.94371466699523,9.912776950617111,1487.1547751849173,5.677219249935989,Healthy
2.918033352417348,94.95387322365298,61.64625446432813,12.494934859730098,1394.947873177247,5.511020289675796,Overheating
8.986187131644945,69.24214389173301,84.48442435337378,13.222943217716308,1444.8680251321239,6.015735627492346,Bearing Wear
2.110198835230475,72.73235138673351,68.6102944865689,12.029170262124337,1463.0462933506246,4.304550047087489,Valve/Leak
6.377445010714886,71.29969929665735,78.87352929208222,11.093950698837478,1466.01805421676,5.790465588003061,Bearing Wear
1.5484653405089723,49.93394324113801,59.34122259264766,12.025812523236498,1491.315732848158,5.466854302842099,Healthy
1.6205566960511948,54.975713116966844,57.05569697758117,12.022754812874002,1457.3178417657018,6.125444902454184,Healthy
3.517179655563611,73.76072292037723,77.52731587691216,13.861741353587012,1442.6616532781622,5.658101288766714,Valve/Leak
5.449338051171488,66.0277019642311,78.15416813384647,11.592794478935238,1444.8808429285034,6.286592861568549,Misalignment
1.5762169168819509,65.54027052003619,69.84443908775107,10.80096489523987,1480.7739343510125,6.022354353084556,Healthy
1.902807887519254,44.066077925509795,67.65131726456457,11.177453641628823,1446.4662641513519,6.355995165947777,Healthy
2.860667702479032,74.95704905138446,59.5432768639773,12.986500981374645,1461.987029419959,4.240224482283092,Valve/Leak
3.312841175062969,78.35888997637252,72.44398878451962,12.72497450658607,1527.2260150729837,3.737712607204032,Valve/Leak
2.121636852840345,65.0615647483672,61.933749079573545,10.601155244995063,1490.1143396312852,5.576670988456906,Healthy
1.86216606168466,59.78691408739601,61.165483693456416,9.79326511331011,1507.4439960223067,5.207028095675158,Healthy
0.7517001024684746,61.04155252455032,59.51636927713477,10.966291778692792,1477.8148333393524,6.4092734674107845,Healthy
6.409911425097886,66.31756745405634,76.68853644943984,12.68473722020784,1381.26726460278,5.872646657650911,Misalignment
7.057944416836379,67.61268867667967,81.79170229353873,14.295021983116369,1447.878367343471,6.77517861355895,Bearing Wear
1.8551722171121574,57.76339420232317,60.54466435218857,11.34199926693939,1456.6455536121903,5.279525606634168,Healthy
2.41784794903047,56.42952724808965,63.36237589484546,10.525436862720252,1450.3919960934065,6.112495881522607,Healthy
2.085883477405657,48.450209025225924,58.330714409525754,10.556756729713229,1515.912605655961,5.2174615675290905,Healthy
1.5338962216849408,57.53863548169375,62.93915629489271,9.766852783370604,1492.631984045826,6.455958286593686,Healthy
1.3314198664175083,62.127864105388696,64.14347429520488,10.563756431645642,1466.180667017625,6.394174349717645,Healthy
5.878689669751243,65.47246349895256,69.67404673151815,10.280457998449107,1397.762918408511,5.9523290119586205,Misalignment
1.4840603815725195,56.864001283313335,55.54049581296242,9.832443450234189,1460.9292754991577,6.075028631079119,Healthy
3.1061048153583526,70.32761832728097,71.08578453353493,11.017279992090499,1476.3678918483874,4.050628553703214,Valve/Leak
1.064962869461394,48.78633361883033,58.049229194441295,11.375500138510143,1490.545426968602,6.051950016556175,Healthy
4.893735050401261,66.38327595482733,78.50344649093714,11.208974101467007,1481.2867162426319,5.627015310705524,Misalignment
1.153412637948549,56.055227603336164,67.34686606677649,8.958491117388135,1496.842630839241,6.5764158985462,Healthy
7.560327632893617,79.47779046885165,86.38285097367725,13.180072496267451,1396.7815192174598,6.038854610708956,Bearing Wear
1.3368939670196038,50.17835673014891,63.02000901099084,9.697288095683026,1502.238767779386,6.12429077220218,Healthy
1.9147754833884945,56.46341065967257,64.01466186258077,10.533850693020971,1471.5398267918204,6.495774821016108,Healthy
6.385233891640192,65.45848588706164,77.50024782169234,9.168321060274915,1437.239278231437,6.556073171826423,Misalignment
2.041738659353486,52.02057847263797,62.46363640108481,9.804925592661851,1506.1859956478118,5.654552123461004,Healthy
1.6995609715471944,64.17289544355711,59.05117169193798,9.451922537128587,1438.1881090909071,5.63545120578559,Healthy
2.261937870795669,51.743983837732195,57.02172050183457,11.859871068064663,1533.927595251103,6.459909036047402,Healthy
2.885712631559393,66.07285774952358,58.49036069796324,9.121732037259997,1516.6697956627647,5.614282392823339,Healthy
5.793238378886222,69.21162197340841,73.09374477129155,9.850335864660092,1431.3298361849997,5.321629874469973,Bearing Wear
3.004653741062355,75.46213152561668,72.80518107576361,12.751872292280337,1484.7032881306668,4.4260739425914695,Valve/Leak
1.821263097220212,75.12395035441077,62.4321797318446,13.456339750709024,1461.9722139668224,3.5198154079801,Valve/Leak
2.0956597184652375,55.97473750697546,60.734984586443495,9.34761181387686,1491.8321826820072,5.7249376822853355,Healthy
2.3373168521657166,59.68215300445404,63.03099049973883,9.79280513853756,1441.2106859216606,6.59267606835479,Healthy
3.468849114735106,107.66142110683474,65.74733223971552,14.436849566897697,1415.1728379845401,5.579266935863994,Overheating
2.3254681178171337,89.1876401203214,63.36249466586906,16.611247388872265,1376.9249356408573,5.672119300716319,Overheating
2.389491809962556,60.09036920781516,67.08993184622062,10.308231709691928,1470.8590220335652,6.058887556224198,Healthy
8.521551981709067,62.336716735243584,77.4157050223982,9.499134400863358,1433.9845517936424,5.78515845782749,Misalignment
2.350876517682331,62.084992361466625,66.6878466707416,9.93369507120997,1461.1122771499522,5.669157460150928,Healthy
2.078893056693548,56.28963295390643,57.32444846831759,11.437237431312026,1450.5463235536022,5.7638139273395765,Healthy
2.8537187672263453,79.47939845638774,68.27347658110469,13.12177280292871,1476.6060714106309,4.0323418209842865,Valve/Leak
2.1253778759160196,49.345953430169686,57.67842302724229,10.354585613076743,1505.6438405131457,6.512504116903271,Healthy
6.48545715595446,62.93342722657813,74.68023834060837,10.886235181703057,1417.7635936029246,6.053182137384864,Misalignment
5.591491003669006,76.52902028664776,73.97917836955337,11.66627707061444,1484.4794581916858,6.042956570719329,Bearing Wear
4.378176459415688,69.35955898616294,57.988294185710316,13.543287626013322,1415.537161113915,3.7842757357792647,Valve/Leak
1.7695711670507743,57.90304753876474,54.20950334030163,10.85848002426207,1446.1810701747643,6.527452643183407,Healthy
7.5311585220681865,60.79743855516628,84.62382640859218,10.042338885972825,1376.1815395998594,5.9172413104476975,Misalignment
2.3953942563142983,60.81485634581922,64.05260098940781,9.17973211104433,1495.3283379017055,6.037133580940988,Healthy
3.125547861207478,71.66204518130665,78.49595509191323,12.382147128697026,1445.959559364976,3.850680679809546,Valve/Leak
1.6786567878337821,61.48419116222503,54.8430624991925,10.506623822193395,1485.2501879726094,6.493347383302129,Healthy
3.057323030620273,68.77754442340265,79.74976983461154,12.235663057995808,1403.3069056281404,3.270717271745963,Valve/Leak
6.595695545199945,76.07233800822262,64.80019664124002,10.217445116835446,1432.6707738436462,6.518202786268222,Misalignment
2.2953999112418217,53.74955375793315,73.03580816457632,10.144540287633278,1487.1137754629065,6.033702783705866,Healthy
3.664909286231441,65.04583468043526,57.988225597534395,12.819766450571768,1480.3890930165621,3.90961155240014,Valve/Leak
4.779303678603272,70.31331655147078,78.2595481630219,11.01972831911821,1435.061893636747,5.342569894681979,Misalignment
2.902406860981331,98.08240886435256,67.82189335470635,13.455600688829026,1429.8151342516571,6.068316610965429,Overheating
7.371596687934133,68.75287521799524,84.24216214618893,12.254346484437491,1501.097928671616,6.16611055089822,Bearing Wear
1.7731285668744652,50.50912425604146,61.94767720478021,11.243745313974767,1514.4680879706564,5.018945124293719,Healthy
2.2084934741238427,59.54465182081896,51.30027945302219,9.763094163235346,1496.4569583379441,5.530100896512614,Healthy
2.167752676151624,54.751086684185914,67.20668543938419,9.840081524115384,1478.2656241383502,6.2790710022547325,Healthy
1.6456257836702786,59.72249379788511,57.391330865351925,10.016521603726579,1493.4153948561473,6.3380545375512,Healthy
1.4597223364834004,45.64872645382374,59.06022005887774,10.971284858709764,1488.993948827955,6.096813202952015,Healthy
2.154550921735843,50.02954411523041,63.90100909582641,10.846306458422148,1472.8946898331344,6.174803052260655,Healthy
7.2160574991656,69.20124843435,92.55539744122288,11.70203586422241,1476.0599354014284,5.643530995527,Bearing Wear
1.8872318395948835,55.98378627556719,60.754187518442535,10.165950505273479,1469.8709159526886,5.87050896970199,Healthy
1.0016971672454233,54.46770498310054,56.273984587509425,11.07983557899968,1436.3603262730628,6.1164075196577175,Healthy
2.872007497937746,71.98351145590775,72.55808061982894,13.605423348646873,1449.787316585984,3.6958518949759207,Valve/Leak
4.0919386125830215,69.16114160025205,73.04100737965906,11.003085154087149,1414.2317638625489,6.47235304940865,Misalignment
6.613914416065423,67.90058262614953,84.11105719199277,15.59541026480067,1410.4873492906108,6.233152872386297,Bearing Wear
2.769905876206038,58.14533397595761,60.01681500183409,11.02002762862038,1484.595376486986,6.301982412242524,Healthy
2.0462599869112417,52.87807509174193,56.780940678754504,10.450540407596765,1462.4366318210796,5.860078014287736,Healthy
7.610006942102637,65.48706537652653,77.27960252571486,10.33383686562171,1432.8673491722711,5.60787967244129,Bearing Wear
1.9191883556534308,56.85155396878852,62.25306262270862,10.740499511428535,1441.8435084638675,5.549110651460002,Healthy
6.211412341963229,69.8846647677726,67.27991185740807,10.52484542700555,1421.1086019069687,5.9666255151954415,Misalignment
2.2345388910086412,54.42673019413409,66.86168135477342,11.691209278172165,1457.642064932013,6.018044484105414,Healthy
7.702393578051159,67.55293825398589,86.52918931148072,9.6248125280833,1449.4257436465575,5.215878518199194,Bearing Wear
1.4420210259504591,55.815165873840016,61.595977952107816,10.075863889093418,1467.3609427413646,5.915852699910551,Healthy
1.7876958000692098,55.10715053472806,57.21605597770582,11.020427099538066,1481.556615503205,5.694410396614543,Healthy
5.758968118518518,71.96291055448273,74.77656246746983,9.617251111619176,1444.9589970934858,6.614434973346116,Misalignment
1.4485331706073734,53.65635927837448,59.84658411317608,9.981451141439308,1487.6192371435768,5.862359596938827,Healthy
6.951800336508932,59.382169588649525,70.98941729479536,9.870218980918873,1448.3663730635653,5.942588523765933,Misalignment
2.371845266995116,87.48192129779011,62.78049522264887,13.726254069859133,1408.3638523108025,4.827043346684911,Overheating
1.552880630855242,51.762921749412506,65.86854765570709,7.816803154546801,1486.4500405433391,6.127491452026994,Healthy
5.5529956790839785,71.10523401075642,84.81461771985514,12.064725866884457,1486.5761500328142,5.623467230132981,Misalignment
1.9736892457635211,59.02429318052836,50.726249469415436,9.073543150673533,1463.6920981397425,6.142625424954809,Healthy
1.6124196132478275,55.899055988453966,54.275974076183324,9.573575187384355,1454.7042149461856,5.939904868882075,Healthy
6.690375020068575,64.86906464637867,73.86628624108754,12.768124368994606,1441.4986453105591,5.752738366547229,Misalignment
5.5825928728825005,69.60469668727126,86.84568125425982,9.128436011248603,1409.0804941906472,5.593558884293254,Bearing Wear
2.0216287430129696,55.91076021453443,59.388463160335014,10.55017432138416,1468.3017544486415,5.981638055815784,Healthy
3.227695765834013,95.45544893291797,59.00732505777408,13.767410937192867,1398.4871250693188,5.612404761288048,Overheating
5.278814061056322,68.81822328966356,77.61527839419628,10.275420409794526,1395.719088649569,5.640739341882303,Misalignment
6.2080065120741805,70.91779961537911,82.10773028962974,9.910658582323773,1453.6041278114078,5.933800351150074,Misalignment
6.601123421617279,67.33790162084023,92.26490737584822,10.693568236531416,1466.891930415768,5.757164666005203,Bearing Wear
6.337377629730353,79.18978876033422,83.95977670779368,13.358800589225371,1475.5316286317554,5.6206944595127055,Bearing Wear
2.193727169660126,80.71000225514449,70.91042447150927,10.91941464282451,1480.8490131945143,3.3065743661610707,Valve/Leak
3.0650354980588324,110.12251447941395,69.08000539176767,13.27641539807502,1401.1325718404091,5.8678836866409085,Overheating
2.8266523522687392,70.68829839803938,65.01970896646486,13.798190416733942,1485.649299819048,3.2306575414351233,Valve/Leak
1.3932769891144683,55.754534784630096,53.81026887773734,8.67985894944724,1502.470385614219,5.933762345858725,Healthy
6.431685126985003,69.8540948099448,72.90703583712408,10.603685396332793,1418.2380041847766,6.332603558131652,Misalignment
1.854450844046328,56.954482159341,69.15627099889365,10.074283144261903,1474.6110555064263,6.777199407196118,Healthy
2.592412503249009,52.49656622891253,57.000861079530154,8.165845546633193,1499.298337757085,6.030798860148642,Healthy
2.6009238010393867,53.313245228818836,58.92959779648269,8.487030702998931,1489.8439688121284,6.200708010310733,Healthy
6.498114479337614,85.75880583102251,77.77979358420771,10.917844511704935,1471.2477021353018,5.394224025334746,Bearing Wear
2.565759323214667,58.02595862470445,62.42068988547139,10.181824849037568,1466.1569320722629,5.898931558485811,Healthy
2.4231081765776947,57.12928682793275,55.36078267229181,10.789542227758872,1446.4298790012967,5.871831260426269,Healthy
2.314317244423422,106.55951766823739,57.64662926789303,12.771208916010528,1420.4160708527284,5.311998896037819,Overheating
2.714774816342639,58.27313928831711,57.656588249713465,9.86628052059921,1490.612120195716,6.25399590646415,Healthy
3.288487200045927,97.16949464227768,64.53886722997434,13.092143590405382,1429.7038239208666,5.6167181846321235,Overheating
6.0089973763757545,67.11597033840083,83.79321185951713,13.805917379594744,1546.0697771124262,4.816471608870193,Bearing Wear
3.05566889621337,93.91706126796409,67.71469772681073,14.224683110869222,1385.5426409744484,5.511697065543844,Overheating
7.5537655174175145,71.13179384571811,81.4993142334831,16.228714324837604,1460.7853993356475,6.104985290934454,Bearing Wear
2.0947868470814353,55.9080403840027,50.44025105792567,9.283339239653754,1465.2971329416912,5.7598172934728495,Healthy
3.0350848290407564,103.38415168339046,65.65244349867028,12.228094316492127,1358.7638438720428,5.349179540316204,Overheating
3.2435656671686868,103.11859321860068,62.1204789363373,14.114200860168447,1382.8415724931517,5.2481488594892705,Overheating
6.204033403466146,65.14959728506014,75.28425170842347,12.09688234160797,1482.0102818485811,6.082923515416935,Bearing Wear
1.6627422726352132,59.25404693686677,54.486836907439304,10.709258645727894,1512.8837455798089,6.199352601244846,Healthy
1.7006340009620073,54.32884467243311,55.42158152413119,10.03478984845543,1485.393476408762,6.010414025052958,Healthy
1.7546421196468174,56.725852959916864,59.20356534824918,8.848196994831131,1442.0542790805378,5.761804605227649,Healthy
1.5822150057352995,52.88347374503031,59.269504135547336,9.333994168085743,1523.82402216323,5.495558786560814,Healthy
1.9187159951535955,51.71236804329703,62.937880051956355,9.54712244873166,1463.8607062712113,6.715923960899443,Healthy
2.8041009396060828,96.14042972296474,72.04011266588793,13.402353653231774,1506.4406097734002,5.803647624539299,Overheating
1.2731586355162186,56.18467000395886,54.28066871321536,10.54783324464171,1470.925404334704,5.521589438448523,Healthy
3.596339523555784,59.862278736553165,76.27164895099338,14.289444247369453,1451.7148299051362,3.497778678579693,Valve/Leak
6.416368819388511,60.90929391557758,96.45484136767637,10.673380056116823,1405.8354733980975,5.914020327923028,Bearing Wear
2.7430941846216887,53.097398624588166,58.15021841649157,10.335228232196162,1483.9903584244275,6.0920150859616,Healthy
3.1316930359164177,92.50110220626908,69.1633879838445,13.460153895815672,1432.1740119040983,6.055104835311421,Overheating
3.2022417093345545,51.43693547412208,56.47305910674107,10.539990831493812,1488.831248087895,6.028726090204006,Healthy
2.126315021251648,65.32870998750074,59.73387291063473,9.14550637841377,1468.965814062766,6.188529752691809,Healthy
2.103238015958885,50.75248213964571,65.54324059972025,11.936990656688277,1480.5845064379057,6.724241977257651,Healthy
3.109343587323334,57.363220452842725,60.6830153788644,10.842401232979633,1471.3283000132146,6.162846955143856,Healthy
2.409755227859421,54.84521170964154,61.00207797049115,10.757676781301786,1494.4889321957976,6.300025753251413,Healthy
2.3403642884496993,91.00908281716355,67.30583382386756,15.2471891292636,1428.0774489605935,5.229913313459572,Overheating
1.412860667806871,48.04285660197586,60.407396501632164,11.35815636470228,1481.9960800140962,6.763254171549477,Healthy
2.015608604073448,50.04496554490426,58.26378008331456,8.81006176638059,1449.093254314318,5.5308274864447045,Healthy
6.115952463717263,67.00076309582715,87.45922341834797,9.676802441217792,1452.431081762573,6.139230174391618,Bearing Wear
2.258283524876669,54.739088649037086,56.88130551761476,9.917641246759544,1513.0692645584663,6.109226481018769,Healthy
3.450954214237811,95.29834549314383,66.12896475339483,13.629924267902904,1383.402489837012,5.8984001040786245,Overheating
7.574322084097909,67.1394820809924,73.56872521701558,10.538085866321378,1448.918617321064,5.840591691668156,Bearing Wear
2.4040091172724734,47.266425183863895,61.88751793175695,10.728543973422772,1484.3784524186412,6.2009765940826895,Healthy
5.009785010584196,71.83023501191059,73.60145838929282,13.223103914735834,1391.64732765255,6.525508896453005,Misalignment
2.4312179914741794,53.52308792254097,60.57839073952639,10.595543307418252,1467.7329347712025,6.320442557949917,Healthy
7.213659920456425,54.12897162994731,82.97598835345835,13.895312982527464,1470.840315613561,6.15461824573749,Bearing Wear
4.3410196023128576,96.73063229941262,61.69949958895812,15.282711312661416,1436.9039343795364,5.751836489906981,Overheating
2.140736086034952,61.966624304998646,62.38774997248119,8.522237463307809,1467.4247257506097,5.72989386389631,Healthy
3.8887156977549475,74.4528876389223,70.61856193495231,10.196051690456986,1371.7487463481855,6.2465715938774595,Misalignment
6.5789036739005216,68.2119918853167,88.52682635360173,11.279967733987366,1390.3329681194728,5.283385623607989,Bearing Wear
2.137658920705294,59.65009520266574,67.32902814935075,8.365105582732081,1492.4054018450518,5.753971523118231,Healthy
2.691777065325619,63.50947706067245,64.0121991012332,10.381888196475193,1471.9483405859216,5.760271675669931,Healthy
2.308787829031001,62.80201399584316,58.21596079638473,9.277651190017039,1450.3299318971503,6.097876667357407,Healthy
8.535192787263785,78.27063244154138,87.4924396779706,12.135282955994857,1488.4675678604426,5.35597549513896,Bearing Wear
9.053017696440737,63.55236686145107,84.79325120321334,12.946995908561586,1452.4809566597446,6.259767002647888,Bearing Wear
6.479664320279169,71.95031362878714,70.3566226776809,10.842460765280707,1502.1557353978108,6.67717216846856,Misalignment
1.993618795745601,55.680373132616964,62.082628523753684,11.27404266170917,1516.7831816587554,6.014966470238029,Healthy
3.518556866484949,94.87321533193241,56.509209128176416,15.527710430058574,1424.2077484887473,5.655835692045338,Overheating
4.567309818618116,95.91483129469317,59.293122122585615,12.046519430293399,1427.098896018556,5.7828998958961115,Overheating
2.2313125806651475,58.338031712688384,60.6996261049846,9.298658879055628,1499.227118983346,6.335052524196477,Healthy
5.166268123222025,58.3448375324785,75.38261955202886,11.929571126614457,1461.211186428857,6.1337527336399775,Misalignment
5.195792600005819,64.91566585001642,74.96308004354154,12.107295293198682,1415.6085681103661,5.74134028935027,Misalignment
2.77561111819344,50.58609779417955,67.34375949473514,8.878118253431088,1471.3188256838082,5.871902600872061,Healthy
7.7437076046371525,70.63883990971554,88.68836412631221,11.397238706159627,1461.2266787182075,5.831586735391293,Bearing Wear
7.57961225042928,70.57633221091771,80.71654251282196,11.362736807355866,1437.9903776567728,5.702032610230068,Bearing Wear
8.090254438982392,51.369806583276116,77.44087198411937,11.95495136850919,1423.517696659626,6.271236033912722,Misalignment
1.3140790049079576,55.66880943112496,69.78373588556528,8.762234699001771,1477.6953531775691,5.820641089562362,Healthy
3.9529967577570333,95.9739641488613,65.16104648455091,11.421278231718038,1456.9201008457842,5.358733473857242,Overheating
3.6801198618336937,73.18559805289372,76.02305170246896,13.72409216315857,1465.0946765208935,4.355221364235117,Valve/Leak
2.89571390935045,78.50428229958207,64.60815968564806,12.141668705562253,1438.0093928155231,4.276690298453026,Valve/Leak
2.273579997189032,44.11518710070142,63.24312500070443,9.55790994541333,1490.1876470495208,5.940199929865995,Healthy
2.9428227266861664,92.35117939775071,66.53857474111031,12.670992429531761,1355.0092058211462,5.7928327389907235,Overheating
6.5800577929164845,61.75613582663542,71.29965032491762,10.317510766822258,1456.7118478925129,5.569980456743394,Misalignment
3.509522525965975,102.42636188920251,70.31576539494041,14.813983373421875,1341.2527526653287,5.744051350342763,Overheating
1.8133731306132024,61.81112123867254,59.243321652451364,9.470551083050259,1502.4811233585394,5.837962923888878,Healthy
1.4364229488830895,50.89911989293829,56.328053297086676,10.621047522315454,1459.6185538929606,5.256864449639269,Healthy
1.6830243539178538,54.91866541061885,66.41207987883116,10.071544746158665,1510.1924223084568,5.972741251587197,Healthy
1.7262863839564266,55.53845325192785,55.33515998689772,9.185800892748606,1475.5066714075501,5.468586378174551,Healthy
6.636688021366544,71.40747958670168,77.12085409284694,13.052598465976637,1500.9284099641418,6.394613239702372,Bearing Wear
6.042430994583139,63.238360733317,77.43791769935018,10.761780230837404,1377.7868855267507,6.227719805489059,Misalignment
1.972853056978605,68.9503064084664,68.73003908499784,13.01419902188468,1460.5961249319382,4.8845098725472615,Valve/Leak
5.847855827099891,60.605180787114655,81.28084125621677,10.438545893594373,1419.6851048745682,6.319878146144552,Misalignment
2.736311768940224,46.78443452170799,62.41457051344022,10.270116944671695,1478.9754770890656,6.0266272444396085,Healthy
7.038589227044617,69.48456613328001,76.03457099241228,13.270590778416391,1417.9813146803608,5.253615433230232,Misalignment
2.028868872427834,61.51592048858928,57.44510968241932,10.491230074029074,1450.4551145124185,6.432567161172279,Healthy
1.8597219642462326,65.65826212044979,65.34953539805053,8.960158121457145,1477.8121645068795,7.094527816001728,Healthy
3.7383705042273574,83.91771117827673,71.66075135990029,13.04722225584759,1452.9407173672007,5.210932605778032,Overheating
1.6798586867911716,53.18359845725274,63.110983180539776,8.681101576662147,1527.4483606815913,5.589111413115184,Healthy
7.750160521514349,77.75164681973543,83.05778340050651,10.392796173868346,1422.3286327393666,5.387992171600405,Bearing Wear
5.930013879916819,67.12916304452658,76.8243471380371,11.824312288327002,1417.7016794039175,5.604718104450231,Misalignment
2.9560079924800964,96.51771208615735,61.44143529486885,14.963325934178695,1352.8650688455687,5.323846136241894,Overheating
1.4343425204885893,60.251215228296545,52.95450313444193,8.414774125700836,1450.1227547994781,6.046722466898214,Healthy
2.6462970519445372,61.06435378568393,64.3134929246113,9.16821654814218,1463.1899293208019,6.315116928607814,Healthy
5.762630944107601,77.76399603633465,73.47797519026444,12.584887640902984,1446.8857819667235,5.71832410206521,Bearing Wear
1.5731349063792845,57.23039050777699,60.30334240396376,10.93531148233664,1511.8078079332424,6.050766765083253,Healthy
2.0896806981434235,105.18951090895894,72.85186495317261,15.331057415724716,1402.394156085063,5.826066224119387,Overheating
2.5056344183044197,95.17877181347178,59.46882231537944,13.806407561558938,1461.770941860098,5.9314191153697635,Overheating
3.768120260006432,66.06524418737641,85.61443578919663,11.67612987047727,1450.9831774386494,5.897035968497228,Bearing Wear
5.9924690501888005,64.25278306416578,71.48398666174391,12.846337662020007,1415.7062433220672,4.998316314915325,Misalignment
5.984468818591073,75.39945009486422,80.91468142595707,12.853917203389253,1448.555579200144,6.200132334925471,Bearing Wear
1.6723400462141562,56.28509925948107,58.087541342664885,8.070827146601163,1467.9699854071296,7.147507590410178,Healthy
3.1687348761146525,70.54262383040056,81.01851937108744,11.666754022929235,1462.5325859070053,4.543098841930066,Valve/Leak
1.6162234727851805,54.88901916543165,58.452518780688344,9.687697499389774,1498.61424693109,6.161179833309182,Healthy
3.2642369462663376,100.75928239749237,71.52129850286985,13.569930147205445,1432.7787562349654,4.981524681770624,Overheating
2.913202516972695,53.33320779883257,61.262364199815096,8.77478420410366,1454.5731257280383,5.714822443373836,Healthy
2.6384200395712685,69.98525730059174,65.5329335275989,14.3989457071724,1481.7132502271015,3.9579258761190275,Valve/Leak
1.8773814989604916,53.3122537731197,59.751446126506764,10.643233964875384,1462.1560097021202,6.2009578470202635,Healthy
6.183121180355207,65.17859045971576,74.57916164703076,11.478211661668924,1381.6878840528152,6.580433722487275,Misalignment
3.2057301413883277,51.77742064251493,60.15773615060349,9.44265180016823,1485.9847004778403,6.024540345395344,Healthy
2.280174914634806,69.11073896396644,76.87634747740107,12.359450369202918,1393.9126366287715,4.124684807409002,Valve/Leak
3.6791021302252913,91.49512516433727,64.74699111447707,15.019789054989447,1329.7499288835945,5.15757640202774,Overheating
7.5944865738108955,62.80338409162956,82.83508686298784,10.245676404666398,1328.434620147479,6.197524336099969,Misalignment
6.736184283467915,68.48552436036667,75.95875027214045,10.741184816836721,1423.3793486800932,5.715839439331617,Misalignment
1.0944826213704548,48.928460265336525,59.18289350937039,7.759133019322334,1439.843203539613,5.866287130615308,Healthy
2.780651254978192,57.7205560118815,79.31437133964356,11.276523198546395,1439.545973238121,3.5691160076002397,Valve/Leak
3.3371360976323965,92.16054127310882,62.28172052032631,14.269389851116676,1350.1378279510318,5.652295760858504,Overheating
3.415711345557387,97.91433506891991,62.03194190820252,10.920932721216747,1390.1269904622857,4.920210780244338,Overheating
1.8717140665600063,52.060025600600596,53.52218859745271,11.18678917903223,1470.9263541014361,6.941340345512737,Healthy
7.421907234021766,70.23527316628218,87.04943037910105,13.639030999592219,1483.1267899223633,5.093356915137591,Bearing Wear
6.497139418589664,65.17946099626928,83.56275461737859,12.752766818358936,1457.1378880966738,5.6825864049085615,Misalignment
7.905280158600164,78.1572013513046,72.82805343072056,13.6294420955998,1442.3540338794396,5.0763988662342285,Bearing Wear
2.45469332673693,53.24325671266282,54.7132268419843,11.712090926894273,1466.627260273722,6.4637889269673465,Healthy
2.2080025238268766,56.937535788292465,64.36708003254454,11.492983393234077,1463.7274057672919,6.208309908754043,Healthy
1.8976680396219014,91.5299925106352,67.04663636303098,16.515301730217594,1474.3578235933562,5.358043468369765,Overheating
2.4715027326452463,58.826913442378135,59.152716282135934,10.076105037955221,1477.7963815660903,5.9166504215296785,Healthy
1.940170754994154,52.97092959212571,54.3229116979933,10.862580283047688,1490.3251546782346,6.750637497267452,Healthy
2.7262937932303855,74.21710812161581,67.49823910776435,12.248277543967546,1461.1841516837383,4.476437581687798,Valve/Leak
4.529742531462687,61.30494843720943,75.09012507905943,11.740283659819434,1385.4252871486492,6.006033380248668,Misalignment
1.7742117523530065,52.06538890374446,56.318381293110235,10.140806303365332,1502.5363732549556,6.479113795796388,Healthy
2.8504174554648762,81.8389411860923,65.54592155510585,14.89647188019671,1462.8384474221596,4.785417045070203,Overheating
2.072068400937814,46.908058167626876,60.86106075425652,10.623002545070467,1454.3742455209388,6.053034148019389,Healthy
3.9627981082568127,73.23987655476115,66.15961582619781,11.514230343640016,1469.7287423382563,4.878967751051208,Valve/Leak
2.6482842671424707,90.48715579575087,72.77746285526074,11.137039296548629,1451.423728912009,5.34912076462115,Overheating
5.659365350282822,66.19800440741074,71.35100622530113,12.058383136587679,1462.9699112838232,5.506636384089303,Misalignment
5.64350613976688,65.25816745030713,82.6257544867547,10.325965832051688,1457.7964831948875,6.082850071580921,Misalignment
2.183701783764412,56.24205961658445,54.208233439476544,9.393276156380313,1459.0949523008185,5.889352491404523,Healthy
2.2905139008132225,47.83705461249865,58.6331615646034,10.233624860919305,1494.8817696061242,5.739693184832793,Healthy
1.971828548112792,57.84514835515705,61.17423243316598,9.11532251945843,1515.0923760696062,5.960473784042591,Healthy
5.338032598277834,70.53253999182273,77.85923446275537,11.314663429160568,1395.4503553006405,6.337612090647307,Misalignment
3.811946718031359,95.22217614614092,64.62569418071682,13.726860677379303,1491.1599177724343,5.283021492831117,Overheating
1.8133719170440696,52.3343650226148,66.29923418236294,8.644007601383606,1468.7741830393456,6.076209265695545,Healthy
2.356566153298572,63.09508675307775,61.72896450393912,9.79638051992197,1497.1111305634438,5.453135626991434,Healthy
2.488131797290665,56.052834129869424,64.82001905722248,9.147627561985528,1505.6956760821554,6.26814355088516,Healthy
2.1036739583960387,56.73463946968347,55.71633915085105,9.614985448615183,1486.6224469489034,5.8299464335671045,Healthy
2.14744438226945,59.180170869636456,65.34267314461897,10.532310563538509,1496.3661450171326,6.395003627959973,Healthy
0.9405416588340569,60.798906083375236,55.53340854078663,8.869123117855597,1457.9318509336763,6.993831172834387,Healthy
1.479191795863642,51.582917837757975,59.99637512103834,10.542403777706339,1485.585846758643,5.62855742358886,Healthy
1.6944060951878523,60.23457510357083,60.28148301142384,9.240665902177989,1493.77908252514,6.1532979879140095,Healthy
2.3650460271109193,58.14558555156985,66.00911099204754,10.710138532156178,1475.7210623919552,5.323788062907813,Healthy
3.2734433800797405,95.30718165112833,49.945627988723686,15.018244937531074,1363.5179896788452,5.774289124617701,Overheating
6.696642902851298,72.6309041948927,85.19666671777004,12.788375369780104,1453.1033531396492,5.593207875532743,Bearing Wear
8.908558864189269,72.63131790833867,89.98308951166176,12.598594354233501,1479.2730434214843,5.441613087095687,Bearing Wear
2.2527430573126694,61.463347978936326,73.36538049750285,10.407518622042417,1466.777985196955,5.521742765319546,Healthy
1.6129402778303312,40.494587838405884,56.62172493970085,10.716740701338141,1481.5079947837626,5.896550159878444,Healthy
3.735286985709709,75.07087974552238,69.92241013237927,10.356976945143451,1447.7306874095502,4.416859192512172,Valve/Leak
2.0959690340851704,58.42723080784102,60.773694876774464,10.649675032992064,1463.1290181942934,5.51089129743879,Healthy
3.5459267692305314,98.11384277496565,65.6579308936083,13.513938592950053,1408.4394402887435,5.651719975466202,Overheating
3.303569778314336,50.39598107248942,76.12996562073963,8.74317890817171,1487.713374528212,5.522062967628788,Healthy
6.982122824853751,65.16291339921511,79.86540214482606,10.57631778859773,1368.5040757703375,6.150683653015702,Misalignment
2.616308830495994,92.53663080534858,67.03290867589308,12.77820065423308,1415.0097923824703,5.975454807582782,Overheating
3.9831685764335845,72.97047259779963,71.54599059942862,12.519701767425829,1448.358913084601,4.636015899230228,Valve/Leak
2.183049820544845,50.18745246297092,66.8515632465276,9.677543336349743,1501.7595834132992,5.718470729090228,Healthy
2.664015890678934,51.869962426572386,52.160498748141514,8.96005946325861,1497.1341736199654,6.304248217300743,Healthy
2.5577969091607264,76.03809495775579,77.89552327115642,12.917440552633876,1473.8559603859205,4.636716533273995,Valve/Leak
5.613140822559442,65.98765955041719,81.9611599953114,13.241286223072118,1442.442468338465,5.924898335489759,Bearing Wear
7.002084551068819,70.64437944631818,91.17940428957256,10.544121526591413,1445.5463142720728,5.313888901680195,Bearing Wear
1.90223556962978,60.34621566283948,59.97588389725302,9.556160866596993,1475.0657990385455,6.68936968544287,Healthy
1.6862419496922045,55.180040220000336,56.81786776709966,10.490681672763959,1478.8702912377817,6.102393961052138,Healthy
1.9484773035513416,48.545881323882554,60.880462145968195,8.236591164105928,1466.5607803674031,6.195682114409062,Healthy
3.1747080626409185,52.85873010797972,55.674376848899456,10.522283550860188,1517.399376296573,6.613097917104363,Healthy
2.9016435687763895,77.10220369887254,75.51826691461817,13.710234308614853,1448.781285399772,4.491482608953664,Valve/Leak
2.254383939479572,102.98141539466332,69.95979756982335,12.887057750702468,1436.996393134378,5.82524546219378,Overheating
8.891167665328817,69.93722932558096,86.98912789493745,8.041907617259724,1483.4746808972313,6.207834567036075,Bearing Wear
5.063319592830471,69.81022692897558,80.09374648218977,10.34908338726043,1461.6789328089217,6.085216284413188,Misalignment
3.4675846563759216,90.39675881943002,56.620340426942214,14.549829913349964,1397.3867718761016,6.061525428412363,Overheating
2.38925966336851,57.54404683025075,65.10478677346397,9.113592654959755,1483.9707326022537,5.943705638771121,Healthy
2.127906538382082,51.929810670070836,58.310332300407424,11.648502708538901,1446.1129776357743,6.283745882746134,Healthy
3.4630697220019098,106.82604950778797,69.69257823537612,14.576185570606546,1381.3308176632845,5.661066978872374,Overheating
2.0017502121801387,51.28586695377716,53.97888666996777,10.185406885380972,1450.3936758443685,5.811382924216994,Healthy
2.4165092648106232,60.77023354585594,60.3947403013122,11.831459031859799,1506.9477350443256,6.191914286058884,Healthy
1.825300940558376,57.81245537179994,59.29386579552856,10.54823020165745,1492.4490722766568,5.908168300875942,Healthy
5.7714487430275865,65.10669274322663,70.11237699837817,10.729383265007074,1494.7459536792624,5.5398453724519126,Misalignment
2.6818561934288034,58.71659099090435,73.35382253972105,12.332650889271516,1467.9760304085335,4.694859481285936,Valve/Leak
2.164149422952248,50.66030038096463,63.5341268042898,9.810315986209728,1440.0314278539893,6.330897771484772,Healthy
4.184897964446778,108.02493801443734,68.8676727381388,14.77095817665281,1443.6619096782026,5.1452019413272465,Overheating
2.666093834046902,79.6634650641181,66.03340520689333,13.558732705190943,1474.332432567887,4.322132568720958,Valve/Leak
6.342705746112182,62.892232681259884,83.51430596102811,12.136878462935213,1418.4112077225768,6.606294591396522,Misalignment
4.328363468557855,64.60847358596817,83.17638963981136,10.180161497184736,1427.952802845928,5.3560614728944795,Misalignment
1.582880128048025,48.863008776042626,56.90862957648773,11.738283284501032,1479.278548680018,6.314208680364842,Healthy
2.224094474589732,67.01092552544432,74.59491236476518,12.238860393383746,1477.4896792906159,5.038661210518824,Valve/Leak
1.8215329185782627,54.00864313644529,57.36816774464789,9.39202599333445,1470.1575837050327,5.993899709615275,Healthy
2.47670542132149,54.87440665594999,65.59087473650487,9.408199923251727,1455.9727432477675,5.878098386235233,Healthy
2.4302333515723786,62.3011679281127,61.451001519918435,10.75302600583383,1507.375587347629,5.688301240744564,Healthy
10.325095852639546,75.13833365381545,88.06420185217823,13.34053626648859,1409.9296856308194,5.541269428567334,Bearing Wear
2.209304159854583,53.15516967544862,60.4769424456521,9.688983752701175,1447.4718814502874,6.353990574861609,Healthy
2.41788260858295,87.10716632007133,60.60129414896552,14.302787844229615,1449.400918424113,4.87560200442652,Overheating
1.775668994940159,68.3675278458354,70.43135241179769,13.920493080583078,1407.0359503381974,4.475275909962262,Valve/Leak
5.540571067367722,70.40492617055048,88.7628778269854,11.84931789730056,1417.206080662837,5.759607599542855,Bearing Wear
2.3020162374774493,60.37678915651299,65.05730995442389,9.980251502019987,1502.4532136912446,5.59160788535136,Healthy
2.1787343380815027,82.81928485789659,71.82718204747351,12.934798368196063,1404.6695553002087,5.087676781230289,Overheating
4.457454136046051,104.27932358734617,65.44178868637175,15.471048844625539,1397.8779174536523,5.948880538557383,Overheating
4.267763532589533,92.23476612050565,63.263545478373445,13.300206537962218,1407.6980945886673,5.344721662829658,Overheating
1.7595065082993244,58.95394260592016,67.59183509054282,10.077547143795046,1524.3665686953968,6.45101173714868,Healthy
2.957160751063712,62.031244798300385,65.76317665443568,12.27503597179928,1436.1743637809489,3.102047676850504,Valve/Leak
1.6979865867649122,77.57327570304184,83.1132998168191,12.066000073174772,1469.689262278351,4.000683854352637,Valve/Leak
1.4027946067474333,54.34104460204736,65.60590131865958,9.951129470172136,1447.42744624488,6.4966613668202635,Healthy
2.039367071607109,57.91322148429504,60.599251591175786,12.537437142166917,1494.676268221439,5.919059951701195,Healthy
3.1679557028858856,95.26621647563162,66.21893596866363,13.348869536881836,1408.5160665451963,5.2978035447376435,Overheating
7.140200610762703,62.17276086282697,75.70693518666397,10.239577603487204,1408.0929151345417,5.484404345092439,Misalignment
3.951777277915334,95.15560738739364,62.31671134950869,11.460394903473217,1431.817247366873,5.229377172336282,Overheating
2.0146317107521057,53.32937154433157,52.40972900307064,8.619279399395369,1486.7308634553558,5.737723465779546,Healthy
2.0732656532383626,60.2377098315145,55.83927458008362,10.232717827505011,1492.7654917974792,5.749513005638726,Healthy
1.6669778467349488,90.00235401812216,56.481561144315435,12.896187540013692,1393.816637782379,5.832600287610493,Overheating
1.7023131405562222,47.25388601907663,53.92910677295826,10.310205950511868,1497.6290952236775,5.832311222318021,Healthy
1.5250413004604229,53.04729690598571,58.469272101096664,11.529413788304423,1482.673182536019,5.280626884296926,Healthy
4.47674206130231,93.50155566739187,60.51458837476892,15.296386122026618,1478.570585468703,5.839492701581167,Overheating
7.905618178446897,72.4252443266621,79.27221805936463,13.933226768923944,1463.1505344633747,6.325983437026373,Bearing Wear
3.31902219549202,89.62943148956992,66.23833489244473,16.215838175382338,1342.9432907348291,4.952399535314992,Overheating
1.9929386125352746,60.85631613076276,55.96357612518584,10.051190592782717,1493.762576398305,6.084080076016096,Healthy
3.4112991281094733,56.06162240951258,53.29791457231741,10.314199892540243,1488.58290086879,6.397569429832785,Healthy
1.8930777273017385,46.38960155681995,62.30681515901957,8.35758394567028,1504.3048920637116,5.706896813793993,Healthy
1.671915594078069,52.53982168938388,55.995150917028944,10.716081526960702,1467.5730603856086,6.30741283527646,Healthy
1.8842908737473225,55.17782469979621,60.769108029575,9.075795665446883,1494.0761529860272,5.891464317622907,Healthy
1.99188586514362,57.932269502124484,57.94329126009925,9.21040191012563,1488.5371646887784,5.802506465680298,Healthy
7.081188042654055,61.758212333231015,81.48720427949588,10.501043190024614,1482.1875634114492,6.10941623714345,Bearing Wear
3.232058962720242,94.47392334267072,69.30201025342359,14.779747464235493,1427.9990281689038,5.423261607928182,Overheating
6.6650630850242045,72.756701743571,80.53005219466718,12.581658703880153,1434.8609554662196,5.512003563062499,Misalignment
2.6897849227568633,45.690282390648676,67.52378352836465,9.212365330459685,1518.4677993671212,5.971759283327584,Healthy
3.192523199133121,53.34926099472173,58.26533488447714,9.305160800925941,1459.9643346160196,5.868070271505896,Healthy
2.1248201251074414,70.73711335093218,72.69871941659046,11.924913518885724,1455.9387548818347,4.903252237282604,Valve/Leak
4.545333803149287,90.955858562174,66.00452050596267,15.918744748544785,1463.37360857558,5.687928281445409,Overheating
6.060626472675451,66.5506454886741,96.33553926078673,11.4252817408759,1459.7088223796782,5.382497109067512,Bearing Wear
3.0211137792407805,93.0515339417294,63.74147170821581,11.781395273080266,1397.0605090810927,6.1197080666533905,Overheating
2.448717603876703,37.67818306235026,55.98827402290026,8.089609345423877,1504.7240744455264,6.351511089984991,Healthy
3.2024940058418365,79.21025657574593,78.14315013739449,12.513051206832138,1404.7785955083507,3.7507300167685416,Valve/Leak
3.0494470869291903,54.728374992142655,56.96589107143744,12.399361487599009,1488.1146530934125,5.5088927976418685,Healthy
3.6999493526778786,71.57775489405911,74.76616351403133,11.073991159604555,1424.1456464369235,3.8325719779281617,Valve/Leak
6.333948820871678,68.18380122414823,87.33056906275588,10.261443206867039,1420.5803300268287,5.6157379027978935,Misalignment
2.5669751964323235,52.761722404016595,70.32872916101732,9.291101003420081,1500.5983576842725,6.581809024400182,Healthy
2.2888161456004523,41.374769793723075,64.12106177816779,8.898394179294932,1491.3493922799296,6.301995467188257,Healthy
2.4451076750338383,55.27947496225805,58.09761744421775,9.925610669997404,1457.6799697076572,5.915324820208286,Healthy
1.6058907530819586,46.29403390954071,53.61531941197876,6.849888449501073,1473.842416162143,6.144199459319879,Healthy
2.1183573899189745,54.38762919445819,54.11622119141265,9.568794792418617,1501.0160833043467,5.610324375707938,Healthy
3.2426171335247043,67.0667561614514,76.04962603354751,13.484609133742728,1453.7022265411135,5.381620235958749,Valve/Leak
4.976606937174598,67.66505557320257,99.79985564666431,10.526727785488571,1451.9900137849475,6.292397350650517,Bearing Wear
2.3982346728603927,58.68795684258352,60.126963633281285,9.207685607263024,1488.695283849791,5.838889349163103,Healthy
7.482471887136588,63.095020042115785,83.53065201203314,11.256766341148804,1425.2255680557796,5.172975310436417,Misalignment
1.9970152223727808,43.64610102747951,64.93862816070677,9.9498081879629,1461.3734909580046,6.372473365935673,Healthy
6.143085766808548,68.20358564398514,90.11312768266473,15.36037731709726,1442.6569356075304,5.983977677920688,Bearing Wear
3.0037894463151544,97.80919433613973,58.813242512472314,16.938750742462947,1371.480946204574,5.607428518072022,Overheating
2.042669161007567,52.828431610482895,61.20663122503306,11.757347475210299,1525.6186795182596,5.92994285043029,Healthy
2.4338649008008186,88.11681363823388,70.77300938978092,14.338051083484626,1477.416516031979,5.304200849341354,Valve/Leak
2.114345352778987,106.15671051012231,69.51653222320732,14.684424653481877,1461.4077050565575,5.705332194219307,Overheating
7.295910274610807,75.4116929482113,88.15834795266692,11.51207439745466,1443.8382866998752,5.642855113875925,Bearing Wear
2.635358074881193,97.6153973846231,67.00950783336327,14.30773120035953,1408.900746789489,5.273536631021878,Overheating
1.8305738217910308,71.2807839221876,64.08513261927312,13.119822916939759,1442.1377719396635,3.1746636007755686,Valve/Leak
2.8148565013234563,103.6823471701022,62.36505150715657,16.547174636462376,1353.93208546327,5.570412630342221,Overheating
5.080594550902285,93.50443115156912,69.14226276477885,14.675866139478261,1398.9793749285875,5.707087945833209,Overheating
2.3341029655494716,55.81227436639464,62.596614689891744,11.915038685532785,1471.6637925384196,5.258445238140724,Healthy
1.4889382461138818,50.59360181813341,55.76546509241999,9.976400424850972,1484.948358577876,6.094668690183547,Healthy
3.795120054235844,98.2067349306712,72.90654318728738,15.270141560670075,1386.018729656449,6.022195321452998,Overheating
2.398989309440275,58.60214867348668,59.3784008336013,10.103270380430605,1477.372507358916,5.658821484703388,Healthy
1.653097223616492,55.99582828233193,65.42792439611861,10.795989988448305,1474.4077381002353,5.727929346471883,Healthy
1.5124967682107742,44.42365186325047,52.27427687512626,11.374741358161485,1517.1456981087697,6.301576389572557,Healthy
1.3035098136749799,54.19433987237566,63.05919623836856,10.829881272493985,1493.7762200163,6.483827227076507,Healthy
2.675982118607908,111.83187228861858,54.90031225816291,12.832532831667205,1408.0000101365902,5.719610369047366,Overheating
2.652963842177348,85.21551248402977,66.73886454343115,11.776751248923476,1502.270641322055,4.624576345579801,Valve/Leak
3.156696990060426,86.74407985503257,65.42309857416294,11.72946860793323,1409.6922826237894,5.761361173512164,Overheating
1.9538059500995464,58.74044822192957,55.480772298317646,10.966631457467733,1493.4915587215983,5.679896961085377,Healthy
2.5448606050302978,55.393229620908244,55.88743685554704,10.177755805065905,1491.04901493768,5.667992219753692,Healthy
6.5216223418559665,69.11658975887507,85.74878673871615,11.665726622353128,1393.7275489707185,6.715913415330009,Misalignment
4.593674653997861,63.81825992638867,82.05064947457038,13.257147288242184,1378.6163510674628,5.752355033565426,Bearing Wear
1.0161213091436208,76.48055051573019,75.20166071135125,11.98401695614206,1431.1678182917726,3.768853222087737,Valve/Leak
2.7390480847034397,96.31757753451781,58.90331601353445,15.458074373837642,1404.1026872262146,5.604007099261381,Overheating
7.891652737626871,77.74336411513531,82.55488814517393,13.141547656342436,1473.160823734842,5.96714824393661,Bearing Wear
5.273510327299355,62.892258424815246,71.1152031181875,11.725021644741041,1421.825412057514,5.621700344421259,Misalignment
4.447604651248603,93.02784256243052,58.16295964980196,16.79527617552343,1418.8292215098581,5.668288950245169,Overheating
1.5998411356495452,52.933572720306515,63.388600212189026,9.552439639465836,1488.659670565031,6.005346230862732,Healthy
7.621130642806151,67.97016463780977,76.65323837949833,11.555021220809394,1376.21324873935,5.7027281591785535,Misalignment
7.149623463749581,71.9554732266024,85.84803294948402,13.767883730003941,1405.0794335739295,5.4802996110519135,Bearing Wear
2.1319683286242403,48.42284633557745,65.98264933989653,11.54322212248508,1488.5117401455427,5.396371440576122,Healthy
2.170171282958032,53.64078841815997,66.73622314040551,9.884061339362349,1522.0908470811298,6.313246885813415,Healthy
3.644299168800294,81.18531163879058,75.3943121046627,12.908997979979404,1443.5019933185656,3.6389463313676083,Valve/Leak
3.1393867042379884,92.6739821712866,63.32935730023671,15.543286301500316,1395.5170995747233,6.258041459298361,Overheating
5.0290488375793725,58.71181812824706,78.61375528848816,12.151486055830064,1412.1681531122383,5.474406919149243,Misalignment
4.549598119684472,70.05110088933347,72.14509319838578,11.397095357110189,1462.3076516696187,6.09050247587497,Misalignment
3.977268082849884,73.7346083095779,92.09505703589326,10.953814399209673,1417.001825669092,4.697130283966863,Valve/Leak
2.3963046976566362,49.50809555061953,60.270663746069886,10.457317481116165,1469.1257831256994,6.092731882337305,Healthy
3.315858286518654,103.67268814622324,58.81211017741006,12.053069983973234,1447.5968425481665,4.973744876241549,Overheating
2.027674242973217,52.910890285862195,67.33262414002995,10.928147808417025,1485.5943125658373,5.138933392582487,Healthy
1.4645700370904946,53.89309025385046,60.036670342147595,11.89727732122497,1474.9351588410157,5.4308912655788015,Healthy
6.72573221499822,68.81487902469163,82.44209001764591,12.72320884863298,1403.247978084514,5.343604098903313,Misalignment
1.8687663415964675,54.14110998485064,54.39165303550587,10.583896615787658,1488.0426234762162,5.937800765340852,Healthy
3.846405020164516,73.53422704944543,76.70706238093744,10.47638497254452,1461.420578824082,3.841550595666794,Valve/Leak
2.471605282723615,56.84973683098313,60.09061117043518,10.012780435029736,1448.8046964458658,5.637372778474161,Healthy
6.39335580177178,76.84251426861954,89.95822561288311,13.318807665551397,1459.9874316938956,5.6255967066981984,Bearing Wear
2.3201929502933494,44.37192937865369,66.21888196313904,9.499880556799525,1478.2743168159584,5.968934984182051,Healthy
1.3431791579709067,55.7586251683948,62.97182316000501,7.955548488603904,1453.9842848477538,6.358346142518319,Healthy
2.1493706176453884,51.5892595236383,63.57806305130034,8.797099309144219,1477.253279140671,5.477402825240562,Healthy
2.278726389339589,76.53486516486151,72.5990909847107,12.31530930369911,1487.2574804118187,3.7218423216321757,Valve/Leak
1.6925893362594693,58.71185884022241,63.21721227795673,11.301956539476032,1481.6596889715458,4.816161296695206,Healthy
4.095681793740023,70.0500321465805,58.494782749254114,13.539198225255499,1473.1014843086211,3.836400510737081,Valve/Leak
8.031689312747693,68.51950536944685,79.91622437725911,12.783854548674174,1451.6979834990152,5.333689934585569,Bearing Wear
2.4135805021062615,103.76636416277255,69.46848866604205,13.816580984109354,1403.242566183785,5.905510491175192,Overheating
2.379196262231744,62.38693064767673,57.54558967075352,11.6461451009193,1507.102337810117,6.099423520952371,Healthy
2.118055769043574,53.777495520610984,56.03614072031441,10.532275195327015,1459.5295140134872,5.864578164005541,Healthy
1.3173702716145286,58.29236011557767,58.858309797846054,11.29884331009439,1475.1069399425346,5.837361929790335,Healthy
2.0195146030146467,55.223391161028424,63.708833676167494,10.067018990333338,1521.8783539110912,6.1824869056483,Healthy
1.4642618285171904,57.67398734422857,54.90835942716489,10.594844384540657,1497.9127809001284,6.367896870470933,Healthy
2.4607355874737653,56.612946191749266,56.9606446964271,9.84059885416762,1489.4255951902846,5.730859560870243,Healthy
8.734722338247225,75.78433678213634,85.49191716108638,12.351213913021766,1433.8581118597551,5.596041437106535,Bearing Wear
7.301331664147293,74.09499058958052,84.5749390859017,10.684013707298638,1451.9838542658354,6.336705827123814,Bearing Wear
1.9852628180368457,65.23715200873191,73.49358494944933,9.519857385463075,1475.082304636594,6.277332519696647,Healthy
2.424567116729358,55.50733846730739,61.8581924474346,9.424562155601006,1464.2459328610746,5.205813813633792,Healthy
2.4707232215234556,58.36679503129551,61.7416307543974,7.6957722592252065,1464.9779764995983,5.897567618545787,Healthy
1.6451824360514253,89.13582290420814,65.24571474298703,14.074098472279852,1436.3009133575088,6.325271880357192,Overheating
1.9122251580714378,64.00163256030844,52.09031786034049,7.921156901383095,1462.265531794706,6.324874979159321,Healthy
2.210173406124384,67.6374327876307,62.55109899705428,11.510189908123307,1498.776444368782,4.128282515624843,Valve/Leak
1.5549928107522697,57.45562506614048,61.1354133015828,10.879681572998987,1485.0909700962804,6.394033357308989,Healthy
2.126982488067964,99.39628858656434,64.4845048462883,12.83492063126076,1427.7591110680326,5.868623419122889,Overheating
2.719548065357318,86.67727819209202,55.97636436081615,13.63653755443846,1431.6821792859018,5.270693722237289,Overheating
2.8359408065345355,93.79394404925888,63.55454144731424,15.47238886069653,1361.643577187853,5.448415933069764,Overheating
1.7192159808291614,55.175771722391666,59.433383546089615,11.051671298654021,1479.7845159960027,6.222002297992935,Healthy
2.7018795001047304,53.48807515623483,58.502143032162444,10.745038587776488,1473.6799431628176,6.199356673897419,Healthy
2.2168378698400684,104.19002279833018,62.53896685844759,16.006517991516127,1427.4418342090303,5.740131063726205,Overheating
1.8747483653384147,51.38996209979215,60.031380207482385,9.816088553735979,1483.8203650622418,5.435737959384811,Healthy
4.010122388478201,100.66429120810042,65.11500888203337,17.843627153337476,1376.9058678031736,5.465331182872545,Overheating
6.515637626068869,80.72688477620189,82.80711290668285,9.708253210265962,1476.1599664988391,5.955684096883512,Bearing Wear
2.7623591374057037,88.95725681238588,64.0818834844889,14.83226747957683,1397.1069223969316,5.6551820693128665,Overheating
3.2975675702517018,71.98191637223842,65.76475650286075,13.167940186108213,1450.3326963513812,4.508582233939265,Valve/Leak
3.4012302332416327,85.19007553075531,60.17614623118653,13.045134700339586,1368.1474382267695,5.282861210002008,Overheating
7.838385326246655,67.45689202158022,88.55076195994988,12.493263078698222,1449.0142356698843,6.259289881042013,Bearing Wear
6.052759537263421,59.74569948832299,69.98535272606742,9.639234975112496,1400.4242854660629,5.933240224462194,Misalignment
6.676154451512101,68.2050212908488,95.63645575035247,10.294229776804306,1412.6772004080278,5.461830962970626,Bearing Wear
3.4118170500696436,98.71152568331281,69.72319158184894,13.837641700936713,1384.1471552037278,6.153384277980922,Overheating
7.075310826932976,72.58004166696365,96.24210401426149,9.50915074221713,1437.3958708471193,5.25695591955531,Bearing Wear
1.897737153686788,59.165468788062036,66.0298479416555,9.46812719238576,1493.3305248106317,5.920912520667209,Healthy
3.8081326733614573,70.83461736390448,76.46184629455004,11.544367254574784,1476.412762924226,4.716836636394242,Valve/Leak
5.577974425210604,68.76513400336789,86.81305078133808,12.66457866060209,1453.4762784810368,6.371674512833939,Bearing Wear
1.8798745830084154,46.56113949980551,63.10624405101947,10.554619447440285,1546.9720673143252,6.410543863354333,Healthy
6.254895075673836,63.41694544686777,75.65243846982256,11.276248961593879,1371.0572198606733,5.9787654362028,Misalignment
7.754013276726153,64.34164120098758,71.17227323085238,11.268532082079965,1432.230442156439,5.847759750750659,Misalignment
5.843980501190654,62.10404063882993,73.91759250543835,11.7321532231911,1409.7645698226243,5.811507006800183,Misalignment
6.676717259053079,85.65511592319695,86.49319900547833,10.137154451586245,1424.8209177077072,5.424026084565066,Bearing Wear
2.268489059109709,49.46745271849618,58.34397121832386,11.142746908260683,1469.604556908955,6.268594625123853,Healthy
1.814692472938004,50.570273062796026,61.498854782961494,8.965221872291302,1521.393137604368,5.344246042366063,Healthy
2.4391385428021244,56.549305782650016,60.27216626755995,11.854958670656575,1529.4192777882245,5.917093324690887,Healthy
1.7237998911235248,49.15356301037655,62.31556377132287,10.249622402985375,1447.795574272299,6.182400794075865,Healthy
1.699377656229204,51.66738669560585,62.118898837051034,11.608881655180646,1487.9679125931082,6.312193700501104,Healthy
5.585727610423825,68.04008386443026,68.20827557675467,11.207201698303509,1444.8026909959237,5.88458636001537,Misalignment
2.028909923891886,51.88919198636085,54.10946616877237,9.909686650702087,1506.090120067872,6.40975229237085,Healthy
2.7071164490957575,92.36172566337812,62.80208065405428,14.431624134653285,1442.2992558146561,6.405123693986097,Overheating
6.651180346914108,67.71167201503027,73.35126790261478,9.97399075094714,1438.2611929053405,6.747951914750025,Misalignment
2.4489378750178292,71.05640214810096,63.158955837349225,13.022212343071917,1477.0852006916696,3.853699957708003,Valve/Leak
2.138440536381121,52.49223719853511,56.24665082607768,9.240698396635345,1488.0050385139368,5.836837635069421,Healthy
3.666716166975569,70.37620797075405,66.87480414994138,13.153250206443872,1456.3651704549452,3.323743154313686,Valve/Leak
3.500035023187423,69.21908975083248,58.50170072876423,12.783481765517385,1445.300579499116,4.1697133984615755,Valve/Leak
2.622202686490358,92.53206858535398,64.03862362043083,13.645688478387811,1402.0900333149093,6.108470951391623,Overheating
1.5444210220675372,46.36334739338173,57.444444214164854,8.598749076033814,1499.2019258921666,5.961557667746089,Healthy
2.7328485282250474,50.674710663462534,58.26320119926595,11.331686801537144,1483.784351587542,6.208603974799158,Healthy
2.4482573268320182,57.051797766455195,66.98180742588997,9.931745691411884,1490.388287965157,5.929296598259268,Healthy
2.4393882896634285,84.90286197152255,68.27462393710074,12.46979220120393,1355.2302935606783,6.005971973792162,Overheating
6.588999122985644,51.72722123631529,88.19944083544674,12.993757308845288,1465.504340045909,5.9883413963588845,Bearing Wear
6.507437027478892,63.363028782322075,80.81561994587922,12.482226989912757,1460.1378085268504,6.115929819634793,Bearing Wear
5.008929226363912,67.72176932551129,78.88031412732796,12.278981184731792,1410.703701473803,6.272092857036025,Bearing Wear
2.796337120649746,57.62150925255931,54.723839749945824,12.094745015353823,1485.3090462923503,6.066447762467503,Healthy
2.233276660968473,57.627103057363165,55.6751302406745,9.786448549469716,1482.3140191550096,6.233096185861585,Healthy
2.082270897086982,52.24838522188753,56.99204044756881,8.80851159699208,1491.8520232876087,5.753609162354411,Healthy
2.1188719534887417,55.019670841138456,59.97194341635615,9.09503808068773,1485.3772511677419,5.874868537028838,Healthy
8.389562189279193,73.03190916359885,81.57516636733783,11.776629111615296,1497.9831071354051,5.677047019215357,Bearing Wear
2.3320727843287306,56.075957439517126,58.13590940676495,9.256579437741875,1479.7980211653357,6.263207737745551,Healthy
1.8277167304039672,105.57670596497942,63.55795473638025,15.387240002383418,1370.4985889116467,4.855664230069821,Overheating
6.602851900353921,73.1445589154272,85.18715474186149,11.624648054012042,1483.5406995559465,5.8007943284244625,Bearing Wear
3.555513660918619,54.95980746666979,56.52077443566884,10.480959767433502,1494.681778997705,6.12039338331236,Healthy
4.0375616738605205,80.14348327365377,69.29739308732817,12.227806525732166,1470.730071078656,3.8753833210091084,Valve/Leak
3.339245020981525,111.02018623084682,72.36648447777102,12.381889253039937,1379.2484527356246,4.734419866238469,Overheating
2.0569134336573778,49.03808146854164,68.20592865814601,11.157915456352118,1474.5701113286873,5.868675023863047,Healthy
9.05752875078595,64.40441255223678,78.63290116297793,11.548363279410365,1462.9357511611863,5.594531337465634,Bearing Wear
4.560238911022685,86.56381281701458,62.77162059968718,11.919512126758109,1366.536607522858,5.382129403147019,Overheating
7.623973079617604,70.90573769874356,86.79411448379061,11.539953330551015,1443.5617603837281,5.65972378095996,Bearing Wear
6.419009311207074,55.38254657220717,76.43970663265739,10.131269436419325,1419.8342707970353,5.275386840598601,Misalignment
7.333460839742045,72.74250614180956,77.88201089463512,12.61325792691118,1484.1932832689072,5.6025239841788785,Bearing Wear
1.55201740367701,66.61779566615692,71.62312130318882,14.146560885047116,1445.018055230601,5.5346930358783855,Valve/Leak
2.1086501869720857,79.72309626746421,62.48234121411555,13.394112430477444,1436.768973432628,3.521282775321152,Valve/Leak
1.8701115182769703,63.62836027280127,54.910332059937765,8.44035929835925,1470.406690315085,7.156203519893192,Healthy
2.276946506868284,57.93469605077956,57.57578279169132,12.729350273698566,1489.161708478397,6.14572651343412,Healthy
5.4721081316235445,64.72391848505082,83.52691665904435,13.486992327650192,1411.0584096178552,5.773058232385269,Bearing Wear
1.2128070961871553,52.45534180496556,62.71126059086517,8.516730354308516,1508.226691874179,6.1872181541729905,Healthy
2.0040940389750364,49.538390134632145,56.75151574812158,10.36185471300712,1466.9668959104383,6.075499629363781,Healthy
2.2257149565018275,57.63040298997952,51.86155672050166,10.067308536500985,1449.566641442193,5.255583609177319,Healthy
4.9578422935255215,76.65232771814948,78.35262426194201,13.730099846228432,1465.1360846075706,4.647695808367171,Valve/Leak
2.2352573083653873,60.88548906212417,63.49710861004888,11.242779965036668,1483.6520031925731,6.676832260732214,Healthy
9.541230916010583,73.44164453436493,82.69632246503949,10.231304723805781,1425.7602690078832,5.416255333497374,Bearing Wear
4.726041664286802,71.46379224346961,75.55361437202164,11.070149678857694,1395.0383951250817,5.592384918563763,Misalignment
2.8089025702387302,47.911416781200685,53.290481284670754,11.413173392072045,1487.7512931763947,6.048294714984032,Healthy
8.1446804479134,70.59925190046185,75.73879153589304,13.09978480856333,1462.6703162992985,6.268621338981514,Bearing Wear
2.4894606716900296,74.3525333082851,64.33293060074841,10.176588996513082,1464.9332644684218,4.647503816550118,Valve/Leak
7.657762152705343,72.4202050859073,85.06297214557618,12.203944735045628,1490.474143359887,5.414299769442548,Bearing Wear
